player_id,player_display_name,team,season,position,projected_games_played,projected_ppr_per_game,projected_ppr,projected_receptions,projected_half_ppr,projected_half_ppr_per_game,ci_low,ci_high,position_rank,is_rookie,draft_round,draft_pick,is_sleeper,baseline_pts,baseline_rank,vbd,vbd_rank_overall,tier,consensus_rank,rank_diff,label
00-0036223,Jonathan Taylor,IND,2026.0,RB,,12.221149439762751,195.53839103620402,37.01110858580415,177.03283674330194,11.064552296456371,175.33416425304165,229.1296456165562,10.0,False,,,,140.47225277127183,24.0,55.06613826493219,28,3,4.03,-23.97,bust
00-0039067,Rashee Rice,KC,2026.0,WR,,12.365525245666504,197.84840393066406,67.39424133300781,164.15128326416016,10.25945520401001,169.60336303710938,218.4598388671875,18.0,False,,,,145.698974609375,36.0,52.14942932128906,30,3,10.71,-19.29,bust
00-0038597,Chase Brown,CIN,2026.0,RB,,11.855126197320153,189.68201915712245,36.484968260230474,171.43953502700722,10.714970939187952,179.08551835307514,220.07271621933873,12.0,False,,,,140.47225277127183,24.0,49.20976638585063,33,3,7.65,-25.35,bust
00-0039851,Drake Maye,NE,2026.0,QB,14.923705,20.882164001464844,311.6392517089844,0.4851378798484802,311.39668276906013,19.46229267306626,273.692138671875,325.0917053222656,2.0,False,,,,262.61468505859375,12.0,49.024566650390625,34,1,3.08,-30.92,bust
00-0036355,Justin Herbert,LAC,2026.0,QB,16.361116,18.98470115661621,310.61090087890625,0.09893451631069183,310.5614336207509,19.41008960129693,278.2872009277344,329.877197265625,3.0,False,,,,262.61468505859375,12.0,47.9962158203125,35,1,8.17,-26.83,bust
00-0038134,Kenneth Walker III,KC,2026.0,RB,,11.408115470554632,182.52984752887411,28.579036643036748,168.24032920735573,10.515020575459733,160.6681406674656,218.37742030922476,14.0,False,,,,140.47225277127183,24.0,42.05759475760229,38,3,11.12,-26.880000000000003,bust
00-0036322,Justin Jefferson,MIN,2026.0,WR,,11.719593048095703,187.51348876953125,69.83222198486328,152.5973777770996,9.537336111068726,159.91619873046875,250.75668334960938,21.0,False,,,,145.698974609375,36.0,41.81451416015625,39,4,5.71,-33.29,bust
00-0040128,Tyler Warren,IND,2026.0,TE,,11.13847541809082,178.21560668945312,73.6489028930664,141.39115524291992,8.836947202682495,154.38084411621094,200.2239227294922,1.0,False,,,,140.54624938964844,12.0,37.66935729980469,42,1,4.09,-37.91,bust
00-0040126,Colston Loveland,CHI,2026.0,TE,,11.035810470581055,176.57296752929688,73.9568862915039,139.59452438354492,8.724657773971558,151.1722412109375,187.86647033691406,3.0,False,,,,140.54624938964844,12.0,36.02671813964844,45,1,3.19,-41.81,bust
00-0033090,Hunter Henry,NE,2026.0,TE,,10.667657852172852,170.68252563476562,63.35905838012695,139.00299644470215,8.687687277793884,130.80108642578125,174.27130126953125,4.0,False,,,,140.54624938964844,12.0,30.136276245117188,47,1,18.75,-28.25,bust
00-0036971,Trevor Lawrence,JAX,2026.0,QB,14.914669,19.590818405151367,292.1905822753906,0.2108410894870758,292.0851617306471,18.255322608165443,268.6827392578125,320.69708251953125,4.0,False,,,,262.61468505859375,12.0,29.575897216796875,48,1,9.72,-38.28,bust
00-0040734,TreVeyon Henderson,NE,2026.0,RB,,10.349389266967775,165.5902282714844,28.90134563446045,151.13955545425415,9.446222215890884,143.20881988525392,194.36431304931642,16.0,False,,,,140.47225277127183,24.0,25.117975500212566,50,3,21.91,-28.09,bust
00-0034857,Josh Allen,BUF,2026.0,QB,15.870506,18.122995376586914,287.6211242675781,0.2837812602519989,287.4792336374521,17.967452102340758,283.631591796875,330.03814697265625,5.0,False,,,,262.61468505859375,12.0,25.006439208984375,51,1,1.03,-49.97,bust
00-0039915,Ladd McConkey,LAC,2026.0,WR,,10.606810569763184,169.70896911621094,61.200904846191406,139.10851669311523,8.694282293319702,147.50453186035156,187.49270629882812,26.0,False,,,,145.698974609375,36.0,24.009994506835938,52,4,18.65,-33.35,bust
00-0037744,Trey McBride,ARI,2026.0,TE,,10.26755142211914,164.28082275390625,56.38983917236328,136.0859031677246,8.505368947982788,126.68412780761719,189.0818328857422,5.0,False,,,,140.54624938964844,12.0,23.734573364257812,53,1,1.28,-51.72,bust
00-0040666,Omarion Hampton,LAC,2026.0,RB,,10.19490439414978,163.1184703063965,36.46081104278564,144.88806478500368,9.05550404906273,156.27367584228517,203.70632629394532,17.0,False,,,,140.47225277127183,24.0,22.646217535124663,54,3,9.35,-44.65,bust
00-0037240,Jameson Williams,DET,2026.0,WR,,10.480828285217285,167.69325256347656,58.398799896240234,138.49385261535645,8.655865788459778,152.37655639648438,191.02015686035156,27.0,False,,,,145.698974609375,36.0,21.994277954101562,55,4,25.5,-29.5,bust
00-0036442,Joe Burrow,CIN,2026.0,QB,15.719637,18.074981689453125,284.13214111328125,0.31460127234458923,283.97484047710896,17.74842752981931,258.927001953125,288.44952392578125,6.0,False,,,,262.61468505859375,12.0,21.5174560546875,56,1,4.53,-51.47,bust
00-0036040,Juwan Johnson,NO,2026.0,TE,,10.124975204467773,161.99960327148438,64.83512115478516,129.5820426940918,8.098877668380737,137.38824462890625,181.1910400390625,6.0,False,,,,140.54624938964844,12.0,21.453353881835938,57,1,16.0,-41.0,bust
00-0039338,Brock Bowers,LV,2026.0,TE,,10.0288724899292,160.4619598388672,52.963993072509766,133.9799633026123,8.373747706413269,132.0921173095703,184.15037536621094,7.0,False,,,,140.54624938964844,12.0,19.91571044921875,58,1,1.72,-56.28,bust
00-0037664,Alec Pierce,IND,2026.0,WR,,10.268484115600586,164.29574584960938,50.19984817504883,139.19582176208496,8.69973886013031,139.29855346679688,183.28724670410156,28.0,False,,,,145.698974609375,36.0,18.596771240234375,61,4,36.76,-24.240000000000002,bust
,Jadarian Price,SEA,,RB,,,158.60724461146765,,,,,,,True,1.0,32.0,False,140.47225277127183,24.0,18.134991840195823,63,4,29.88,-33.120000000000005,bust
,Carnell Tate,TEN,,WR,,,162.52055731546653,,,,,,,True,1.0,4.0,True,145.698974609375,36.0,16.821582706091533,64,4,33.33,-30.67,bust
00-0031408,Mike Evans,SF,2026.0,WR,,10.035233497619629,160.56373596191406,45.832305908203125,137.6475830078125,8.602973937988281,109.72453308105469,152.9750518798828,30.0,False,,,,145.698974609375,36.0,14.864761352539062,65,4,24.5,-40.5,bust
00-0039918,Caleb Williams,CHI,2026.0,QB,13.934372,19.669208526611328,274.07806396484375,0.26810428500175476,273.9440118223429,17.12150073889643,241.9148712158203,286.9665222167969,8.0,False,,,,262.61468505859375,12.0,11.46337890625,66,1,9.14,-56.86,bust
00-0035710,Daniel Jones,IND,2026.0,QB,16.132803,16.977445602416992,273.893798828125,0.4450179934501648,273.6712898313999,17.104455614462495,241.63174438476562,277.42059326171875,9.0,False,,,,262.61468505859375,12.0,11.27911376953125,67,1,25.72,-41.28,bust
00-0030506,Travis Kelce,KC,2026.0,TE,,9.38000202178955,150.0800323486328,63.58439636230469,118.28783416748047,7.392989635467529,119.6496810913086,170.76780700683594,8.0,False,,,,140.54624938964844,12.0,9.533782958984375,69,2,12.06,-56.94,bust
00-0037834,Brock Purdy,SF,2026.0,QB,15.209051,17.85829734802246,271.6077575683594,0.037638626992702484,271.588938254863,16.97430864092894,256.1230163574219,297.08697509765625,10.0,False,,,,262.61468505859375,12.0,8.993072509765625,70,1,11.75,-58.25,bust
00-0036875,Rhamondre Stevenson,NE,2026.0,RB,,9.24168533073232,147.86696529171712,20.860578908952924,137.43667583724067,8.589792239827542,122.97390831907508,166.837062409053,19.0,False,,,,140.47225277127183,24.0,7.394712520445296,71,4,30.56,-40.44,bust
00-0039793,AJ Barner,SEA,2026.0,TE,,9.161223411560059,146.57957458496094,50.98292922973633,121.08810997009277,7.568006873130798,103.802978515625,150.84376525878906,9.0,False,,,,140.54624938964844,12.0,6.0333251953125,72,2,24.53,-47.47,bust
00-0036389,Jalen Hurts,PHI,2026.0,QB,14.613957,18.37710952758789,268.5622863769531,0.31087401509284973,268.4068493694067,16.77542808558792,257.587890625,298.6161804199219,11.0,False,,,,262.61468505859375,12.0,5.947601318359375,73,1,5.83,-67.17,bust
00-0040236,Kyle Monangai,CHI,2026.0,RB,,9.141143913269044,146.2583026123047,30.375813674926757,131.0703957748413,8.191899735927581,119.10447654724122,158.32852081298827,20.0,False,,,,140.47225277127183,24.0,5.786049841032877,74,4,32.76,-41.24,bust
00-0039849,Marvin Harrison Jr.,ARI,2026.0,WR,,9.441938400268555,151.07101440429688,52.48992156982422,124.82605361938477,7.801628351211548,126.26336669921875,180.2562713623047,32.0,False,,,,145.698974609375,36.0,5.372039794921875,75,5,33.29,-41.71,bust
00-0035700,Josh Jacobs,GB,2026.0,RB,,8.978682954978812,143.658927279661,33.33605315423191,126.99090070254503,7.936931293909065,104.99377508279642,172.26943191946083,21.0,False,,,,140.47225277127183,24.0,3.18667450838916,76,4,13.24,-62.76,bust
00-0037816,Romeo Doubs,NE,2026.0,WR,,9.288606643676758,148.61770629882812,51.512428283691406,122.86149215698242,7.678843259811401,114.06123352050781,165.91114807128906,33.0,False,,,,145.698974609375,36.0,2.918731689453125,77,5,52.76,-24.240000000000002,bust
00-0039065,Sam LaPorta,DET,2026.0,TE,,8.954415321350098,143.27064514160156,51.678096771240234,117.43159675598145,7.33947479724884,115.89314270019531,156.7605743408203,10.0,False,,,,140.54624938964844,12.0,2.724395751953125,78,2,7.44,-70.56,bust
00-0033288,George Kittle,SF,2026.0,TE,,8.9292573928833,142.8681182861328,54.227230072021484,115.75450325012207,7.234656453132629,108.9395523071289,171.38336181640625,11.0,False,,,,140.54624938964844,12.0,2.321868896484375,79,2,13.19,-65.81,bust
00-0034348,Courtland Sutton,DEN,2026.0,WR,,9.194034576416016,147.10455322265625,55.92597198486328,119.14156723022461,7.446347951889038,138.99842834472656,180.13009643554688,34.0,False,,,,145.698974609375,36.0,1.40557861328125,80,5,33.68,-46.32,bust
00-0034855,Baker Mayfield,TB,2026.0,QB,14.177828,18.52291488647461,262.61468505859375,0.2839043438434601,262.472732886672,16.404545805417,229.0431365966797,260.18133544921875,12.0,False,,,,262.61468505859375,12.0,0.0,81,1,19.5,-61.5,bust
00-0035261,Tony Pollard,TEN,2026.0,RB,,8.77951579820449,140.47225277127183,21.982209984128563,129.48114777920756,8.092571736200473,115.6238900261787,162.1289035824796,22.0,False,,,,140.47225277127183,24.0,0.0,82,4,31.21,-50.79,bust
00-0034753,Mark Andrews,BAL,2026.0,TE,,8.784140586853027,140.54624938964844,44.8510856628418,118.12070655822754,7.382544159889221,104.94815826416016,139.9295196533203,12.0,False,,,,140.54624938964844,12.0,0.0,83,2,17.44,-65.56,bust
00-0038124,Christian Watson,GB,2026.0,WR,,9.106185913085938,145.698974609375,53.2096061706543,119.09417152404785,7.443385720252991,122.2613525390625,163.52667236328125,35.0,False,,,,145.698974609375,36.0,0.0,84,5,29.18,-54.82,bust
00-0040189,Oronde Gadsden II,LAC,2026.0,TE,,8.752228736877441,140.03565979003906,53.65242004394531,113.2094497680664,7.07559061050415,123.22541809082031,155.80084228515625,13.0,False,,,,140.54624938964844,12.0,-0.510589599609375,85,2,12.63,-72.37,bust
00-0031381,Davante Adams,LA,2026.0,WR,,9.04255199432373,144.6808319091797,52.370216369628906,118.49572372436523,7.405982732772827,144.701171875,210.3546600341797,36.0,False,,,,145.698974609375,36.0,-1.0181427001953125,86,5,22.35,-63.65,bust
00-0037261,Khalil Shakir,BUF,2026.0,WR,,8.970168113708496,143.52268981933594,50.18171310424805,118.43183326721191,7.401989579200745,107.25389099121094,171.01927185058594,37.0,False,,,,145.698974609375,36.0,-2.1762847900390625,87,5,48.21,-38.79,bust
00-0038606,Parker Washington,JAX,2026.0,WR,,8.911802291870117,142.58883666992188,43.815425872802734,120.68112373352051,7.542570233345032,108.99201202392578,151.09564208984375,38.0,False,,,,145.698974609375,36.0,-3.110137939453125,88,5,43.21,-44.79,bust
00-0037228,Jaylen Warren,PIT,2026.0,RB,,8.510201056909269,136.1632169105483,27.482608457718054,122.42191268168926,7.651369542605579,128.84301199879735,172.72897490703107,23.0,False,,,,140.47225277127183,24.0,-4.309035860723526,89,4,26.12,-62.879999999999995,bust
00-0032764,Derrick Henry,BAL,2026.0,RB,,8.45333185806248,135.25330972899968,20.820495451092306,124.84306200345353,7.802691375215845,126.05600760457938,167.52577260126398,24.0,False,,,,140.47225277127183,24.0,-5.218943042272144,90,4,14.76,-75.24,bust
00-0036997,Javonte Williams,DAL,2026.0,RB,,8.452098866311921,135.23358186099074,21.186236129201987,124.64046379638975,7.7900289872743596,134.07088345276338,175.31722075893813,25.0,False,,,,140.47225277127183,24.0,-5.238670910281087,91,4,16.97,-74.03,bust
00-0034827,DJ Moore,BUF,2026.0,WR,,8.733885765075684,139.74217224121094,53.656471252441406,112.91393661499023,7.05712103843689,125.17964935302734,173.56504821777344,39.0,False,,,,145.698974609375,36.0,-5.9568023681640625,92,5,27.62,-64.38,bust
00-0034960,Jakobi Meyers,JAX,2026.0,WR,,8.689791679382324,139.0366668701172,45.76203536987305,116.15564918518066,7.2597280740737915,108.51576232910156,157.7559051513672,40.0,False,,,,145.698974609375,36.0,-6.6623077392578125,93,5,37.47,-55.53,bust
00-0034844,Saquon Barkley,PHI,2026.0,RB,,8.35313777641594,133.65020442265504,21.021332947145495,123.1395379490823,7.6962211218176435,122.10766044538369,170.95428686655032,26.0,False,,,,140.47225277127183,24.0,-6.822048348616789,94,4,9.82,-84.18,bust
00-0034796,Lamar Jackson,BAL,2026.0,QB,14.796655,17.240629196166992,255.1036376953125,0.3899862468242645,254.90864457190037,15.931790285743773,228.0822296142578,272.94732666015625,13.0,False,,,,262.61468505859375,12.0,-7.51104736328125,95,1,2.42,-92.58,bust
00-0040730,RJ Harvey,DEN,2026.0,RB,,8.234201672578168,131.7472267612507,38.767431370489085,112.36351107600616,7.022719442250385,116.63058606961752,166.9763250180975,28.0,False,,,,140.47225277127183,24.0,-8.72502601002114,97,4,26.21,-70.78999999999999,bust
00-0034351,Dallas Goedert,PHI,2026.0,TE,,8.21739673614502,131.4783477783203,49.32393264770508,106.81638145446777,6.676023840904236,106.26624298095703,147.95884704589844,14.0,False,,,,140.54624938964844,12.0,-9.067901611328125,98,3,14.84,-83.16,bust
00-0038559,Michael Wilson,ARI,2026.0,WR,,8.482720375061035,135.72352600097656,52.483177185058594,109.48193740844727,6.842621088027954,135.20355224609375,171.4354248046875,41.0,False,,,,145.698974609375,36.0,-9.975448608398438,99,5,34.71,-64.28999999999999,bust
00-0035640,DK Metcalf,PIT,2026.0,WR,,8.482131004333496,135.71409606933594,48.78156280517578,111.32331466674805,6.957707166671753,118.999755859375,167.35108947753906,42.0,False,,,,145.698974609375,36.0,-9.984878540039062,100,5,34.88,-65.12,bust
00-0040242,Jacory Croskey-Merritt,WAS,2026.0,RB,,8.13479928167449,130.15678850679183,13.89237412476197,123.21060144441084,7.700662590275678,103.96989955523502,151.54807758840448,29.0,False,,,,140.47225277127183,24.0,-10.31546426448,101,4,39.71,-61.29,bust
00-0040179,DJ Giddens,IND,2026.0,RB,,8.122631731033325,129.9621076965332,10.053478994369508,124.93536819934846,7.808460512459279,64.31367794036865,134.1315362548828,30.0,False,,,,140.47225277127183,24.0,-10.510145074738631,102,4,80.89,-21.11,bust
00-0037545,Rashid Shaheed,SEA,2026.0,WR,,8.44131851196289,135.06109619140625,48.89022445678711,110.6159839630127,6.9134989976882935,112.17697143554688,148.28587341308594,43.0,False,,,,145.698974609375,36.0,-10.63787841796875,103,5,60.41,-42.59,bust
00-0040691,Jaxson Dart,NYG,2026.0,QB,14.291481,17.497699737548828,250.0680389404297,0.040271010249853134,250.04790343530476,15.627993964706548,230.35435485839844,278.4530029296875,14.0,False,,,,262.61468505859375,12.0,-12.546646118164062,105,1,8.69,-96.31,bust
,Omar Cooper Jr.,NYJ,,WR,,,132.5181311680056,,,,,,,True,1.0,30.0,False,145.698974609375,36.0,-13.180843441369404,106,5,65.0,-41.0,bust
,Kenyon Sadiq,NYJ,,TE,,,126.19706048583986,,,,,,,True,1.0,16.0,False,140.54624938964844,12.0,-14.349188903808582,107,3,23.35,-83.65,bust
00-0038935,Brenton Strange,JAX,2026.0,TE,,7.847786903381348,125.56459045410156,59.31233215332031,95.9084243774414,5.994276523590088,98.17420196533203,140.29600524902344,15.0,False,,,,140.54624938964844,12.0,-14.981658935546875,108,3,16.91,-91.09,bust
00-0035719,Deebo Samuel Sr.,SF,2026.0,WR,,8.141980171203613,130.2716827392578,49.647640228271484,105.44786262512207,6.590491414070129,113.84779357910156,159.79739379882812,45.0,False,,,,145.698974609375,36.0,-15.427291870117188,109,5,61.21,-47.79,bust
00-0040586,Jaydon Blue,PHI,2026.0,RB,,7.799006299972534,124.78410079956055,23.42750213623047,113.07034973144532,7.066896858215332,72.24945655822754,129.85668106079103,31.0,False,,,,140.47225277127183,24.0,-15.688151971711278,110,5,80.4,-29.599999999999994,bust
00-0039738,Blake Corum,LA,2026.0,RB,,7.738246422672336,123.81194276275738,14.513659067134347,116.55511322919021,7.284694576824388,89.54382168565523,128.74610149427932,33.0,False,,,,140.47225277127183,24.0,-16.660310008514443,112,5,36.91,-75.09,bust
00-0038933,Dalton Kincaid,BUF,2026.0,TE,,7.714568138122559,123.43309020996094,40.477420806884766,103.19437980651855,6.44964873790741,102.48129272460938,140.13328552246094,16.0,False,,,,140.54624938964844,12.0,-17.1131591796875,113,3,11.34,-101.66,bust
00-0030061,Zach Ertz,WAS,2026.0,TE,,7.675398826599121,122.80638122558594,41.290748596191406,102.16100692749023,6.38506293296814,92.66820526123047,137.75332641601562,17.0,False,,,,140.54624938964844,12.0,-17.7398681640625,114,3,47.4,-66.6,bust
,Jordyn Tyson,NO,,WR,,,127.66089239847435,,,,,,,True,1.0,8.0,False,145.698974609375,36.0,-18.038082210900654,115,5,38.3,-76.7,bust
00-0035685,David Montgomery,HOU,2026.0,RB,,7.607974727540536,121.72759564064857,23.024063517996744,110.2155638816502,6.888472742603137,97.12599826528144,129.37972408088407,34.0,False,,,,140.47225277127183,24.0,-18.744657130623253,116,5,23.29,-92.71000000000001,bust
00-0036407,Jerry Jeudy,CLE,2026.0,WR,,7.9077067375183105,126.52330780029297,48.2318229675293,102.40739631652832,6.40046226978302,94.61614227294922,140.7073974609375,46.0,False,,,,145.698974609375,36.0,-19.17566680908203,117,6,62.06,-54.94,bust
00-0039847,Theo Johnson,NYG,2026.0,TE,,7.580377101898193,121.2860336303711,55.02899932861328,93.77153396606445,5.860720872879028,100.24313354492188,152.58447265625,18.0,False,,,,140.54624938964844,12.0,-19.260215759277344,118,3,32.81,-85.19,bust
00-0030279,Keenan Allen,IND,2026.0,WR,,7.88241720199585,126.1186752319336,51.4345817565918,100.4013843536377,6.275086522102356,111.69983673095703,151.8223876953125,47.0,False,,,,145.698974609375,36.0,-19.580299377441406,119,6,95.66,-23.340000000000003,bust
00-0035659,Terry McLaurin,WAS,2026.0,WR,,7.875280857086182,126.0044937133789,48.72871780395508,101.64013481140137,6.3525084257125854,108.89892578125,152.71926879882812,48.0,False,,,,145.698974609375,36.0,-19.694480895996094,120,6,22.32,-97.68,bust
00-0040663,Harold Fannin Jr.,CLE,2026.0,TE,,7.485991477966309,119.77586364746094,46.390987396240234,96.58036994934082,6.036273121833801,118.04658508300781,154.5338134765625,19.0,False,,,,140.54624938964844,12.0,-20.7703857421875,121,3,6.25,-114.75,bust
00-0040735,Luther Burden III,CHI,2026.0,WR,,7.726638317108154,123.62621307373047,45.314430236816406,100.96899795532227,6.310562372207642,102.63556671142578,139.982421875,49.0,False,,,,145.698974609375,36.0,-22.07276153564453,123,6,20.38,-102.62,bust
00-0038996,Tucker Kraft,GB,2026.0,TE,,7.374197006225586,117.98715209960938,38.967872619628906,98.50321578979492,6.156450986862183,100.73731231689453,142.58241271972656,20.0,False,,,,140.54624938964844,12.0,-22.559097290039062,124,3,5.72,-118.28,bust
00-0033906,Alvin Kamara,NO,2026.0,RB,,7.329668276549855,117.27469242479768,29.81019279419927,102.36959602769804,6.398099751731127,87.88378747630658,137.32865085390316,36.0,False,,,,140.47225277127183,24.0,-23.197560346474148,125,5,47.79,-77.21000000000001,bust
00-0034383,Dalton Schultz,HOU,2026.0,TE,,7.281012535095215,116.49620056152344,61.571529388427734,85.71043586730957,5.356902241706848,108.85924530029297,154.29428100585938,21.0,False,,,,140.54624938964844,12.0,-24.050048828125,126,3,20.38,-105.62,bust
00-0036158,J.K. Dobbins,DEN,2026.0,RB,,7.24159596134097,115.86553538145552,15.11336769784174,108.30885153253465,6.769303220783415,93.29570086166517,133.54030019907654,37.0,False,,,,140.47225277127183,24.0,-24.60671738981631,127,5,37.18,-89.82,bust
,KC Concepcion,CLE,,WR,,,120.87515021097434,,,,,,,True,1.0,24.0,False,145.698974609375,36.0,-24.82382439840066,128,6,54.54,-73.46000000000001,bust
00-0040162,Dylan Sampson,CLE,2026.0,RB,,7.194894428253174,115.11831085205078,45.25836360931397,92.4891290473938,5.780570565462113,91.0261792755127,143.86702911376955,38.0,False,,,,140.47225277127183,24.0,-25.353941919221043,129,5,47.21,-81.78999999999999,bust
00-0039874,Jaylen Wright,MIA,2026.0,RB,,7.18501166343689,114.96018661499023,17.496976871490478,106.211698179245,6.638231136202813,89.60299041748047,134.25585418701172,39.0,False,,,,140.47225277127183,24.0,-25.51206615628159,130,5,64.06,-65.94,bust
,Germie Bernard,PIT,,WR,,,120.16955288954912,,,,,,,True,2.0,47.0,False,145.698974609375,36.0,-25.529421719825876,131,6,85.29,-45.709999999999994,bust
,De'Zhaun Stribling,SF,,WR,,,119.92347287245927,,,,,,,True,2.0,33.0,False,145.698974609375,36.0,-25.77550173691573,132,6,90.9,-41.099999999999994,bust
00-0038997,Josh Downs,IND,2026.0,WR,,7.475823879241943,119.6131820678711,36.73672866821289,101.24481773376465,6.3278011083602905,85.81056213378906,128.79312133789062,50.0,False,,,,145.698974609375,36.0,-26.085792541503906,133,6,45.18,-87.82,bust
00-0040142,Kaleb Johnson,GB,2026.0,RB,,7.068709173202515,113.09934677124023,13.632346296310425,106.28317362308502,6.642698351442814,53.07028007507324,140.95509765625,40.0,False,,,,140.47225277127183,24.0,-27.37290600003159,134,5,70.55,-63.45,bust
00-0038563,Tre Tucker,LV,2026.0,WR,,7.375116348266602,118.00186157226562,43.270606994628906,96.36655807495117,6.022909879684448,99.6082992553711,147.4954376220703,51.0,False,,,,145.698974609375,36.0,-27.697113037109375,136,6,72.3,-63.7,bust
00-0038129,Cade Otton,TB,2026.0,TE,,6.860922813415527,109.77476501464844,48.779869079589844,85.38483047485352,5.336551904678345,99.47427368164062,131.91416931152344,22.0,False,,,,140.54624938964844,12.0,-30.771484375,137,3,28.87,-108.13,bust
00-0040583,Woody Marks,HOU,2026.0,RB,,6.766147087721854,108.25835340354966,27.24258202394176,94.63706239157878,5.914816399473674,98.84975880381998,132.02998009902984,42.0,False,,,,140.47225277127183,24.0,-32.21389936772216,138,5,43.97,-94.03,bust
00-0036259,Jauan Jennings,MIN,2026.0,WR,,7.087586879730225,113.4013900756836,45.43363952636719,90.6845703125,5.66778564453125,101.80979919433594,149.01060485839844,52.0,False,,,,145.698974609375,36.0,-32.297584533691406,139,6,58.94,-80.06,bust
00-0035229,T.J. Hockenson,MIN,2026.0,TE,,6.64923095703125,106.3876953125,36.774288177490234,88.00055122375488,5.50003445148468,69.70482635498047,127.26582336425781,23.0,False,,,,140.54624938964844,12.0,-34.15855407714844,140,4,21.75,-118.25,bust
00-0037256,Rachaad White,WAS,2026.0,RB,,6.6007522461497565,105.6120359383961,27.780785328671183,91.72164327406051,5.732602704628782,88.27323091557874,121.36367964319625,43.0,False,,,,140.47225277127183,24.0,-34.86021683287572,141,5,39.24,-101.75999999999999,bust
00-0037809,Chig Okonkwo,WAS,2026.0,TE,,6.59407901763916,105.50526428222656,48.16379928588867,81.42336463928223,5.088960289955139,89.20277404785156,132.09677124023438,24.0,False,,,,140.54624938964844,12.0,-35.040985107421875,142,4,20.78,-121.22,bust
00-0039384,Tyrone Tracy Jr.,NYG,2026.0,RB,,6.534792253251439,104.55667605202302,27.333984649196054,90.889683727425,5.680605232964062,101.11161405496775,132.33347977687203,44.0,False,,,,140.47225277127183,24.0,-35.915576719248804,143,5,43.5,-99.5,bust
00-0033885,David Njoku,LAC,2026.0,TE,,6.483571529388428,103.73714447021484,37.866275787353516,84.80400657653809,5.30025041103363,69.66756439208984,104.0186767578125,25.0,False,,,,140.54624938964844,12.0,-36.809104919433594,144,4,28.19,-115.81,bust
00-0039916,Ricky Pearsall,SF,2026.0,WR,,6.794951438903809,108.71922302246094,28.63307762145996,94.40268421173096,5.900167763233185,70.21647644042969,116.1390380859375,53.0,False,,,,145.698974609375,36.0,-36.97975158691406,145,6,42.53,-102.47,bust
00-0040237,Tez Johnson,TB,2026.0,WR,,6.770681381225586,108.33090209960938,38.38211441040039,89.13984489440918,5.571240305900574,77.73258972167969,111.99718475341797,54.0,False,,,,145.698974609375,36.0,-37.368072509765625,146,6,111.61,-34.39,bust
00-0033881,Evan Engram,DEN,2026.0,TE,,6.403622627258301,102.45796203613281,42.023258209228516,81.44633293151855,5.09039580821991,85.04808807373047,114.94401550292969,26.0,False,,,,140.54624938964844,12.0,-38.088287353515625,147,4,31.58,-115.42,bust
00-0033553,James Conner,ARI,2026.0,RB,,6.367349497963516,101.87759196741625,28.89829611045216,87.42844391219018,5.464277744511886,79.43905730396979,129.8468081503156,45.0,False,,,,140.47225277127183,24.0,-38.594660803855575,148,5,49.44,-98.56,bust
00-0040581,Dont'e Thornton Jr.,LV,2026.0,WR,,6.622471809387207,105.95954895019531,34.07365798950195,88.92271995544434,5.557669997215271,47.692928314208984,135.17132568359375,55.0,False,,,,145.698974609375,36.0,-39.73942565917969,149,6,116.0,-33.0,bust
00-0036894,Pat Freiermuth,PIT,2026.0,TE,,6.299429893493652,100.79087829589844,42.88486862182617,79.34844398498535,4.9592777490615845,99.25769805908203,130.00241088867188,27.0,False,,,,140.54624938964844,12.0,-39.75537109375,150,4,31.0,-119.0,bust
,Fernando Mendoza,LV,,QB,,,222.37266540527344,,,,,,,True,1.0,1.0,False,262.61468505859375,12.0,-40.24201965332031,151,2,29.03,-121.97,bust
00-0038555,Tank Bigsby,PHI,2026.0,RB,,6.249167566299438,99.98668106079101,18.491952533721925,90.74070479393005,5.671294049620628,73.87022605895996,103.6408267211914,46.0,False,,,,140.47225277127183,24.0,-40.48557171048081,152,5,58.06,-93.94,bust
00-0040584,Gunnar Helm,TEN,2026.0,TE,,6.217685222625732,99.48296356201172,43.47486877441406,77.74552917480469,4.859095573425293,75.96277618408203,110.71807861328125,28.0,False,,,,140.54624938964844,12.0,-41.06328582763672,153,4,26.94,-126.06,bust
00-0039165,Zach Charbonnet,SEA,2026.0,RB,,6.157056641232716,98.51290625972345,10.75098165610651,93.13741543167019,5.821088464479387,75.8110432505624,133.26429613796185,47.0,False,,,,140.47225277127183,24.0,-41.959346511548375,154,6,43.06,-110.94,bust
00-0040719,Bhayshul Tuten,JAX,2026.0,RB,,6.150189628601074,98.40303405761719,20.08029878616333,88.36288466453553,5.5226802915334705,77.18348754882813,130.4561496734619,48.0,False,,,,140.47225277127183,24.0,-42.069218713654635,155,6,27.06,-127.94,bust
00-0036555,Chuba Hubbard,CAR,2026.0,RB,,6.092173830478832,97.47478128766132,17.984273740349362,88.48264441748664,5.530165276092915,73.84898361159055,106.55097878160417,49.0,False,,,,140.47225277127183,24.0,-42.99747148361051,156,6,26.76,-129.24,bust
00-0040202,Devin Neal,NO,2026.0,RB,,6.070789113044739,97.13262580871583,17.535120944976807,88.36506533622742,5.522816583514214,64.5523691558838,114.12388526916504,50.0,False,,,,140.47225277127183,24.0,-43.339626962556,157,6,69.72,-87.28,bust
00-0040590,Konata Mumpfield,LA,2026.0,WR,,6.367990016937256,101.8878402709961,32.62352752685547,85.57607650756836,5.3485047817230225,62.651676177978516,110.02734375,56.0,False,,,,145.698974609375,36.0,-43.811134338378906,158,6,104.18,-53.81999999999999,bust
00-0039032,Tyjae Spears,TEN,2026.0,RB,,5.98401450331451,95.74423205303216,37.184272429526956,77.15209583826868,4.822005989891792,78.05700788415677,114.49066337491453,51.0,False,,,,140.47225277127183,24.0,-44.72802071823966,159,6,46.0,-113.0,bust
00-0039901,Keon Coleman,BUF,2026.0,WR,,6.235385417938232,99.76616668701172,25.36658477783203,87.0828742980957,5.4426796436309814,82.32301330566406,121.39177703857422,57.0,False,,,,145.698974609375,36.0,-45.93280792236328,160,6,91.57,-68.43,bust
00-0039894,Xavier Worthy,KC,2026.0,WR,,6.23391580581665,99.7426528930664,39.76331329345703,79.86099624633789,4.991312265396118,91.4581527709961,132.60255432128906,58.0,False,,,,145.698974609375,36.0,-45.956321716308594,161,6,52.47,-108.53,bust
00-0038041,Jake Ferguson,DAL,2026.0,TE,,5.896529674530029,94.34447479248047,39.59061050415039,74.54916954040527,4.65932309627533,84.38969421386719,127.93316650390625,29.0,False,,,,140.54624938964844,12.0,-46.20177459716797,162,4,11.5,-150.5,bust
,Malachi Fields,NYG,,WR,,,99.04449429263708,,,,,,,True,3.0,74.0,True,145.698974609375,36.0,-46.65448031673792,163,6,92.29,-70.71,bust
00-0033106,Jared Goff,DET,2026.0,QB,12.179439,17.59942054748535,214.35105895996094,0.32048842310905457,214.1908147484064,13.3869259217754,197.1737518310547,217.9115447998047,15.0,False,,,,262.61468505859375,12.0,-48.26362609863281,165,2,17.14,-147.86,bust
,Mike Washington Jr.,LV,,RB,,,91.47000360576924,,,,,,,True,4.0,122.0,True,140.47225277127183,24.0,-49.00224916550259,166,6,59.5,-106.5,bust
00-0038621,DeMario Douglas,NE,2026.0,WR,,6.0236687660217285,96.37870025634766,31.6915225982666,80.53293895721436,5.033308684825897,76.38580322265625,110.6898193359375,59.0,False,,,,145.698974609375,36.0,-49.320274353027344,167,6,120.67,-46.33,bust
00-0039875,Ray Davis,BUF,2026.0,RB,,5.6666943425368475,90.66710948058956,19.35198305137838,80.99111795490037,5.061944872181273,76.37741659881154,109.09291338221493,53.0,False,,,,140.47225277127183,24.0,-49.80514329068227,168,6,62.29,-105.71000000000001,bust
00-0039880,Malik Washington,MIA,2026.0,WR,,5.9904069900512695,95.84651184082031,27.91205406188965,81.89048480987549,5.118155300617218,69.56495666503906,108.11250305175781,60.0,False,,,,145.698974609375,36.0,-49.85246276855469,169,6,90.0,-79.0,bust
00-0040644,Trevor Etienne,CAR,2026.0,RB,,5.609684610366822,89.75495376586915,21.1190470123291,79.1954302597046,4.949714391231537,48.75092346191406,126.12231025695802,55.0,False,,,,140.47225277127183,24.0,-50.71729900540268,171,6,92.3,-78.7,bust
,Makai Lemon,PHI,,WR,,,94.48929281961694,,,,,,,True,1.0,20.0,False,145.698974609375,36.0,-51.209681789758065,172,6,41.53,-130.47,bust
,Caleb Douglas,MIA,,WR,,,94.20080532779333,,,,,,,True,3.0,75.0,True,145.698974609375,36.0,-51.49816928158167,173,6,114.67,-58.33,bust
00-0040138,Jaylin Noel,HOU,2026.0,WR,,5.882390975952148,94.11825561523438,32.15825271606445,78.03912925720215,4.877445578575134,65.28997802734375,99.67721557617188,61.0,False,,,,145.698974609375,36.0,-51.580718994140625,174,6,71.53,-102.47,bust
00-0038611,Chris Rodriguez Jr.,JAX,2026.0,RB,,5.552163010844623,88.83460817351397,7.37064303759432,85.14928665471682,5.321830415919801,66.17581011939915,102.37631588621878,56.0,False,,,,140.47225277127183,24.0,-51.637644597757856,175,6,48.97,-126.03,bust
00-0039342,Xavier Legette,CAR,2026.0,WR,,5.862303733825684,93.79685974121094,33.047340393066406,77.27318954467773,4.829574346542358,74.37406158447266,108.42991638183594,62.0,False,,,,145.698974609375,36.0,-51.90211486816406,176,6,95.54,-80.46,bust
00-0040130,Jayden Higgins,HOU,2026.0,WR,,5.844873905181885,93.51798248291016,30.902172088623047,78.06689643859863,4.8791810274124146,70.67416381835938,107.10806274414062,63.0,False,,,,145.698974609375,36.0,-52.180992126464844,177,6,50.82,-126.18,bust
00-0037525,Jordan Mason,MIN,2026.0,RB,,5.502055866693814,88.03289386710102,15.614852133639294,80.22546780028138,5.014091737517586,76.5839897315556,105.183428351463,57.0,False,,,,140.47225277127183,24.0,-52.4393589041708,178,6,43.65,-134.35,bust
00-0040736,Mason Taylor,NYJ,2026.0,TE,,5.499511241912842,87.99217987060547,32.04721450805664,71.96857261657715,4.498035788536072,71.94060516357422,101.8328628540039,30.0,False,,,,140.54624938964844,12.0,-52.55406951904297,179,4,29.77,-149.23,bust
00-0035243,Miles Sanders,DAL,2026.0,RB,,5.480734533676132,87.69175253881811,16.81959155664307,79.28195676049657,4.955122297531036,57.735793928424435,98.16344679517178,58.0,False,,,,140.47225277127183,24.0,-52.78050023245372,180,6,110.2,-69.8,bust
00-0039910,Jayden Daniels,WAS,2026.0,QB,11.421724,18.358423233032227,209.68484497070312,0.27161702513694763,209.54903645813465,13.096814778633416,171.24603271484375,215.1143341064453,16.0,False,,,,262.61468505859375,12.0,-52.929840087890625,181,2,4.89,-176.11,bust
00-0036244,Colby Parkinson,LA,2026.0,TE,,5.466714382171631,87.4674301147461,28.805776596069336,73.06454181671143,4.566533863544464,66.74205017089844,102.766357421875,31.0,False,,,,140.54624938964844,12.0,-53.078819274902344,182,4,32.81,-149.19,bust
00-0034829,Mike Gesicki,CIN,2026.0,TE,,5.4650559425354,87.4408950805664,34.12961196899414,70.37608909606934,4.3985055685043335,63.66463851928711,98.44283294677734,32.0,False,,,,140.54624938964844,12.0,-53.10535430908203,183,4,35.22,-147.78,bust
00-0039890,Adonai Mitchell,NYJ,2026.0,WR,,5.738587856292725,91.8174057006836,34.28058624267578,74.6771125793457,4.6673195362091064,64.6137924194336,113.35989379882812,64.0,False,,,,145.698974609375,36.0,-53.881568908691406,184,6,66.44,-117.56,bust
00-0033526,Samaje Perine,CIN,2026.0,RB,,5.386206059860579,86.17929695776927,27.429474163512346,72.4645598760131,4.529034992250819,75.22675860781607,110.71045487317052,59.0,False,,,,140.47225277127183,24.0,-54.29295581350256,185,6,87.38,-97.62,bust
00-0033858,Jonnu Smith,GB,2026.0,TE,,5.348485469818115,85.57576751708984,27.47587013244629,71.8378324508667,4.489864528179169,65.41033172607422,91.51242065429688,33.0,False,,,,140.54624938964844,12.0,-54.970481872558594,186,4,49.33,-136.67000000000002,bust
00-0036139,Rico Dowdle,PIT,2026.0,RB,,5.3347865866635615,85.35658538661698,16.277194956140434,77.21798790854676,4.8261242442841725,85.631047033823,115.58206886798041,60.0,False,,,,140.47225277127183,24.0,-55.11566738465484,187,6,30.38,-156.62,bust
00-0033077,Dak Prescott,DAL,2026.0,QB,12.684166,16.337270736694336,207.2246551513672,0.02164398320019245,207.2138331597671,12.950864572485443,198.48866271972656,240.407958984375,17.0,False,,,,262.61468505859375,12.0,-55.39002990722656,188,2,10.25,-177.75,bust
00-0036893,Najee Harris,NYG,2026.0,RB,,5.284308708179169,84.5489393308667,23.802953757299782,72.64746245221681,4.540466403263551,65.35814780718982,95.43240632560465,61.0,False,,,,140.47225277127183,24.0,-55.923313440405124,190,6,71.68,-118.32,bust
00-0040743,Tyler Shough,NO,2026.0,QB,15.099095,13.596516609191895,205.29510498046875,0.0440903902053833,205.27305978536606,12.829566236585379,206.48043823242188,247.62380981445312,18.0,False,,,,262.61468505859375,12.0,-57.319580078125,191,2,19.39,-171.61,bust
,Antonio Williams,WAS,,WR,,,88.24458126773474,,,,,,,True,3.0,71.0,True,145.698974609375,36.0,-57.454393341640255,192,6,74.04,-117.96,bust
00-0038608,Kayshon Boutte,HOU,2026.0,WR,,5.514134407043457,88.22615051269531,28.831605911254883,73.81034755706787,4.613146722316742,74.77234649658203,106.7768783569336,66.0,False,,,,145.698974609375,36.0,-57.47282409667969,193,6,68.32,-124.68,bust
00-0040170,Elic Ayomanor,TEN,2026.0,WR,,5.488762378692627,87.82019805908203,24.876787185668945,75.38180446624756,4.711362779140472,66.28215026855469,106.1419677734375,67.0,False,,,,145.698974609375,36.0,-57.87877655029297,194,6,83.58,-110.42,bust
00-0033921,Chris Godwin Jr.,TB,2026.0,WR,,5.41019868850708,86.56317901611328,32.514442443847656,70.30595779418945,4.394122362136841,67.18340301513672,112.74053192138672,68.0,False,,,,145.698974609375,36.0,-59.13579559326172,195,6,34.74,-160.26,bust
00-0040198,Ollie Gordon II,MIA,2026.0,RB,,5.0819925117492675,81.31188018798828,12.631528987884522,74.99611569404603,4.687257230877877,55.56669338226318,103.93521347045899,62.0,False,,,,140.47225277127183,24.0,-59.16037258328355,196,6,71.18,-124.82,bust
00-0039798,Isaiah Davis,NYJ,2026.0,RB,,5.081049518585205,81.29679229736328,26.123173828125,68.23520538330078,4.264700336456299,62.7704146194458,109.69443420410157,63.0,False,,,,140.47225277127183,24.0,-59.175460473908544,197,6,73.27,-123.73,bust
,Denzel Boston,CLE,,WR,,,85.80578335829912,,,,,,,True,2.0,39.0,False,145.698974609375,36.0,-59.893191251075876,198,6,64.09,-133.91,bust
00-0035250,Devin Singletary,NYG,2026.0,RB,,4.949867499793417,79.19787999669467,18.379957906356175,70.00790104351658,4.375493815219786,70.79317824314752,100.89921506099715,64.0,False,,,,140.47225277127183,24.0,-61.27437277457716,199,6,83.69,-115.31,bust
00-0040131,Kyle Williams,NE,2026.0,WR,,5.269532203674316,84.31251525878906,30.20054817199707,69.21224117279053,4.325765073299408,65.986328125,104.57402801513672,69.0,False,,,,145.698974609375,36.0,-61.38645935058594,200,6,90.17,-109.83,bust
00-0040676,Cam Ward,TEN,2026.0,QB,12.860291,15.609576225280762,200.74368286132812,0.044819243252277374,200.721273239702,12.545079577481374,182.57960510253906,218.52964782714844,19.0,False,,,,262.61468505859375,12.0,-61.871002197265625,201,2,25.08,-175.92000000000002,bust
,Eli Stowers,PHI,,TE,,,78.62061182436736,,,,,,,True,2.0,54.0,False,140.54624938964844,12.0,-61.92563756528108,202,5,31.84,-170.16,bust
00-0034975,Justice Hill,BAL,2026.0,RB,,4.885343118924788,78.16548990279661,26.473842742261944,64.92856853166563,4.058035533229102,57.30091978787234,100.75802727763903,65.0,False,,,,140.47225277127183,24.0,-62.30676286847522,203,6,79.76,-123.24,bust
00-0033040,Tyreek Hill,MIA,2026.0,WR,,5.21147346496582,83.38357543945312,40.25244903564453,63.25735092163086,3.9535844326019287,95.75666809082031,151.72439575195312,70.0,False,,,,145.698974609375,36.0,-62.315399169921875,204,6,67.9,-136.1,bust
00-0040669,Isaac TeSlaa,DET,2026.0,WR,,5.169205665588379,82.70729064941406,24.167890548706055,70.62334537506104,4.413959085941315,56.843116760253906,86.70387268066406,71.0,False,,,,145.698974609375,36.0,-62.99168395996094,205,6,77.97,-127.03,bust
00-0038797,Emanuel Wilson,SEA,2026.0,RB,,4.834476966795899,77.35163146873438,8.451734364318325,73.12576428657522,4.570360267910951,59.619603098295556,95.26999653732018,66.0,False,,,,140.47225277127183,24.0,-63.120621302537444,206,6,56.74,-149.26,bust
00-0033923,Kareem Hunt,KC,2026.0,RB,,4.798654868764309,76.77847790022895,18.77184715630011,67.3925543220789,4.212034645129931,66.29972412908346,93.30186392019743,68.0,False,,,,140.47225277127183,24.0,-63.693774871042876,208,6,94.7,-113.3,bust
00-0040739,Elijah Arroyo,SEA,2026.0,TE,,4.7740254402160645,76.38440704345703,27.340679168701172,62.714067459106445,3.919629216194153,58.802921295166016,93.24614715576172,34.0,False,,,,140.54624938964844,12.0,-64.1618423461914,210,5,43.2,-166.8,bust
00-0035406,Lil'Jordan Humphrey,DEN,2026.0,WR,,5.08792781829834,81.40684509277344,23.729604721069336,69.54204273223877,4.346377670764923,53.040103912353516,80.54014587402344,72.0,False,,,,145.698974609375,36.0,-64.29212951660156,211,6,163.5,-47.5,bust
00-0036550,Rashod Bateman,BAL,2026.0,WR,,5.083554267883301,81.33686828613281,24.77805519104004,68.9478406906128,4.3092400431633,53.6932487487793,92.29610443115234,73.0,False,,,,145.698974609375,36.0,-64.36210632324219,212,6,88.26,-123.74,bust
00-0039146,Jayden Reed,GB,2026.0,WR,,5.065644264221191,81.05030822753906,27.348663330078125,67.3759765625,4.21099853515625,66.37604522705078,108.53238677978516,74.0,False,,,,145.698974609375,36.0,-64.64866638183594,213,6,46.76,-166.24,bust
00-0037838,Isaiah Likely,NYG,2026.0,TE,,4.7267961502075195,75.62873840332031,33.91970443725586,58.66888618469238,3.666805386543274,65.22228240966797,86.04933166503906,35.0,False,,,,140.54624938964844,12.0,-64.91751098632812,214,5,12.84,-201.16,bust
,Zachariah Branch,ATL,,WR,,,80.38243527164099,,,,,,,True,3.0,79.0,True,145.698974609375,36.0,-65.31653933773401,216,6,90.9,-125.1,bust
00-0038619,Andrei Iosivas,CIN,2026.0,WR,,4.977757453918457,79.64411926269531,28.42579460144043,65.4312219619751,4.089451372623444,63.72596740722656,93.65682983398438,77.0,False,,,,145.698974609375,36.0,-66.05485534667969,219,6,102.95,-116.05,bust
00-0038976,Marvin Mims Jr.,DEN,2026.0,WR,,4.960878372192383,79.37405395507812,24.837696075439453,66.9552059173584,4.1847003698349,60.88201141357422,94.56829071044922,78.0,False,,,,145.698974609375,36.0,-66.32492065429688,221,6,90.4,-130.6,bust
00-0040238,LeQuint Allen Jr.,JAX,2026.0,RB,,4.605056037902832,73.68089660644532,19.3428191947937,64.00948700904847,4.000592938065529,42.88836639404297,105.03453132629394,72.0,False,,,,140.47225277127183,24.0,-66.79135616482651,222,6,78.5,-143.5,bust
00-0037263,Tyler Allgeier,ARI,2026.0,RB,,4.599213961007903,73.58742337612645,10.08992028725955,68.54246323249669,4.283903952031043,60.783545334755274,95.24445473845245,73.0,False,,,,140.47225277127183,24.0,-66.88482939514537,223,6,42.88,-180.12,bust
00-0037837,Calvin Austin III,NYG,2026.0,WR,,4.921631336212158,78.74610137939453,24.537561416625977,66.47732067108154,4.154832541942596,58.51498031616211,90.37952423095703,79.0,False,,,,145.698974609375,36.0,-66.95287322998047,224,6,110.5,-113.5,bust
00-0039491,Jalen Coker,CAR,2026.0,WR,,4.920735836029053,78.73177337646484,26.26729393005371,65.59812641143799,4.099882900714874,59.02133560180664,95.45372009277344,80.0,False,,,,145.698974609375,36.0,-66.96720123291016,225,6,54.26,-170.74,bust
00-0039344,Jonathon Brooks,CAR,2026.0,RB,,4.583779754638672,73.34047607421876,17.55904546737671,64.5609533405304,4.03505958378315,28.064093437194824,107.3846824645996,74.0,False,,,,140.47225277127183,24.0,-67.13177669705307,226,6,50.56,-175.44,bust
00-0038551,Kendre Miller,NO,2026.0,RB,,4.573185815811157,73.17097305297851,12.830066375732422,66.75593986511231,4.172246241569519,42.67862899780273,85.88363677978516,76.0,False,,,,140.47225277127183,24.0,-67.30127971829332,228,6,75.16,-152.84,bust
00-0037252,Greg Dulcich,MIA,2026.0,TE,,4.527884006500244,72.4461441040039,33.491878509521484,55.700204849243164,3.4812628030776978,62.67280960083008,100.45510864257812,36.0,False,,,,140.54624938964844,12.0,-68.10010528564453,229,5,28.93,-200.07,bust
,Max Klare,LA,,TE,,,72.27530237612517,,,,,,,True,2.0,61.0,False,140.54624938964844,12.0,-68.27094701352327,230,5,39.9,-190.1,bust
00-0034791,Nick Chubb,HOU,2026.0,RB,,4.508176422582596,72.13082276132154,11.032833881456504,66.61440582059329,4.163400363787081,64.37118853616681,90.66460014280598,77.0,False,,,,140.47225277127183,24.0,-68.34143000995029,231,6,99.0,-132.0,bust
00-0033357,Taysom Hill,NO,2026.0,TE,,4.487569332122803,71.80110931396484,14.333592414855957,64.63431310653687,4.039644569158554,52.89742660522461,86.76800537109375,37.0,False,,,,140.54624938964844,12.0,-68.7451400756836,232,5,72.5,-159.5,bust
00-0040134,Pat Bryant,DEN,2026.0,WR,,4.800609111785889,76.80974578857422,31.933372497558594,60.84305953979492,3.8026912212371826,70.22496032714844,101.51457977294922,81.0,False,,,,145.698974609375,36.0,-68.88922882080078,233,6,75.33,-157.67000000000002,bust
00-0039921,Trey Benson,ARI,2026.0,RB,,4.466524939537049,71.46439903259278,23.985871963500976,59.47146305084229,3.716966440677643,59.26845233917236,112.21018280029297,78.0,False,,,,140.47225277127183,24.0,-69.00785373867905,234,6,67.5,-166.5,bust
00-0040164,Jaylin Lane,WAS,2026.0,WR,,4.784996032714844,76.5599365234375,30.087055206298828,61.516408920288086,3.8447755575180054,54.230247497558594,100.66959381103516,82.0,False,,,,145.698974609375,36.0,-69.1390380859375,235,6,122.3,-112.7,bust
00-0036414,Cam Akers,SEA,2026.0,RB,,4.427957560949175,70.8473209751868,12.992684414842046,64.35097876776578,4.021936172985361,51.18904344178813,76.09749885522528,79.0,False,,,,140.47225277127183,24.0,-69.62493179608502,236,6,121.0,-115.0,bust
00-0035537,Ty Johnson,BUF,2026.0,RB,,4.417186421845401,70.67498274952642,13.579070452455786,63.88544752329853,3.992840470206158,47.495997081811424,85.28162016736083,80.0,False,,,,140.47225277127183,24.0,-69.7972700217454,237,6,77.31,-159.69,bust
00-0038951,Sean Tucker,TB,2026.0,RB,,4.40032338142395,70.4051741027832,16.996249465942384,61.907049369812015,3.869190585613251,70.45535705566407,108.59337181091308,81.0,False,,,,140.47225277127183,24.0,-70.06707866848862,238,6,63.29,-174.71,bust
00-0039163,C.J. Stroud,HOU,2026.0,QB,13.050288,14.721334457397461,192.11766052246094,0.0,192.11766052246094,12.007353782653809,174.81771850585938,203.67587280273438,20.0,False,,,,262.61468505859375,12.0,-70.49702453613281,239,2,22.47,-216.53,bust
00-0033110,Tyler Higbee,LA,2026.0,TE,,4.367046356201172,69.87274169921875,23.806562423706055,57.96946048736572,3.6230912804603577,44.67425537109375,77.563720703125,38.0,False,,,,140.54624938964844,12.0,-70.67350769042969,241,5,40.0,-201.0,bust
00-0039405,Jawhar Jordan,HOU,2026.0,RB,,4.315961174018411,69.05537878429458,13.060337255583653,62.52521015650275,3.907825634781422,46.7537110452045,82.95794497709907,83.0,False,,,,140.47225277127183,24.0,-71.41687398697725,242,6,102.0,-140.0,bust
00-0038977,Tank Dell,HOU,2026.0,WR,,4.638883113861084,74.22212982177734,21.388378143310547,63.52794075012207,3.9704962968826294,37.99151611328125,80.68119812011719,83.0,False,,,,145.698974609375,36.0,-71.47684478759766,243,6,86.29,-156.70999999999998,bust
00-0033908,Cooper Kupp,SEA,2026.0,WR,,4.636293888092041,74.18070220947266,31.737913131713867,58.31174564361572,3.6444841027259827,56.660282135009766,102.11279296875,84.0,False,,,,145.698974609375,36.0,-71.51827239990234,244,6,91.27,-152.73000000000002,bust
00-0038046,Charlie Kolar,LAC,2026.0,TE,,4.297533988952637,68.76054382324219,26.092227935791016,55.71442985534668,3.4821518659591675,39.468387603759766,74.66255187988281,39.0,False,,,,140.54624938964844,12.0,-71.78570556640625,245,5,77.11,-167.89,bust
00-0040737,Terrance Ferguson,LA,2026.0,TE,,4.28409481048584,68.54551696777344,24.23516845703125,56.42793273925781,3.5267457962036133,57.81076431274414,86.8783187866211,40.0,False,,,,140.54624938964844,12.0,-72.000732421875,247,5,28.09,-218.91,bust
00-0040782,Isaiah Bond,CLE,2026.0,WR,,4.592502593994141,73.48004150390625,29.71950912475586,58.62028694152832,3.66376793384552,59.05265808105469,113.49592590332031,85.0,False,,,,145.698974609375,36.0,-72.21893310546875,248,6,107.56,-140.44,bust
00-0039424,Devaughn Vele,NO,2026.0,WR,,4.589869499206543,73.43791198730469,26.04703140258789,60.41439628601074,3.7758997678756714,57.11516571044922,80.98796081542969,86.0,False,,,,145.698974609375,36.0,-72.26106262207031,249,6,100.4,-148.6,bust
00-0033555,Mack Hollins,NE,2026.0,WR,,4.585286617279053,73.36458587646484,20.87744903564453,62.92586135864258,3.932866334915161,52.40813064575195,87.39004516601562,87.0,False,,,,145.698974609375,36.0,-72.33438873291016,250,6,95.4,-154.6,bust
00-0037291,Jalen Nailor,LV,2026.0,WR,,4.544363498687744,72.7098159790039,28.50884437561035,58.45539379119873,3.6534621119499207,56.6422119140625,93.11646270751953,88.0,False,,,,145.698974609375,36.0,-72.9891586303711,251,6,86.68,-164.32,bust
00-0036755,Jaret Patterson,LAC,2026.0,RB,,4.1976256110878705,67.16200977740593,14.528950142850624,59.89753470598061,3.743595919123788,42.90981890762612,82.23197539969883,85.0,False,,,,140.47225277127183,24.0,-73.3102429938659,252,6,142.33,-109.66999999999999,bust
00-0037563,Malik Davis,DAL,2026.0,RB,,4.152050417146807,66.43280667434891,13.033908637991349,59.91585235535323,3.744740772209577,50.0633790976115,80.89225155276195,86.0,False,,,,140.47225277127183,24.0,-74.03944609692292,253,6,87.04,-165.95999999999998,bust
00-0040021,Phil Mafah,DAL,2026.0,RB,,4.138748865127564,66.21998184204102,12.145955286026002,60.14700419902802,3.759187762439251,50.80861312866211,96.30133018493653,87.0,False,,,,140.47225277127183,24.0,-74.2522709292308,254,6,109.67,-144.32999999999998,bust
00-0039410,Ryan Flournoy,DAL,2026.0,WR,,4.462759971618652,71.40415954589844,25.93172264099121,58.43829822540283,3.652393639087677,57.63490295410156,91.28096771240234,89.0,False,,,,145.698974609375,36.0,-74.29481506347656,255,6,77.97,-177.03,bust
00-0036290,Cole Kmet,CHI,2026.0,TE,,4.126951694488525,66.0312271118164,29.218042373657227,51.42220592498779,3.213887870311737,62.115413665771484,93.90892028808594,41.0,False,,,,140.54624938964844,12.0,-74.51502227783203,256,5,47.17,-208.82999999999998,bust
00-0026498,Matthew Stafford,LA,2026.0,QB,12.154749,15.437499046325684,187.63893127441406,0.3168269395828247,187.48051780462265,11.717532362788916,171.55322265625,225.4219970703125,21.0,False,,,,262.61468505859375,12.0,-74.97575378417969,260,2,14.36,-245.64,bust
00-0036849,Tutu Atwell,LA,2026.0,WR,,4.394063472747803,70.30501556396484,26.159835815429688,57.22509765625,3.576568603515625,52.58757781982422,83.1829833984375,91.0,False,,,,145.698974609375,36.0,-75.39395904541016,261,6,121.29,-139.70999999999998,bust
00-0038618,Xavier Hutchinson,HOU,2026.0,WR,,4.370758533477783,69.93213653564453,27.2336483001709,56.31531238555908,3.5197070240974426,50.56938934326172,77.96631622314453,92.0,False,,,,145.698974609375,36.0,-75.76683807373047,262,6,122.0,-140.0,bust
00-0040648,Tory Horton,SEA,2026.0,WR,,4.342109203338623,69.47374725341797,17.532297134399414,60.70759868621826,3.7942249178886414,52.44263458251953,81.7647705078125,93.0,False,,,,145.698974609375,36.0,-76.22522735595703,264,6,94.03,-169.97,bust
00-0039757,Terrell Jennings,NE,2026.0,RB,,4.001880087442875,64.030081399086,9.251119981226573,59.40452140847271,3.7127825880295444,39.27723625801917,74.97253911973353,91.0,False,,,,140.47225277127183,24.0,-76.44217137218583,265,6,101.2,-163.8,bust
00-0038705,Emari Demercado,DAL,2026.0,RB,,3.975786843139941,63.61258949023905,19.49247013934094,53.866354420568584,3.3666471512855365,52.152052519065236,89.47022404978162,93.0,False,,,,140.47225277127183,24.0,-76.85966328103277,267,6,88.21,-178.79000000000002,bust
00-0038558,Darnell Washington,PIT,2026.0,TE,,3.9392805099487305,63.02848815917969,24.612428665161133,50.72227382659912,3.170142114162445,45.180362701416016,67.54259490966797,42.0,False,,,,140.54624938964844,12.0,-77.51776123046875,270,5,39.83,-230.17000000000002,bust
00-0038104,Tyquan Thornton,KC,2026.0,WR,,4.232273101806641,67.71636962890625,18.79810905456543,58.317315101623535,3.644832193851471,39.445621490478516,77.09562683105469,94.0,False,,,,145.698974609375,36.0,-77.98260498046875,271,6,104.54,-166.45999999999998,bust
00-0039811,MarShawn Lloyd,GB,2026.0,RB,,3.834244126173668,61.34790601877869,12.25795830214211,55.21892686770763,3.451182929231727,24.782155351136172,86.97623119701512,96.0,False,,,,140.47225277127183,24.0,-79.12434675249314,272,6,87.07,-184.93,bust
,Ja'Kobi Lane,BAL,,WR,,,66.4954739068949,,,,,,,True,3.0,80.0,False,145.698974609375,36.0,-79.2035007024801,273,6,95.07,-177.93,bust
00-0037267,Jerome Ford,CLE,2026.0,RB,,3.7809520126906753,60.495232203050804,13.50375799891885,53.743353203591376,3.358959575224461,35.870721432648644,69.12311313135667,97.0,False,,,,140.47225277127183,24.0,-79.97702056822102,275,6,80.21,-194.79000000000002,bust
00-0036328,Antonio Gibson,NE,2026.0,RB,,3.753859666603057,60.06175466564891,11.801883152851415,54.16081308922321,3.3850508180764507,48.77296107660982,75.2756247440158,100.0,False,,,,140.47225277127183,24.0,-80.4104981056229,278,6,106.4,-171.6,bust
,Chris Bell,MIA,,WR,,,63.60224270572303,,,,,,,True,3.0,94.0,False,145.698974609375,36.0,-82.09673190365197,282,6,84.35,-197.65,bust
00-0037666,Jalen Tolbert,MIA,2026.0,WR,,3.9650652408599854,63.441043853759766,28.503002166748047,49.18954277038574,3.074346423149109,52.25553894042969,81.74349212646484,95.0,False,,,,145.698974609375,36.0,-82.25793075561523,284,6,113.56,-170.44,bust
00-0038454,Keaton Mitchell,LAC,2026.0,RB,,3.624657232761383,57.99451572418213,11.481126441955567,52.253952503204346,3.2658720314502716,59.89628932952881,100.0869605255127,105.0,False,,,,140.47225277127183,24.0,-82.4777370470897,285,6,53.32,-231.68,bust
00-0039299,George Holani,SEA,2026.0,RB,,3.6040037136645777,57.664059418633244,10.189731224701063,52.56919380628271,3.2855746128926695,40.31163922176061,71.08185998972763,106.0,False,,,,140.47225277127183,24.0,-82.80819335263858,286,6,81.07,-204.93,bust
00-0035689,Dawson Knox,BUF,2026.0,TE,,3.5959784984588623,57.5356559753418,25.93478775024414,44.56826210021973,2.785516381263733,52.90952682495117,86.58781433105469,44.0,False,,,,140.54624938964844,12.0,-83.01059341430664,287,5,49.33,-237.67000000000002,bust
00-0038794,Jaleel McLaughlin,CLE,2026.0,RB,,3.5768314513337685,57.229303221340295,9.293104945358392,52.5827507486611,3.2864219217913186,43.847142569628744,66.60700413013957,107.0,False,,,,140.47225277127183,24.0,-83.24294954993152,288,6,81.7,-206.3,bust
,Zavion Thomas,CHI,,WR,,,62.321712920566775,,,,,,,True,3.0,89.0,False,145.698974609375,36.0,-83.37726168880823,289,6,135.4,-153.6,bust
00-0040667,Matthew Golden,GB,2026.0,WR,,3.885939598083496,62.17503356933594,25.426469802856445,49.461798667907715,3.091362416744232,50.27125930786133,85.20127868652344,96.0,False,,,,145.698974609375,36.0,-83.52394104003906,290,6,56.35,-233.65,bust
00-0039062,Jonathan Mingo,DAL,2026.0,WR,,3.862421989440918,61.79875183105469,20.292604446411133,51.65244960784912,3.22827810049057,34.72233963012695,59.60337829589844,97.0,False,,,,145.698974609375,36.0,-83.90022277832031,291,6,178.14,-112.86000000000001,bust
00-0036534,Shane Zylstra,NE,2026.0,TE,,3.5380477905273438,56.6087646484375,17.46561050415039,47.875959396362305,2.992247462272644,34.34956741333008,66.26507568359375,45.0,False,,,,140.54624938964844,12.0,-83.93748474121094,292,5,127.0,-165.0,bust
00-0037231,Kevin Austin Jr.,NO,2026.0,WR,,3.8424770832061768,61.47963333129883,16.702770233154297,53.12824821472168,3.320515513420105,43.25802993774414,76.00566864013672,98.0,False,,,,145.698974609375,36.0,-84.21934127807617,293,6,171.5,-121.5,bust
00-0039066,Michael Mayer,LV,2026.0,TE,,3.4665002822875977,55.46400451660156,22.378860473632812,44.274574279785156,2.7671608924865723,39.1284065246582,66.25234985351562,46.0,False,,,,140.54624938964844,12.0,-85.08224487304688,294,6,43.88,-250.12,bust
00-0038685,Chris Brooks,GB,2026.0,RB,,3.4336734742485118,54.93877558797619,18.759464313538412,45.55904343120698,2.8474402144504363,43.8722711957113,72.67074129129419,108.0,False,,,,140.47225277127183,24.0,-85.53347718329564,295,6,82.11,-212.89,bust
00-0037197,Isiah Pacheco,DET,2026.0,RB,,3.381950937634376,54.11121500215002,5.634359346359744,51.294035328970146,3.205877208060634,39.09632882741606,67.53826887058935,111.0,False,,,,140.47225277127183,24.0,-86.36103776912181,298,6,50.09,-247.91,bust
00-0035500,Greg Dortch,BUF,2026.0,WR,,3.696239471435547,59.13983154296875,19.857067108154297,49.2112979888916,3.075706124305725,45.30051803588867,76.81865692138672,99.0,False,,,,145.698974609375,36.0,-86.55914306640625,300,6,134.5,-165.5,bust
,Eli Raridon,NE,,TE,,,53.88529621739541,,,,,,,True,3.0,95.0,True,140.54624938964844,12.0,-86.66095317225303,301,6,52.6,-248.4,bust
00-0031610,Darren Waller,CAR,2026.0,TE,,3.3485522270202637,53.57683563232422,22.9118709564209,42.12090015411377,2.6325562596321106,34.30426025390625,73.28753662109375,47.0,False,,,,140.54624938964844,12.0,-86.96941375732422,302,6,45.29,-256.71,bust
00-0037801,KaVontae Turpin,DAL,2026.0,WR,,3.659615993499756,58.553855895996094,20.57547378540039,48.2661190032959,3.0166324377059937,42.11046600341797,71.02827453613281,100.0,False,,,,145.698974609375,36.0,-87.1451187133789,303,6,121.0,-182.0,bust
00-0034869,Sam Darnold,SEA,2026.0,QB,13.043829,13.413530349731445,174.9637908935547,0.2568754553794861,174.83535316586494,10.927209572866559,157.71905517578125,204.8208465576172,22.0,False,,,,262.61468505859375,12.0,-87.65089416503906,305,3,22.69,-282.31,bust
00-0040241,Dominic Lovett,DET,2026.0,WR,,3.6129508018493652,57.807212829589844,21.28670883178711,47.16385841369629,2.947741150856018,30.54074478149414,61.818092346191406,101.0,False,,,,145.698974609375,36.0,-87.89176177978516,306,6,204.5,-101.5,bust
00-0036924,Michael Carter,TEN,2026.0,RB,,3.267073533198835,52.27317653118136,14.758601126909092,44.893875967726814,2.805867247982926,37.84648115799086,82.01681141335698,114.0,False,,,,140.47225277127183,24.0,-88.19907624009046,308,6,98.73,-209.26999999999998,bust
00-0039746,Will Shipley,PHI,2026.0,RB,,3.2373333501815797,51.797333602905276,8.633052320480347,47.4808074426651,2.967550465166569,15.709980268478393,56.501620025634764,115.0,False,,,,140.47225277127183,24.0,-88.67491916836656,310,6,94.06,-215.94,bust
00-0038679,Tyrell Shavers,BUF,2026.0,WR,,3.553112745285034,56.84980392456055,27.594940185546875,43.05233383178711,2.6907708644866943,45.4355583190918,78.64350891113281,103.0,False,,,,145.698974609375,36.0,-88.84917068481445,311,6,154.75,-156.25,bust
00-0034775,Christian Kirk,SF,2026.0,WR,,3.5522210597991943,56.83553695678711,24.525157928466797,44.57295799255371,2.785809874534607,33.90126419067383,83.36416625976562,104.0,False,,,,145.698974609375,36.0,-88.86343765258789,312,6,92.0,-220.0,bust
,Emmett Johnson,KC,,RB,,,51.38376998901367,,,,,,,True,5.0,161.0,False,140.47225277127183,24.0,-89.08848278225815,313,6,59.75,-253.25,bust
00-0039391,Kimani Vidal,LAC,2026.0,RB,,3.203155048373299,51.25048077397278,14.66072431692271,43.92011861551143,2.745007413469464,51.77415781685623,88.01391710050298,117.0,False,,,,140.47225277127183,24.0,-89.22177199729904,315,6,60.09,-254.91,bust
00-0038393,Dontayvion Wicks,PHI,2026.0,WR,,3.5294504165649414,56.47120666503906,17.387950897216797,47.777231216430664,2.9860769510269165,40.0568733215332,75.55963897705078,105.0,False,,,,145.698974609375,36.0,-89.22776794433594,316,6,80.0,-236.0,bust
,Nate Boerkircher,JAX,,TE,,,51.08264795717986,,,,,,,True,2.0,56.0,False,140.54624938964844,12.0,-89.46360143246858,317,6,60.67,-256.33,bust
00-0037741,Jahan Dotson,ATL,2026.0,WR,,3.5005147457122803,56.008235931396484,17.43968391418457,47.2883939743042,2.9555246233940125,44.884490966796875,71.06195831298828,106.0,False,,,,145.698974609375,36.0,-89.69073867797852,318,6,105.67,-212.32999999999998,bust
00-0036165,Isaiah Hodgins,NYG,2026.0,WR,,3.498220205307007,55.97152328491211,26.10218620300293,42.920430183410645,2.6825268864631653,38.55207443237305,74.9071044921875,107.0,False,,,,145.698974609375,36.0,-89.72745132446289,319,6,166.0,-153.0,bust
00-0038394,Will Mallory,IND,2026.0,TE,,3.1219491958618164,49.95118713378906,20.54711151123047,39.67763137817383,2.4798519611358643,22.51080322265625,60.67890167236328,48.0,False,,,,140.54624938964844,12.0,-90.59506225585938,321,6,99.75,-221.25,bust
00-0039855,Jalen McMillan,TB,2026.0,WR,,3.4427762031555176,55.08441925048828,24.09912109375,43.03485870361328,2.68967866897583,48.757320404052734,78.10640716552734,108.0,False,,,,145.698974609375,36.0,-90.61455535888672,322,6,68.12,-253.88,bust
00-0033857,JuJu Smith-Schuster,KC,2026.0,WR,,3.4418742656707764,55.06998825073242,21.456809997558594,44.341583251953125,2.7713489532470703,42.04448318481445,65.82840728759766,109.0,False,,,,145.698974609375,36.0,-90.62898635864258,323,6,168.4,-154.6,bust
00-0033854,Dare Ogunbowale,LV,2026.0,RB,,3.0854434343170904,49.36709494907345,16.025367407632313,41.35441124525729,2.5846507028285806,33.126162529252795,61.51607625727617,118.0,False,,,,140.47225277127183,24.0,-91.10515782219838,324,6,139.0,-185.0,bust
00-0039356,Ja'Tavion Sanders,CAR,2026.0,TE,,3.078193187713623,49.25109100341797,12.404622077941895,43.04877996444702,2.690548747777939,32.08534622192383,64.53076171875,49.0,False,,,,140.54624938964844,12.0,-91.29515838623047,325,6,41.63,-283.37,bust
00-0032464,Kalif Raymond,CHI,2026.0,WR,,3.393148422241211,54.290374755859375,22.032812118530273,43.27396869659424,2.70462304353714,35.905887603759766,71.19271087646484,110.0,False,,,,145.698974609375,36.0,-91.40859985351562,326,6,122.2,-203.8,bust
00-0036980,Elijah Moore,PHI,2026.0,WR,,3.390141487121582,54.24226379394531,24.048643112182617,42.217942237854004,2.6386213898658752,44.212459564208984,76.73295593261719,112.0,False,,,,145.698974609375,36.0,-91.45671081542969,328,6,131.56,-196.44,bust
00-0037258,Dameon Pierce,PHI,2026.0,RB,,3.056718710645432,48.90749937032691,7.159594258194832,45.327702241229495,2.8329813900768435,26.34406028071305,59.21308377223502,119.0,False,,,,140.47225277127183,24.0,-91.56475340094491,329,6,106.67,-222.32999999999998,bust
00-0039737,Tip Reiman,ARI,2026.0,TE,,3.01863169670105,48.2981071472168,16.830764770507812,39.88272476196289,2.4926702976226807,20.93290901184082,50.09015655517578,50.0,False,,,,140.54624938964844,12.0,-92.24814224243164,331,6,94.75,-236.25,bust
,Marlin Klein,HOU,,TE,,,48.129291786525556,,,,,,,True,2.0,59.0,False,140.54624938964844,12.0,-92.41695760312288,332,6,54.33,-277.67,bust
00-0035644,Noah Fant,NO,2026.0,TE,,2.9998717308044434,47.997947692871094,25.076833724975586,35.4595308303833,2.2162206768989563,32.18854904174805,64.85840606689453,51.0,False,,,,140.54624938964844,12.0,-92.54830169677734,333,6,48.6,-284.4,bust
00-0036212,Tua Tagovailoa,ATL,2026.0,QB,12.520638,13.567547798156738,169.87435913085938,0.004349275026470423,169.87218449334614,10.617011530834134,159.93020629882812,188.6691131591797,23.0,False,,,,262.61468505859375,12.0,-92.74032592773438,334,3,32.81,-301.19,bust
00-0040078,Brashard Smith,KC,2026.0,RB,,2.9441093802452087,47.10575008392334,19.624440174102784,37.293529996871946,2.3308456248044966,39.05993202209473,63.49043312072754,120.0,False,,,,140.47225277127183,24.0,-93.36650268734849,335,6,73.79,-261.21,bust
00-0040466,Raheim Sanders,CLE,2026.0,RB,,2.934042191505432,46.944675064086915,9.188396711349487,42.350476708412174,2.646904794275761,32.835090732574464,85.83938682556152,121.0,False,,,,140.47225277127183,24.0,-93.52757770718492,336,6,102.44,-233.56,bust
00-0033119,Jacoby Brissett,ARI,2026.0,QB,12.362521,13.66569709777832,168.94247436523438,0.3040757477283478,168.7904364913702,10.549402280710638,165.7024688720703,200.6794891357422,24.0,False,,,,262.61468505859375,12.0,-93.67221069335938,338,3,26.67,-311.33,bust
00-0036906,Khalil Herbert,NYJ,2026.0,RB,,2.9224419006021933,46.75907040963509,6.616583415993593,43.45077870163829,2.7156736688523933,31.712309436158396,64.49104398843608,122.0,False,,,,140.47225277127183,24.0,-93.71318236163674,339,6,112.2,-226.8,bust
00-0040218,Jimmy Horn Jr.,CAR,2026.0,WR,,3.2423648834228516,51.877838134765625,18.636770248413086,42.55945301055908,2.6599658131599426,29.555601119995117,65.41558837890625,115.0,False,,,,145.698974609375,36.0,-93.82113647460938,340,6,157.43,-182.57,bust
,Chris Brazzell II,CAR,,WR,,,51.79036755313514,,,,,,,True,3.0,83.0,False,145.698974609375,36.0,-93.90860705623986,341,6,93.0,-248.0,bust
00-0035628,D'Ernest Johnson,NE,2026.0,RB,,2.895505811644286,46.328092986308576,11.08868457181253,40.78375070040231,2.5489844187751443,29.892577788883656,65.30192171288712,123.0,False,,,,140.47225277127183,24.0,-94.14415978496325,342,6,163.33,-178.67,bust
00-0040187,Mitchell Evans,CAR,2026.0,TE,,2.8911242485046387,46.25798797607422,15.922623634338379,38.29667615890503,2.3935422599315643,31.35606575012207,57.193485260009766,52.0,False,,,,140.54624938964844,12.0,-94.28826141357422,343,6,59.33,-283.67,bust
00-0039355,Luke McCaffrey,WAS,2026.0,WR,,3.1929924488067627,51.0878791809082,20.67641258239746,40.74967288970947,2.546854555606842,41.94522476196289,79.32107543945312,116.0,False,,,,145.698974609375,36.0,-94.6110954284668,344,6,112.11,-231.89,bust
,Kaelon Black,SF,,RB,,,45.83954589018951,,,,,,,True,3.0,90.0,False,140.47225277127183,24.0,-94.63270688108231,345,6,81.5,-263.5,bust
00-0040563,Efton Chism III,NE,2026.0,WR,,3.187563180923462,51.00101089477539,16.029504776000977,42.9862585067749,2.6866411566734314,26.161334991455078,57.57958984375,117.0,False,,,,145.698974609375,36.0,-94.69796371459961,346,6,158.4,-187.6,bust
00-0039739,Roman Wilson,PIT,2026.0,WR,,3.1663219928741455,50.66115188598633,18.253990173339844,41.534156799316406,2.5958847999572754,33.89613723754883,65.2528305053711,118.0,False,,,,145.698974609375,36.0,-95.03782272338867,347,6,139.5,-207.5,bust
00-0036626,Dyami Brown,WAS,2026.0,WR,,3.1497576236724854,50.396121978759766,20.543153762817383,40.124545097351074,2.507784068584442,45.15779113769531,78.13033294677734,119.0,False,,,,145.698974609375,36.0,-95.30285263061523,348,6,126.67,-221.32999999999998,bust
,Kaden Wetjen,PIT,,WR,,,50.33705882812501,,,,,,,True,4.0,121.0,False,145.698974609375,36.0,-95.36191578124999,349,6,152.6,-196.4,bust
00-0032392,Austin Hooper,ATL,2026.0,TE,,2.793919801712036,44.70271682739258,12.82039737701416,38.2925181388855,2.3932823836803436,28.849685668945312,52.760501861572266,53.0,False,,,,140.54624938964844,12.0,-95.84353256225586,350,6,58.33,-291.67,bust
00-0036637,Noah Gray,KC,2026.0,TE,,2.7844045162200928,44.550472259521484,11.222277641296387,38.93933343887329,2.4337083399295807,36.63807678222656,51.087093353271484,54.0,False,,,,140.54624938964844,12.0,-95.99577713012695,351,6,41.69,-309.31,bust
00-0040705,Chimere Dike,TEN,2026.0,WR,,3.069020986557007,49.10433578491211,26.284236907958984,35.96221733093262,2.2476385831832886,42.49989700317383,83.72598266601562,120.0,False,,,,145.698974609375,36.0,-96.59463882446289,352,6,76.38,-275.62,bust
00-0039751,Jordan Whittington,LA,2026.0,WR,,3.038724422454834,48.619590759277344,19.223398208618164,39.00789165496826,2.4379932284355164,42.636268615722656,66.35271453857422,122.0,False,,,,145.698974609375,36.0,-97.07938385009766,354,6,126.0,-228.0,bust
00-0038573,Derius Davis,LAC,2026.0,WR,,3.033010482788086,48.528167724609375,17.331697463989258,39.862318992614746,2.4913949370384216,30.19485092163086,51.694297790527344,123.0,False,,,,145.698974609375,36.0,-97.17080688476562,355,6,212.5,-142.5,bust
00-0038440,Zavier Scott,CHI,2026.0,RB,,2.7061908039713787,43.29905286354206,15.168144297746663,35.71498071466873,2.2321862946667954,38.69226234483033,69.21639083376655,124.0,False,,,,140.47225277127183,24.0,-97.17319990772977,356,6,296.0,-60.0,bust
00-0036196,Gabe Davis,BUF,2026.0,WR,,3.0236551761627197,48.378482818603516,22.694244384765625,37.0313606262207,2.314460039138794,47.32149124145508,88.732666015625,124.0,False,,,,145.698974609375,36.0,-97.32049179077148,358,6,164.4,-193.6,bust
00-0038979,Cedric Tillman,NO,2026.0,WR,,3.0105092525482178,48.168148040771484,18.56475067138672,38.885772705078125,2.430360794067383,30.6217041015625,63.86859893798828,125.0,False,,,,145.698974609375,36.0,-97.53082656860352,359,6,111.36,-247.64,bust
00-0035535,Darius Slayton,NYG,2026.0,WR,,2.9896888732910156,47.83502197265625,17.219358444213867,39.225342750549316,2.4515839219093323,40.8594856262207,74.52729797363281,126.0,False,,,,145.698974609375,36.0,-97.86395263671875,360,6,98.71,-261.29,bust
00-0038938,Jalin Hyatt,NYG,2026.0,WR,,2.9751627445220947,47.602603912353516,16.014129638671875,39.59553909301758,2.4747211933135986,28.956756591796875,56.804779052734375,127.0,False,,,,145.698974609375,36.0,-98.09637069702148,361,6,151.33,-209.67,bust
00-0029604,Kirk Cousins,LV,2026.0,QB,11.58054,14.195267677307129,164.38885498046875,0.10555341839790344,164.3360782712698,10.271004891954362,150.6514129638672,182.69525146484375,25.0,False,,,,262.61468505859375,12.0,-98.225830078125,362,3,34.45,-327.55,bust
00-0040522,Xavier Restrepo,TEN,2026.0,WR,,2.915623188018799,46.64997100830078,18.53170394897461,37.38411903381348,2.3365074396133423,28.67668342590332,59.56529235839844,128.0,False,,,,145.698974609375,36.0,-99.04900360107422,366,6,297.0,-69.0,bust
00-0034270,Tyler Conklin,DET,2026.0,TE,,2.5665805339813232,41.06528854370117,11.956560134887695,35.087008476257324,2.1929380297660828,24.225374221801758,55.29250717163086,55.0,False,,,,140.54624938964844,12.0,-99.48096084594727,367,6,66.63,-300.37,bust
00-0037157,Bam Knight,ARI,2026.0,RB,,2.559702453260794,40.9552392521727,17.347990791025758,32.28124385665983,2.017577741041239,32.59345656667158,91.82243753207375,129.0,False,,,,140.47225277127183,24.0,-99.51701351909912,368,6,90.95,-277.05,bust
00-0032211,Tyler Lockett,LV,2026.0,WR,,2.876350164413452,46.021602630615234,27.258695602416992,32.39225482940674,2.024515926837921,28.55194091796875,102.9101791381836,129.0,False,,,,145.698974609375,36.0,-99.67737197875977,369,6,149.5,-219.5,bust
00-0032104,Ameer Abdullah,JAX,2026.0,RB,,2.536044716835022,40.57671546936035,12.584647178649902,34.2843918800354,2.1427744925022125,27.78471279144287,57.068464279174805,131.0,False,,,,140.47225277127183,24.0,-99.89553730191147,371,6,132.0,-239.0,bust
00-0033246,Johnny Mundt,PHI,2026.0,TE,,2.5316455364227295,40.50632858276367,13.855545997619629,33.57855558395386,2.098659723997116,27.35486602783203,47.52897644042969,56.0,False,,,,140.54624938964844,12.0,-100.03992080688477,372,6,112.0,-260.0,bust
00-0037004,Hunter Long,ARI,2026.0,TE,,2.517051935195923,40.272830963134766,11.293354034423828,34.62615394592285,2.1641346216201782,23.243757247924805,49.36460876464844,57.0,False,,,,140.54624938964844,12.0,-100.27341842651367,373,6,76.0,-297.0,bust
00-0037112,Jake Tonges,SF,2026.0,TE,,2.5160412788391113,40.25666046142578,14.990092277526855,32.76161432266235,2.047600895166397,38.09777069091797,62.17478561401367,58.0,False,,,,140.54624938964844,12.0,-100.28958892822266,374,6,34.4,-339.6,bust
00-0034272,Marquez Valdes-Scantling,PIT,2026.0,WR,,2.8167247772216797,45.067596435546875,19.89010238647461,35.12254524230957,2.195159077644348,32.90547561645508,65.76510620117188,130.0,False,,,,145.698974609375,36.0,-100.63137817382812,375,6,182.25,-192.75,bust
00-0034983,Hunter Renfrow,CAR,2026.0,WR,,2.805643081665039,44.890289306640625,17.808399200439453,35.9860897064209,2.249130606651306,36.26704788208008,70.98583984375,131.0,False,,,,145.698974609375,36.0,-100.80868530273438,376,6,216.0,-160.0,bust
00-0039144,Luke Musgrave,GB,2026.0,TE,,2.4529407024383545,39.24705123901367,19.838483810424805,29.32780933380127,1.8329880833625793,30.12514877319336,50.15683364868164,59.0,False,,,,140.54624938964844,12.0,-101.29919815063477,377,6,52.17,-324.83,bust
00-0036309,Darnell Mooney,NYG,2026.0,WR,,2.7741615772247314,44.3865852355957,15.678519248962402,36.5473256111145,2.2842078506946564,36.80343246459961,83.36876678466797,132.0,False,,,,145.698974609375,36.0,-101.3123893737793,378,6,77.91,-300.09000000000003,bust
00-0038728,Jared Wayne,HOU,2026.0,WR,,2.745553731918335,43.92885971069336,16.79108428955078,35.53331756591797,2.220832347869873,19.120594024658203,71.2197265625,133.0,False,,,,145.698974609375,36.0,-101.77011489868164,379,6,170.5,-208.5,bust
,Elijah Sarratt,BAL,,WR,,,43.75849132324219,,,,,,,True,4.0,115.0,False,145.698974609375,36.0,-101.9404832861328,380,6,93.76,-286.24,bust
00-0035208,Olamide Zaccheaus,ATL,2026.0,WR,,2.7287356853485107,43.65977096557617,17.42275619506836,34.94839286804199,2.1842745542526245,35.23017501831055,67.46566009521484,134.0,False,,,,145.698974609375,36.0,-102.03920364379883,381,6,116.83,-264.17,bust
00-0037594,Julius Chestnut,TEN,2026.0,RB,,2.391669168198133,38.26670669117013,7.608334886040449,34.46253924814991,2.1539087030093693,22.989407355055917,57.196566171796256,132.0,False,,,,140.47225277127183,24.0,-102.2055460801017,382,6,159.33,-222.67,bust
00-0037086,Grant Calcaterra,PHI,2026.0,TE,,2.3675241470336914,37.88038635253906,13.532276153564453,31.114248275756836,1.9446405172348022,24.85423469543457,45.63996124267578,60.0,False,,,,140.54624938964844,12.0,-102.66586303710938,384,6,73.0,-311.0,bust
,Joe Royer,CLE,,TE,,,37.683589935302734,,,,,,,True,5.0,170.0,False,140.54624938964844,12.0,-102.8626594543457,387,6,58.0,-329.0,bust
00-0039266,Kendall Milton,CIN,2026.0,RB,,2.3331075191497805,37.32972030639649,8.669656171798707,32.994892220497135,2.062180763781071,31.72113094329834,57.406520195007325,136.0,False,,,,140.47225277127183,24.0,-103.14253246487533,389,6,161.0,-228.0,bust
00-0038891,Shedrick Jackson,LV,2026.0,WR,,2.63474178314209,42.15586853027344,20.11098861694336,32.10037422180176,2.00627338886261,25.212528228759766,74.4567642211914,136.0,False,,,,145.698974609375,36.0,-103.54310607910156,391,6,192.5,-198.5,bust
00-0039363,Isaac Guerendo,SF,2026.0,RB,,2.242641718774361,35.88226750038977,8.503089644401388,31.630722678189077,1.9769201673868173,23.817709354019424,52.6090618616061,139.0,False,,,,140.47225277127183,24.0,-104.58998527088205,395,6,84.75,-310.25,bust
00-0033375,Tim Patrick,NYJ,2026.0,WR,,2.547661542892456,40.7625846862793,17.092500686645508,32.21633434295654,2.013520896434784,29.643478393554688,57.78593826293945,137.0,False,,,,145.698974609375,36.0,-104.9363899230957,396,6,190.5,-205.5,bust
00-0039074,Davis Allen,LA,2026.0,TE,,2.2110555171966553,35.376888275146484,12.80416488647461,28.97480583190918,1.8109253644943237,26.875564575195312,43.43507385253906,63.0,False,,,,140.54624938964844,12.0,-105.16936111450195,397,6,82.0,-315.0,bust
00-0040205,Kalel Mullings,TEN,2026.0,RB,,2.2040269804000854,35.264431686401366,8.218251237869262,31.155306067466736,1.947206629216671,20.32092706680298,66.84258522033691,140.0,False,,,,140.47225277127183,24.0,-105.20782108487046,398,6,127.5,-270.5,bust
00-0039041,Elijah Higgins,ARI,2026.0,TE,,2.179833173751831,34.8773307800293,17.545495986938477,26.10458278656006,1.6315364241600037,33.19456100463867,47.08930587768555,64.0,False,,,,140.54624938964844,12.0,-105.66891860961914,399,6,54.0,-345.0,bust
00-0034837,Calvin Ridley,TEN,2026.0,WR,,2.497995138168335,39.96792221069336,17.631967544555664,31.151938438415527,1.9469961524009705,33.7067756652832,60.62486267089844,138.0,False,,,,145.698974609375,36.0,-105.73105239868164,400,6,77.68,-322.32,bust
,Tanner Koziol,JAX,,TE,,,34.76525115966797,,,,,,,True,5.0,164.0,False,140.54624938964844,12.0,-105.78099822998047,401,6,66.5,-334.5,bust
,Jonah Coleman,DEN,,RB,,,34.332126713679386,,,,,,,True,4.0,108.0,False,140.47225277127183,24.0,-106.14012605759244,403,6,52.21,-350.79,bust
,Oscar Delp,NO,,TE,,,34.28562504429971,,,,,,,True,3.0,73.0,False,140.54624938964844,12.0,-106.26062434534873,404,6,49.29,-354.71,bust
00-0039912,Ben Sinnott,WAS,2026.0,TE,,2.139383316040039,34.230133056640625,14.176719665527344,27.141773223876953,1.6963608264923096,22.312400817871094,49.52336883544922,65.0,False,,,,140.54624938964844,12.0,-106.31611633300781,405,6,46.83,-358.17,bust
00-0037005,Tommy Tremble,CAR,2026.0,TE,,2.12422776222229,33.98764419555664,14.064112663269043,26.95558786392212,1.6847242414951324,38.001163482666016,60.6895751953125,66.0,False,,,,140.54624938964844,12.0,-106.5586051940918,406,6,57.33,-348.67,bust
00-0030564,DeAndre Hopkins,BAL,2026.0,WR,,2.443051815032959,39.088829040527344,14.476201057434082,31.850728511810303,1.990670531988144,23.566972732543945,57.200706481933594,139.0,False,,,,145.698974609375,36.0,-106.61014556884766,407,6,140.5,-266.5,bust
00-0038589,Josh Whyle,GB,2026.0,TE,,2.071824312210083,33.14918899536133,9.997245788574219,28.15056610107422,1.7594103813171387,18.0301456451416,36.13496017456055,68.0,False,,,,140.54624938964844,12.0,-107.39706039428711,410,6,89.0,-321.0,bust
00-0032775,Demarcus Robinson,SF,2026.0,WR,,2.385603189468384,38.16965103149414,26.788291931152344,24.77550506591797,1.548469066619873,40.040225982666016,71.54862213134766,140.0,False,,,,145.698974609375,36.0,-107.52932357788086,411,6,142.75,-268.25,bust
,Brenen Thompson,LAC,,WR,,,37.93340587402344,,,,,,,True,4.0,105.0,False,145.698974609375,36.0,-107.76556873535156,412,6,117.0,-295.0,bust
00-0039394,Casey Washington,CAR,2026.0,WR,,2.3686342239379883,37.89814758300781,9.594836235046387,33.10072946548462,2.0687955915927887,25.144603729248047,55.46536636352539,141.0,False,,,,145.698974609375,36.0,-107.80082702636719,413,6,201.5,-211.5,bust
00-0038647,Ronnie Bell,LV,2026.0,WR,,2.36814022064209,37.89024353027344,15.56118392944336,30.109651565551758,1.8818532228469849,26.300880432128906,50.937652587890625,142.0,False,,,,145.698974609375,36.0,-107.80873107910156,414,6,163.5,-250.5,bust
00-0033891,Zay Jones,ARI,2026.0,WR,,2.318192481994629,37.09107971191406,8.846688270568848,32.66773557662964,2.0417334735393524,25.9910945892334,47.76686096191406,143.0,False,,,,145.698974609375,36.0,-108.60789489746094,417,6,187.6,-229.4,bust
00-0040311,Theo Wease Jr.,LAC,2026.0,WR,,2.311584711074829,36.985355377197266,19.195737838745117,27.387486457824707,1.7117179036140442,32.10390090942383,73.42269897460938,144.0,False,,,,145.698974609375,36.0,-108.71361923217773,418,6,293.0,-125.0,bust
00-0034159,Will Dissly,LAC,2026.0,TE,,1.9654676914215088,31.44748306274414,9.648008346557617,26.623478889465332,1.6639674305915833,23.541654586791992,43.92404556274414,70.0,False,,,,140.54624938964844,12.0,-109.0987663269043,419,6,80.0,-339.0,bust
00-0032385,Sterling Shepard,TB,2026.0,WR,,2.2702794075012207,36.32447052001953,18.459564208984375,27.094688415527344,1.693418025970459,29.29368782043457,56.546287536621094,146.0,False,,,,145.698974609375,36.0,-109.37450408935547,421,6,163.5,-257.5,bust
00-0034365,Ian Thomas,LV,2026.0,TE,,1.9479026794433594,31.16644287109375,13.141003608703613,24.595941066741943,1.5372463166713715,18.18034553527832,41.77521514892578,71.0,False,,,,140.54624938964844,12.0,-109.37980651855469,422,6,128.0,-294.0,bust
00-0035249,Josh Oliver,MIN,2026.0,TE,,1.9440436363220215,31.104698181152344,11.692449569702148,25.25847339630127,1.5786545872688293,26.08965492248535,46.740474700927734,72.0,False,,,,140.54624938964844,12.0,-109.4415512084961,423,6,74.38,-348.62,bust
00-0040244,Moliki Matavao,NO,2026.0,TE,,1.925331473350525,30.8053035736084,15.590096473693848,23.010255336761475,1.4381409585475922,27.620986938476562,50.05402755737305,73.0,False,,,,140.54624938964844,12.0,-109.74094581604004,424,6,108.5,-315.5,bust
,Eli Heidenreich,PIT,,RB,,,29.918224334716797,,,,,,,True,7.0,230.0,True,140.47225277127183,24.0,-110.55402843655503,428,6,91.0,-337.0,bust
00-0038128,Malik Willis,MIA,2026.0,QB,12.182714,12.48002815246582,152.04061889648438,0.47544312477111816,151.80289733409882,9.487681083381176,121.57596588134766,199.13206481933594,26.0,False,,,,262.61468505859375,12.0,-110.57406616210938,429,3,19.03,-409.97,bust
00-0038547,Luke Schoonmaker,DAL,2026.0,TE,,1.8652374744415283,29.843799591064453,12.304152488708496,23.691723346710205,1.4807327091693878,22.378870010375977,41.97028732299805,74.0,False,,,,140.54624938964844,12.0,-110.70244979858398,430,6,341.0,-89.0,bust
00-0034613,Tanner Hudson,CIN,2026.0,TE,,1.862767219543457,29.804275512695312,7.876829147338867,25.86586093902588,1.6166163086891174,19.016691207885742,41.717552185058594,75.0,False,,,,140.54624938964844,12.0,-110.74197387695312,431,6,83.4,-347.6,bust
00-0040277,Jahdae Walker,CHI,2026.0,WR,,2.169269561767578,34.70831298828125,17.278982162475586,26.068821907043457,1.629301369190216,20.220561981201172,58.50754165649414,147.0,False,,,,145.698974609375,36.0,-110.99066162109375,432,6,148.25,-283.75,bust
00-0034981,Foster Moreau,HOU,2026.0,TE,,1.839353084564209,29.429649353027344,13.390582084655762,22.734358310699463,1.4208973944187164,22.98957633972168,47.38932418823242,76.0,False,,,,140.54624938964844,12.0,-111.1166000366211,433,6,83.67,-349.33,bust
00-0038115,Daniel Bellinger,TEN,2026.0,TE,,1.7950804233551025,28.72128677368164,17.23488426208496,20.10384464263916,1.2564902901649475,35.65313720703125,57.12017059326172,77.0,False,,,,140.54624938964844,12.0,-111.8249626159668,434,6,51.25,-382.75,bust
00-0035631,Drew Sample,CIN,2026.0,TE,,1.789947748184204,28.639163970947266,12.242349624633789,22.51798915863037,1.4073743224143982,20.12564468383789,43.490055084228516,78.0,False,,,,140.54624938964844,12.0,-111.90708541870117,435,6,115.5,-319.5,bust
,Will Kacmarek,MIA,,TE,,,28.597143522693266,,,,,,,True,3.0,87.0,False,140.54624938964844,12.0,-111.94910586695516,436,6,70.29,-365.71,bust
,Sam Roush,CHI,,TE,,,28.45224529881631,,,,,,,True,3.0,69.0,False,140.54624938964844,12.0,-112.09400409083213,439,6,60.25,-378.75,bust
00-0037614,John Metchie III,CAR,2026.0,WR,,2.0982253551483154,33.57160568237305,14.935898780822754,26.10365629196167,1.6314785182476044,26.659019470214844,59.687435150146484,148.0,False,,,,145.698974609375,36.0,-112.12736892700195,440,6,118.7,-321.3,bust
00-0040024,Darius Cooper,PHI,2026.0,WR,,2.0717766284942627,33.1484260559082,12.880770683288574,26.708040714263916,1.6692525446414948,16.156845092773438,45.708770751953125,149.0,False,,,,145.698974609375,36.0,-112.5505485534668,442,6,167.0,-275.0,bust
00-0039386,Bub Means,CLE,2026.0,WR,,2.067629814147949,33.08207702636719,11.9952392578125,27.084457397460938,1.6927785873413086,17.38424301147461,39.917850494384766,150.0,False,,,,145.698974609375,36.0,-112.61689758300781,443,6,200.75,-242.25,bust
00-0037282,James Mitchell,DAL,2026.0,TE,,1.7238214015960693,27.58114242553711,7.926421165466309,23.617931842803955,1.4761207401752472,15.279426574707031,38.66621398925781,80.0,False,,,,140.54624938964844,12.0,-112.96510696411133,446,6,124.5,-321.5,bust
00-0039907,Ja'Lynn Polk,NO,2026.0,WR,,2.0379953384399414,32.60792541503906,12.029462814331055,26.593194007873535,1.662074625492096,18.262392044067383,50.36858367919922,152.0,False,,,,145.698974609375,36.0,-113.09104919433594,447,6,144.57,-302.43,bust
,Bauer Sharp,TB,,TE,,,27.420284271240234,,,,,,,True,6.0,185.0,False,140.54624938964844,12.0,-113.1259651184082,448,6,88.5,-359.5,bust
00-0037557,Ronnie Rivers,LA,2026.0,RB,,1.7023639473875936,27.237823158201497,6.233732028036881,24.120957144183055,1.507559821511441,11.513982421188302,40.05346489453952,150.0,False,,,,140.47225277127183,24.0,-113.23442961307033,449,6,141.0,-308.0,bust
00-0034419,Braxton Berrios,NYG,2026.0,WR,,2.0286335945129395,32.45813751220703,12.256147384643555,26.330063819885254,1.6456289887428284,20.462400436401367,40.8138542175293,153.0,False,,,,145.698974609375,36.0,-113.24083709716797,450,6,221.0,-229.0,bust
00-0033282,Curtis Samuel,BUF,2026.0,WR,,2.0266644954681396,32.426631927490234,21.15232276916504,21.850470542907715,1.3656544089317322,28.68391227722168,59.90533447265625,154.0,False,,,,145.698974609375,36.0,-113.27234268188477,451,6,156.8,-294.2,bust
00-0039050,Payne Durham,TB,2026.0,TE,,1.6936177015304565,27.097883224487305,8.18069839477539,23.00753402709961,1.4379708766937256,16.216386795043945,29.116329193115234,81.0,False,,,,140.54624938964844,12.0,-113.44836616516113,452,6,99.25,-352.75,bust
00-0039379,Jamari Thrash,CLE,2026.0,WR,,2.015427350997925,32.2468376159668,10.243691444396973,27.12499189376831,1.6953119933605194,17.49686050415039,48.98518371582031,155.0,False,,,,145.698974609375,36.0,-113.4521369934082,453,6,181.0,-272.0,bust
,Kendrick Law,DET,,WR,,,32.182579040527344,,,,,,,True,5.0,168.0,False,145.698974609375,36.0,-113.51639556884766,454,6,153.6,-300.4,bust
00-0040729,Jack Bech,LV,2026.0,WR,,2.0008368492126465,32.013389587402344,13.423760414123535,25.301509380340576,1.581344336271286,23.06671142578125,70.16392517089844,156.0,False,,,,145.698974609375,36.0,-113.68558502197266,456,6,94.13,-361.87,bust
00-0036422,Adam Trautman,DEN,2026.0,TE,,1.675034999847412,26.800559997558594,11.366768836975098,21.117175579071045,1.3198234736919403,20.35360336303711,36.285797119140625,83.0,False,,,,140.54624938964844,12.0,-113.74568939208984,457,6,81.5,-375.5,bust
00-0038359,Xavier Smith,LA,2026.0,WR,,1.9966620206832886,31.946592330932617,14.231964111328125,24.830610275268555,1.5519131422042847,26.546480178833008,51.96275329589844,157.0,False,,,,145.698974609375,36.0,-113.75238227844238,458,6,181.0,-277.0,bust
00-0036842,Kene Nwangwu,NYJ,2026.0,RB,,1.6172222708333934,25.875556333334295,4.0173608987352605,23.866875883966664,1.4916797427479165,16.26454763028656,39.377926462501144,152.0,False,,,,140.47225277127183,24.0,-114.59669643793754,464,6,173.5,-290.5,bust
00-0038397,Evan Hull,ARI,2026.0,RB,,1.6103041830885338,25.76486692941654,5.995288559302004,22.767222649765536,1.422951415610346,16.916236001575427,46.82976164996012,153.0,False,,,,140.47225277127183,24.0,-114.70738584185528,465,6,142.5,-322.5,bust
00-0036265,AJ Dillon,CAR,2026.0,RB,,1.6098967334450638,25.75834773512102,5.746727898419516,22.884983785911263,1.430311486619454,16.663597020887497,40.65121049798734,154.0,False,,,,140.47225277127183,24.0,-114.7139050361508,466,6,122.4,-343.6,bust
00-0037098,Samori Toure,PHI,2026.0,WR,,1.9355993270874023,30.969589233398438,9.352334022521973,26.29342222213745,1.6433388888835907,19.463708877563477,49.129676818847656,162.0,False,,,,145.698974609375,36.0,-114.72938537597656,467,6,243.5,-223.5,bust
00-0033217,Mo Alie-Cox,IND,2026.0,TE,,1.6109633445739746,25.775413513183594,10.755411148071289,20.39770793914795,1.2748567461967468,20.622303009033203,42.897464752197266,84.0,False,,,,140.54624938964844,12.0,-114.77083587646484,468,6,102.33,-365.67,bust
00-0039359,Cade Stover,HOU,2026.0,TE,,1.5972340106964111,25.555744171142578,10.661334037780762,20.225077152252197,1.2640673220157623,17.5584716796875,40.99414825439453,85.0,False,,,,140.54624938964844,12.0,-114.99050521850586,470,6,65.9,-404.1,bust
00-0036628,John Bates,WAS,2026.0,TE,,1.5791540145874023,25.266464233398438,9.160356521606445,20.686285972595215,1.292892873287201,17.03156280517578,38.69517517089844,87.0,False,,,,140.54624938964844,12.0,-115.27978515625,472,6,43.8,-428.2,bust
00-0037475,Stone Smartt,NO,2026.0,TE,,1.5712333917617798,25.139734268188477,7.603305816650391,21.33808135986328,1.333630084991455,14.887567520141602,34.43132019042969,88.0,False,,,,140.54624938964844,12.0,-115.40651512145996,475,6,90.2,-384.8,bust
00-0040172,Jordan Watkins,SF,2026.0,WR,,1.889182448387146,30.226919174194336,10.988472938537598,24.732682704925537,1.545792669057846,14.694599151611328,35.29623794555664,165.0,False,,,,145.698974609375,36.0,-115.47205543518066,476,6,154.5,-321.5,bust
00-0036427,Tyler Johnson,NYJ,2026.0,WR,,1.8704814910888672,29.927703857421875,17.148597717285156,21.353404998779297,1.334587812423706,18.115652084350586,47.75498962402344,167.0,False,,,,145.698974609375,36.0,-115.77127075195312,478,6,196.0,-282.0,bust
00-0037539,Lucas Krull,DEN,2026.0,TE,,1.5249176025390625,24.398681640625,7.400474548339844,20.698444366455078,1.2936527729034424,18.262935638427734,34.98029708862305,89.0,False,,,,140.54624938964844,12.0,-116.14756774902344,484,6,108.0,-376.0,bust
00-0036331,Devin Duvernay,ARI,2026.0,WR,,1.825042486190796,29.200679779052734,11.219949722290039,23.590704917907715,1.4744190573692322,20.273590087890625,37.86616134643555,175.0,False,,,,145.698974609375,36.0,-116.49829483032227,488,6,209.0,-279.0,bust
00-0031687,Raheem Mostert,LV,2026.0,RB,,1.4977328181266785,23.963725090026855,12.19392728805542,17.866761445999146,1.1166725903749466,32.0597620010376,62.11567497253418,157.0,False,,,,140.47225277127183,24.0,-116.50852768124497,489,6,112.0,-377.0,bust
00-0039052,Trey Palmer,NO,2026.0,WR,,1.8117344379425049,28.987751007080078,10.992563247680664,23.491469383239746,1.4682168364524841,15.961987495422363,45.88459014892578,176.0,False,,,,145.698974609375,36.0,-116.71122360229492,490,6,174.67,-315.33000000000004,bust
00-0036984,Trey Sermon,ATL,2026.0,RB,,1.4829669623722532,23.72747139795605,4.879301413941433,21.287820690985335,1.3304887931865834,12.40972680573591,43.80273268823017,158.0,False,,,,140.47225277127183,24.0,-116.74478137331577,491,6,132.0,-359.0,bust
00-0039021,Roschon Johnson,CHI,2026.0,RB,,1.4642414320347492,23.427862912555987,7.167383641511264,19.844171091800355,1.2402606932375222,16.378312961335546,44.050489862743596,159.0,False,,,,140.47225277127183,24.0,-117.04438985871585,492,6,104.5,-387.5,bust
00-0039451,Isaiah Williams,NYJ,2026.0,WR,,1.7887228727340698,28.619565963745117,12.974593162536621,22.132269382476807,1.3832668364048004,19.682262420654297,60.65911102294922,177.0,False,,,,145.698974609375,36.0,-117.07940864562988,493,6,153.75,-339.25,bust
00-0039325,Carson Steele,PHI,2026.0,RB,,1.457999303340912,23.327988853454592,6.744246344566346,19.955865681171417,1.2472416050732136,12.354301767349243,51.79387203216553,160.0,False,,,,140.47225277127183,24.0,-117.14426391781723,494,6,146.33,-347.66999999999996,bust
00-0038040,Zamir White,NO,2026.0,RB,,1.4579705467385677,23.327528747817084,6.979351834379427,19.837852830627373,1.2398658019142108,17.117219602870748,50.976142061848414,161.0,False,,,,140.47225277127183,24.0,-117.14472402345474,495,6,117.5,-377.5,bust
00-0038396,Eric Gray,NYG,2026.0,RB,,1.4447027363122773,23.115243780996437,7.734587478409231,19.247950041791825,1.202996877611989,13.4898294117906,41.855052965883516,162.0,False,,,,140.47225277127183,24.0,-117.35700899027539,496,6,130.0,-366.0,bust
00-0036264,Jordan Love,GB,2026.0,QB,11.648604,12.438206672668457,144.88775634765625,0.5189079642295837,144.62830236554146,9.039268897846341,138.34840393066406,166.9335174560547,27.0,False,,,,262.61468505859375,12.0,-117.7269287109375,500,3,18.33,-481.67,bust
00-0036630,Tylan Wallace,CLE,2026.0,WR,,1.7471562623977661,27.954500198364258,10.969290733337402,22.469854831695557,1.4043659269809723,16.618396759033203,40.086978912353516,178.0,False,,,,145.698974609375,36.0,-117.74447441101074,501,6,187.0,-314.0,bust
,Reggie Virgil,ARI,,WR,,,27.49082374572754,,,,,,,True,5.0,143.0,False,145.698974609375,36.0,-118.20815086364746,506,6,143.0,-363.0,bust
00-0036754,Brock Wright,DET,2026.0,TE,,1.394792079925537,22.316673278808594,9.071953773498535,17.780696392059326,1.1112935245037079,17.37534523010254,33.522483825683594,92.0,False,,,,140.54624938964844,12.0,-118.22957611083984,507,6,87.6,-419.4,bust
,Jaren Kanak,TEN,,TE,,,22.30775260925293,,,,,,,True,7.0,225.0,True,140.54624938964844,12.0,-118.23849678039551,508,6,80.2,-427.8,bust
00-0039150,Bryce Young,CAR,2026.0,QB,12.200488,11.819907188415527,144.20863342285156,0.014488446526229382,144.20138919958845,9.012586824974278,142.18495178222656,178.35586547851562,28.0,False,,,,262.61468505859375,12.0,-118.40605163574219,509,3,24.47,-484.53,bust
00-0039407,Dylan Laube,LV,2026.0,RB,,1.368826990524112,21.90123184838579,5.483045467948522,19.15970911441153,1.1974818196507206,15.754477650722684,48.99250697658782,167.0,False,,,,140.47225277127183,24.0,-118.57102092288604,511,6,326.0,-185.0,bust
00-0037120,Tyler Goodson,ATL,2026.0,RB,,1.3463684530547022,21.541895248875235,3.310523641292238,19.886633428229118,1.2429145892643199,12.11758440462226,32.75688689624178,168.0,False,,,,140.47225277127183,24.0,-118.93035752239659,512,6,123.25,-388.75,bust
00-0038496,Xavier Gipson,NYG,2026.0,WR,,1.6498916149139404,26.398265838623047,8.680503845214844,22.058013916015625,1.3786258697509766,15.320913314819336,52.3736686706543,185.0,False,,,,145.698974609375,36.0,-119.30070877075195,517,6,229.0,-288.0,bust
00-0037617,Hassan Haskins,NE,2026.0,RB,,1.3230492830031708,21.168788528050733,5.361835496283655,18.487870779908903,1.1554919237443064,9.077022839982897,29.20875836158925,169.0,False,,,,140.47225277127183,24.0,-119.3034642432211,518,6,125.75,-392.25,bust
00-0038720,Julian Hill,NE,2026.0,TE,,1.3262693881988525,21.22031021118164,10.590662956237793,15.924978733062744,0.9953111708164215,17.602914810180664,39.02313232421875,93.0,False,,,,140.54624938964844,12.0,-119.3259391784668,519,6,86.5,-432.5,bust
00-0039530,Brevyn Spann-Ford,DAL,2026.0,TE,,1.3246345520019531,21.19415283203125,6.831858158111572,17.778223752975464,1.1111389845609665,12.943902969360352,35.67051696777344,94.0,False,,,,140.54624938964844,12.0,-119.35209655761719,520,6,109.67,-410.33,bust
00-0040208,Tahj Brooks,CIN,2026.0,RB,,1.3108705139160157,20.97392822265625,4.991260361671448,18.478298041820526,1.154893627613783,13.389764251708984,40.08388114929199,170.0,False,,,,140.47225277127183,24.0,-119.49832454861557,522,6,90.86,-431.14,bust
00-0036887,Luke Farrell,SF,2026.0,TE,,1.3091315031051636,20.946104049682617,6.657027721405029,17.617590188980103,1.1010993868112564,12.655941009521484,29.6962890625,96.0,False,,,,140.54624938964844,12.0,-119.60014533996582,524,6,95.67,-428.33,bust
00-0032398,Chris Moore,BAL,2026.0,WR,,1.621853232383728,25.94965171813965,9.542448997497559,21.17842721939087,1.3236517012119293,10.666871070861816,45.317962646484375,187.0,False,,,,145.698974609375,36.0,-119.74932289123535,526,6,500.0,-26.0,bust
00-0039920,Malachi Corley,CLE,2026.0,WR,,1.6195217370986938,25.9123477935791,8.120587348937988,21.852054119110107,1.3657533824443817,21.46881866455078,56.30177307128906,188.0,False,,,,145.698974609375,36.0,-119.7866268157959,527,6,166.17,-360.83000000000004,bust
00-0031235,Odell Beckham Jr.,NYG,2026.0,WR,,1.610784649848938,25.772554397583008,12.750747680664062,19.397180557250977,1.212323784828186,22.513452529907227,39.428260803222656,189.0,False,,,,145.698974609375,36.0,-119.92642021179199,528,6,246.0,-282.0,bust
00-0033576,Eric Saubert,SEA,2026.0,TE,,1.2837753295898438,20.5404052734375,8.219250679016113,16.430779933929443,1.0269237458705902,13.441201210021973,28.598695755004883,97.0,False,,,,140.54624938964844,12.0,-120.00584411621094,529,6,119.0,-410.0,bust
00-0037805,Jeremy Ruckert,NYJ,2026.0,TE,,1.2756741046905518,20.410785675048828,15.22669792175293,12.797436714172363,0.7998397946357727,16.471330642700195,39.99552917480469,98.0,False,,,,140.54624938964844,12.0,-120.13546371459961,531,6,78.71,-452.29,bust
00-0023459,Aaron Rodgers,PIT,2026.0,QB,9.252335,15.388175010681152,142.3765411376953,0.06758645176887512,142.34274791181087,8.89642174448818,129.57308959960938,148.26473999023438,29.0,False,,,,262.61468505859375,12.0,-120.23814392089844,532,3,30.59,-501.41,bust
00-0035021,Ashton Dulin,IND,2026.0,WR,,1.578277587890625,25.25244140625,6.335115432739258,22.08488368988037,1.3803052306175232,19.368114471435547,44.41695022583008,191.0,False,,,,145.698974609375,36.0,-120.446533203125,534,6,178.0,-356.0,bust
00-0036590,Quintin Morris,JAX,2026.0,TE,,1.2441917657852173,19.907068252563477,8.264209747314453,15.77496337890625,0.9859352111816406,13.395687103271484,27.80306053161621,99.0,False,,,,140.54624938964844,12.0,-120.63918113708496,537,6,95.0,-442.0,bust
00-0036741,Jack Stoll,NO,2026.0,TE,,1.2439817190170288,19.90370750427246,8.020456314086914,15.893479347229004,0.9933424592018127,13.805940628051758,24.03310775756836,100.0,False,,,,140.54624938964844,12.0,-120.64254188537598,538,6,120.5,-417.5,bust
00-0040582,Arian Smith,NYJ,2026.0,WR,,1.5452543497085571,24.724069595336914,8.5374116897583,20.455363750457764,1.2784602344036102,13.805563926696777,38.731624603271484,197.0,False,,,,145.698974609375,36.0,-120.97490501403809,543,6,167.2,-375.8,bust
00-0036876,Kylen Granson,TEN,2026.0,TE,,1.2211976051330566,19.539161682128906,9.771794319152832,14.65326452255249,0.9158290326595306,17.716663360595703,30.72433853149414,101.0,False,,,,140.54624938964844,12.0,-121.00708770751953,544,6,83.6,-460.4,bust
00-0036959,Michael Bandy,DEN,2026.0,WR,,1.5330463647842407,24.52874183654785,10.06357192993164,19.49695587158203,1.218559741973877,14.309832572937012,44.4568977355957,198.0,False,,,,145.698974609375,36.0,-121.17023277282715,546,6,191.5,-354.5,bust
00-0037742,Treylon Burks,WAS,2026.0,WR,,1.5269030332565308,24.430448532104492,13.992646217346191,17.434125423431396,1.0896328389644623,26.441295623779297,61.12172317504883,201.0,False,,,,145.698974609375,36.0,-121.26852607727051,549,6,119.43,-429.57,bust
00-0035291,Trayveon Williams,CLE,2026.0,RB,,1.1879133235494377,19.006613176791003,6.192421667264146,15.91040234315893,0.9944001464474331,10.795251754320786,31.39553160409581,174.0,False,,,,140.47225277127183,24.0,-121.46563959448082,551,6,177.67,-373.33000000000004,bust
,Riley Nowakowski,PIT,,TE,,,18.772132873535156,,,,,,,True,5.0,169.0,False,140.54624938964844,12.0,-121.77411651611328,554,6,68.25,-485.75,bust
00-0036425,DeeJay Dallas,MIN,2026.0,RB,,1.16675190101822,18.66803041629152,9.119368806071352,14.108346013255842,0.8817716258284901,14.581420053668745,32.77395255640384,175.0,False,,,,140.47225277127183,24.0,-121.80422235498031,555,6,144.5,-410.5,bust
00-0040194,Jackson Hawes,BUF,2026.0,TE,,1.1619372367858887,18.59099578857422,7.346319675445557,14.91783595085144,0.932364746928215,17.816776275634766,42.61467742919922,105.0,False,,,,140.54624938964844,12.0,-121.95525360107422,557,6,61.0,-496.0,bust
00-0036232,Harrison Bryant,HOU,2026.0,TE,,1.1586205959320068,18.53792953491211,6.987834453582764,15.044012308120728,0.9402507692575455,16.2890567779541,35.25755310058594,106.0,False,,,,140.54624938964844,12.0,-122.00831985473633,559,6,90.67,-468.33,bust
,Seydou Traore,MIA,,TE,,,18.225858688354492,,,,,,,True,5.0,180.0,False,140.54624938964844,12.0,-122.32039070129395,562,6,78.0,-484.0,bust
,Barion Brown,NO,,WR,,,23.073781967163086,,,,,,,True,6.0,190.0,False,145.698974609375,36.0,-122.62519264221191,564,6,138.86,-425.14,bust
00-0038090,Skyy Moore,GB,2026.0,WR,,1.42146635055542,22.74346160888672,6.207363605499268,19.639779806137085,1.2274862378835678,15.657477378845215,30.84368324279785,206.0,False,,,,145.698974609375,36.0,-122.95551300048828,568,6,186.8,-381.2,bust
00-0034521,Allen Lazard,NYJ,2026.0,WR,,1.4042510986328125,22.468017578125,12.314069747924805,16.310982704162598,1.0194364190101624,19.752288818359375,53.37289810180664,207.0,False,,,,145.698974609375,36.0,-123.23095703125,569,6,197.0,-372.0,bust
00-0036387,Jalen Reagor,MIA,2026.0,WR,,1.3955117464065552,22.328187942504883,11.190326690673828,16.73302459716797,1.045814037322998,12.40777587890625,32.672035217285156,208.0,False,,,,145.698974609375,36.0,-123.37078666687012,571,6,239.5,-331.5,bust
00-0039754,Devin Culp,TB,2026.0,TE,,1.0684024095535278,17.094438552856445,8.623714447021484,12.782581329345703,0.7989113330841064,11.997973442077637,27.385889053344727,109.0,False,,,,140.54624938964844,12.0,-123.45181083679199,573,6,101.0,-472.0,bust
,Kevin Coleman Jr.,MIA,,WR,,,22.146547317504883,,,,,,,True,5.0,177.0,False,145.698974609375,36.0,-123.55242729187012,577,6,118.5,-458.5,bust
00-0036415,Van Jefferson,WAS,2026.0,WR,,1.3831814527511597,22.130903244018555,12.621918678283691,15.819943904876709,0.9887464940547943,20.564868927001953,53.114200592041016,212.0,False,,,,145.698974609375,36.0,-123.56807136535645,578,6,166.14,-411.86,bust
00-0040184,KeAndre Lambert-Smith,LAC,2026.0,WR,,1.3757712841033936,22.012340545654297,7.439420700073242,18.292630195617676,1.1432893872261047,16.128780364990234,32.68769073486328,214.0,False,,,,145.698974609375,36.0,-123.6866340637207,580,6,136.08,-443.91999999999996,bust
00-0038576,Charlie Jones,NYG,2026.0,WR,,1.365034818649292,21.840557098388672,11.540335655212402,16.07038927078247,1.0043993294239044,16.176959991455078,34.43475341796875,215.0,False,,,,145.698974609375,36.0,-123.85841751098633,582,6,192.5,-389.5,bust
,Skyler Bell,BUF,,WR,,,21.617616079101563,,,,,,,True,4.0,125.0,False,145.698974609375,36.0,-124.08135853027343,584,6,96.79,-487.21,bust
,Max Bredeson,MIN,,TE,,,16.429899215698242,,,,,,,True,5.0,159.0,False,140.54624938964844,12.0,-124.1163501739502,585,6,86.71,-498.29,bust
,Jack Endries,CIN,,TE,,,16.19862174987793,,,,,,,True,7.0,221.0,False,140.54624938964844,12.0,-124.34762763977051,589,6,63.5,-525.5,bust
00-0036556,Brevin Jordan,HOU,2026.0,TE,,1.0109578371047974,16.175325393676758,2.939286947250366,14.705681920051575,0.9191051200032234,12.77152156829834,27.378387451171875,111.0,False,,,,140.54624938964844,12.0,-124.37092399597168,590,6,80.4,-509.6,bust
,Kaytron Allen,WAS,,RB,,,15.935579299926758,,,,,,,True,6.0,187.0,False,140.47225277127183,24.0,-124.53667347134507,593,6,62.72,-530.28,bust
00-0033589,David Moore,CAR,2026.0,WR,,1.317656397819519,21.082502365112305,10.517936706542969,15.82353401184082,0.9889708757400513,17.099498748779297,38.52442932128906,219.0,False,,,,145.698974609375,36.0,-124.6164722442627,595,6,198.5,-396.5,bust
00-0040646,Jalen Royals,KC,2026.0,WR,,1.3169413805007935,21.071062088012695,13.332825660705566,14.404649257659912,0.9002905786037445,15.669856071472168,38.40068817138672,220.0,False,,,,145.698974609375,36.0,-124.6279125213623,596,6,108.38,-487.62,bust
00-0039824,Jared Wiley,KC,2026.0,TE,,0.9775814414024353,15.641303062438965,4.915863513946533,13.183371305465698,0.8239607065916061,7.9654645919799805,20.310108184814453,114.0,False,,,,140.54624938964844,12.0,-124.90494632720947,605,6,296.0,-309.0,bust
00-0039796,Rasheen Ali,BAL,2026.0,RB,,0.9683252314665316,15.493203703464506,7.555580564184926,11.715413421372043,0.7322133388357527,17.62386195452388,50.18061926657006,187.0,False,,,,140.47225277127183,24.0,-124.97904906780732,606,6,279.0,-327.0,bust
00-0033943,Josh Reynolds,NYJ,2026.0,WR,,1.2924033403396606,20.67845344543457,12.42204761505127,14.467429637908936,0.9042143523693085,22.864492416381836,58.299232482910156,225.0,False,,,,145.698974609375,36.0,-125.02052116394043,607,6,173.5,-433.5,bust
,Adam Randall,BAL,,RB,,,15.255887031555176,,,,,,,True,5.0,174.0,False,140.47225277127183,24.0,-125.21636573971665,609,6,77.78,-531.22,bust
00-0038409,Lew Nichols III,PIT,2026.0,RB,,0.9497648805057571,15.196238088092114,2.9473768791003563,13.722549648541936,0.857659353033871,9.652886014536259,40.77995008992138,189.0,False,,,,140.47225277127183,24.0,-125.27601468317971,610,6,196.5,-413.5,bust
00-0038389,Israel Abanikanda,DAL,2026.0,RB,,0.9460620051622392,15.136992082595826,4.172886691093445,13.050548737049104,0.815659296065569,9.17691282272339,48.90726779937744,191.0,False,,,,140.47225277127183,24.0,-125.335260688676,612,6,150.0,-462.0,bust
00-0034798,Durham Smythe,BAL,2026.0,TE,,0.9479464888572693,15.167143821716309,5.126445293426514,12.603921175003052,0.7877450734376907,12.421961784362793,26.271312713623047,115.0,False,,,,140.54624938964844,12.0,-125.37910556793213,613,6,313.0,-300.0,bust
,Colbie Young,CIN,,WR,,,19.568015859375002,,,,,,,True,4.0,140.0,False,145.698974609375,36.0,-126.13095874999999,622,6,148.0,-474.0,bust
00-0039236,Johnny Wilson,PHI,2026.0,WR,,1.2191776037216187,19.5068416595459,9.590012550354004,14.711835384368896,0.919489711523056,10.89883804321289,30.886463165283203,231.0,False,,,,145.698974609375,36.0,-126.1921329498291,623,6,197.33,-425.66999999999996,bust
00-0037509,Sincere McCormick,SF,2026.0,RB,,0.8830212039987491,14.128339263979985,3.546028589146501,12.355324969406736,0.772207810587921,9.345020556335658,36.77192989931622,194.0,False,,,,140.47225277127183,24.0,-126.34391350729184,624,6,124.25,-499.75,bust
00-0037085,Tyler Badie,DEN,2026.0,RB,,0.8803148199869786,14.085037119791657,14.367177169931661,6.901448534825826,0.4313405334266141,9.07723100937694,38.589339566997765,195.0,False,,,,140.47225277127183,24.0,-126.38721565148018,625,6,109.0,-516.0,bust
00-0033537,Deshaun Watson,CLE,2026.0,QB,11.215577,12.13755989074707,136.12974548339844,0.5028547048568726,135.87831813097,8.492394883185625,97.06031799316406,151.46762084960938,30.0,False,,,,262.61468505859375,12.0,-126.48493957519531,627,3,33.79,-593.21,bust
00-0029263,Russell Wilson,NYG,2026.0,QB,11.68565,11.603312492370605,135.59225463867188,0.0,135.59225463867188,8.474515914916992,96.68344116210938,156.07479858398438,31.0,False,,,,262.61468505859375,12.0,-127.02243041992188,638,3,53.0,-585.0,bust
,Carsen Ryan,CLE,,TE,,,13.447206497192383,,,,,,,True,7.0,248.0,False,140.54624938964844,12.0,-127.09904289245605,641,6,79.75,-561.25,bust
00-0039365,Jacob Cowing,SF,2026.0,WR,,1.1597862243652344,18.55657958984375,5.902919769287109,15.605119705200195,0.9753199815750122,11.676475524902344,26.794902801513672,236.0,False,,,,145.698974609375,36.0,-127.14239501953125,642,6,165.8,-476.2,bust
00-0038941,Tyler Scott,LA,2026.0,WR,,1.1440190076828003,18.304304122924805,5.350189208984375,15.629209518432617,0.9768255949020386,9.671464920043945,26.31815528869629,239.0,False,,,,145.698974609375,36.0,-127.3946704864502,647,6,202.67,-444.33000000000004,bust
,Josh Cuevas,BAL,,TE,,,12.922696113586426,,,,,,,True,5.0,173.0,False,140.54624938964844,12.0,-127.62355327606201,652,6,69.0,-583.0,bust
,Malik Benson,LV,,WR,,,17.796300888061523,,,,,,,True,6.0,195.0,False,145.698974609375,36.0,-127.90267372131348,662,6,119.8,-542.2,bust
00-0038622,Deuce Vaughn,HOU,2026.0,RB,,0.7827959996461868,12.52473599433899,3.1159558868408204,10.96675805091858,0.6854223781824113,7.130898590087891,31.773926773071288,206.0,False,,,,140.47225277127183,24.0,-127.94751677693284,663,6,152.67,-510.33000000000004,bust
00-0038752,Jake Bobo,SEA,2026.0,WR,,1.0849010944366455,17.358417510986328,8.6343994140625,13.041217803955078,0.8150761127471924,10.04153060913086,42.14342498779297,246.0,False,,,,145.698974609375,36.0,-128.34055709838867,667,6,159.0,-508.0,bust
00-0036020,Salvon Ahmed,CHI,2026.0,RB,,0.7427218139742762,11.883549023588419,1.3662027957258285,11.200447625725504,0.700027976607844,7.953268605597129,28.22420070695192,209.0,False,,,,140.47225277127183,24.0,-128.5887037476834,676,6,169.0,-507.0,bust
,Demond Claiborne,MIN,,RB,,,11.830151557922363,,,,,,,True,6.0,198.0,False,140.47225277127183,24.0,-128.64210121334946,678,6,71.37,-606.63,bust
00-0036182,Nick Westbrook-Ikhine,IND,2026.0,WR,,1.0568361282348633,16.909378051757812,8.527000427246094,12.645877838134766,0.7903673648834229,8.671842575073242,51.81673049926758,254.0,False,,,,145.698974609375,36.0,-128.7895965576172,683,6,122.5,-560.5,bust
00-0033591,Noah Brown,WAS,2026.0,WR,,1.052444577217102,16.839113235473633,10.918485641479492,11.379870414733887,0.7112419009208679,17.945219039916992,41.23931884765625,255.0,False,,,,145.698974609375,36.0,-128.85986137390137,684,6,166.5,-517.5,bust
00-0040154,Tai Felton,MIN,2026.0,WR,,1.0398409366607666,16.637454986572266,3.9503605365753174,14.662274718284607,0.9163921698927879,0.0,33.39662170410156,258.0,False,,,,145.698974609375,36.0,-129.06151962280273,689,6,122.25,-566.75,bust
00-0036862,Ben Skowronek,PIT,2026.0,WR,,0.9922068119049072,15.875308990478516,8.620922088623047,11.564847946166992,0.722802996635437,8.806660652160645,28.907127380371094,267.0,False,,,,145.698974609375,36.0,-129.82366561889648,704,6,206.67,-497.33000000000004,bust
00-0040225,Thomas Fidone II,NYG,2026.0,TE,,0.6231042146682739,9.969667434692383,2.3766849040985107,8.781324982643127,0.5488328114151955,8.192347526550293,17.395965576171875,148.0,False,,,,140.54624938964844,12.0,-130.57658195495605,721,6,64.5,-656.5,bust
00-0035594,Travis Homer,PIT,2026.0,RB,,0.6039721989313436,9.663555182901497,5.232885341993511,7.047112511904741,0.4404445319940463,8.86309672480328,33.11765422097793,213.0,False,,,,140.47225277127183,24.0,-130.80869758837034,725,6,179.0,-546.0,bust
00-0036345,K.J. Osborn,TEN,2026.0,WR,,0.9067047238349915,14.507275581359863,10.593437194824219,9.210556983947754,0.5756598114967346,8.685203552246094,22.322118759155273,275.0,False,,,,145.698974609375,36.0,-131.19169902801514,731,6,209.33,-521.67,bust
00-0037410,Jashaun Corbin,DAL,2026.0,RB,,0.5776869389820719,9.24299102371315,1.8666478674188205,8.30966709000374,0.5193541931252338,3.9275352170987947,27.22040140189837,215.0,False,,,,140.47225277127183,24.0,-131.22926174755867,732,6,199.5,-532.5,bust
00-0039884,Tahj Washington,PHI,2026.0,WR,,0.8893252015113831,14.229203224182129,11.110750198364258,8.673828125,0.5421142578125,15.242405891418457,43.0494499206543,280.0,False,,,,145.698974609375,36.0,-131.46977138519287,742,6,203.75,-538.25,bust
00-0037755,Jelani Woods,NYJ,2026.0,TE,,0.55704265832901,8.91268253326416,4.588929176330566,6.618217945098877,0.4136386215686798,5.145732402801514,20.85413932800293,164.0,False,,,,140.54624938964844,12.0,-131.63356685638428,753,6,85.8,-667.2,bust
00-0037091,Bo Melton,GB,2026.0,WR,,0.8752980828285217,14.004769325256348,5.97871208190918,11.015413284301758,0.6884633302688599,12.987297058105469,34.512752532958984,283.0,False,,,,145.698974609375,36.0,-131.69420528411865,755,6,183.0,-572.0,bust
00-0037277,Teagan Quitoriano,ARI,2026.0,TE,,0.547907829284668,8.766525268554688,2.756019115447998,7.3885157108306885,0.46178223192691803,6.477137088775635,16.91720199584961,167.0,False,,,,140.54624938964844,12.0,-131.77972412109375,758,6,129.0,-629.0,bust
00-0035228,Kyler Murray,MIN,2026.0,QB,10.633587,12.302229881286621,130.81683349609375,0.05057672783732414,130.7915451321751,8.174471570760943,126.82515716552734,170.46524047851562,32.0,False,,,,262.61468505859375,12.0,-131.7978515625,759,3,17.22,-741.78,bust
00-0039703,Cody Schrader,DEN,2026.0,RB,,0.5324264249807348,8.518822799691756,1.6282340419912567,7.704705778696128,0.481544111168508,6.365562474699889,24.763047761793093,221.0,False,,,,140.47225277127183,24.0,-131.95342997158008,767,6,148.33,-618.67,bust
00-0030565,Geno Smith,NYJ,2026.0,QB,9.704939,13.431986808776855,130.3566131591797,0.0,130.3566131591797,8.14728832244873,121.45228576660156,143.6741180419922,33.0,False,,,,262.61468505859375,12.0,-132.25807189941406,773,3,29.69,-743.31,bust
,Jam Miller,NE,,RB,,,7.277816295623779,,,,,,,True,7.0,245.0,False,140.47225277127183,24.0,-133.19443647564805,800,6,103.33,-696.67,bust
00-0031763,DeAndre Carter,CLE,2026.0,WR,,0.7675095796585083,12.280153274536133,6.843196868896484,8.85855484008789,0.5536596775054932,1.0851409435272217,23.142332077026367,312.0,False,,,,145.698974609375,36.0,-133.41882133483887,806,6,232.0,-574.0,bust
00-0039792,Devontez Walker,BAL,2026.0,WR,,0.7268064618110657,11.62890338897705,6.82520866394043,8.216299057006836,0.5135186910629272,16.92428207397461,43.62956237792969,331.0,False,,,,145.698974609375,36.0,-134.07007122039795,835,6,135.67,-699.33,bust
,Seth McGowan,IND,,RB,,,6.278110980987549,,,,,,,True,7.0,237.0,False,140.47225277127183,24.0,-134.19414179028428,843,6,90.22,-752.78,bust
00-0037828,Danny Gray,PHI,2026.0,WR,,0.7038945555686951,11.262312889099121,6.162826061248779,8.180899858474731,0.5113062411546707,5.364534854888916,20.43912124633789,337.0,False,,,,145.698974609375,36.0,-134.43666172027588,852,6,241.0,-611.0,bust
,Bryce Lance,NO,,WR,,,11.237878225097656,,,,,,,True,4.0,136.0,False,145.698974609375,36.0,-134.46109638427734,855,6,111.13,-743.87,bust
00-0038465,Malik Heath,GB,2026.0,WR,,0.6946574449539185,11.114519119262695,8.167882919311523,7.030577659606934,0.43941110372543335,6.115365505218506,29.222211837768555,339.0,False,,,,145.698974609375,36.0,-134.5844554901123,860,6,223.0,-637.0,bust
00-0039420,Jaheim Bell,PIT,2026.0,TE,,0.3606489300727844,5.770382881164551,2.7455456256866455,4.397610068321228,0.27485062927007675,3.065333366394043,12.675365447998047,203.0,False,,,,140.54624938964844,12.0,-134.7758665084839,861,6,87.67,-773.33,bust
00-0033307,Kendrick Bourne,ARI,2026.0,WR,,0.6504278182983398,10.406845092773438,0.3136715590953827,10.250009313225746,0.6406255820766091,13.983137130737305,38.724609375,344.0,False,,,,145.698974609375,36.0,-135.29212951660156,873,6,121.83,-751.17,bust
,Cyrus Allen,KC,,WR,,,9.686234474182129,,,,,,,True,5.0,176.0,False,145.698974609375,36.0,-136.01274013519287,888,6,120.0,-768.0,bust
,Justin Joly,DEN,,TE,,,3.7770495414733887,,,,,,,True,5.0,152.0,False,140.54624938964844,12.0,-136.76919984817505,897,6,45.75,-851.25,bust
,CJ Daniels,LA,,WR,,,8.751235008239746,,,,,,,True,6.0,197.0,False,145.698974609375,36.0,-136.94773960113525,899,6,127.17,-771.83,bust
,Dallen Bentley,DEN,,TE,,,2.996082305908203,,,,,,,True,7.0,256.0,False,140.54624938964844,12.0,-137.55016708374023,906,6,68.17,-837.83,bust
,Emmanuel Henderson Jr.,SEA,,WR,,,7.743163585662842,,,,,,,True,6.0,199.0,False,145.698974609375,36.0,-137.95581102371216,912,6,79.33,-832.67,bust
00-0034860,Dante Pettis,NO,2026.0,WR,,0.47829359769821167,7.652697563171387,3.4708149433135986,5.917290091514587,0.3698306307196617,0.0,27.405757904052734,375.0,False,,,,145.698974609375,36.0,-138.0462770462036,913,6,189.5,-723.5,bust
00-0035639,Parris Campbell,DAL,2026.0,WR,,0.4274245798587799,6.8387932777404785,4.0177717208862305,4.829907417297363,0.3018692135810852,5.290268421173096,20.528711318969727,382.0,False,,,,145.698974609375,36.0,-138.86018133163452,923,6,223.5,-699.5,bust
00-0038492,Jason Brownlee,KC,2026.0,WR,,0.38720476627349854,6.195276260375977,3.7512903213500977,4.319631099700928,0.269976943731308,3.4879188537597656,15.434429168701172,385.0,False,,,,145.698974609375,36.0,-139.50369834899902,926,6,233.0,-693.0,bust
,Nicholas Singleton,TEN,,RB,,,0.2942764163017273,,,,,,,True,5.0,165.0,False,140.47225277127183,24.0,-140.1779763549701,929,6,61.72,-867.28,bust
00-0035567,Craig Reynolds,WAS,2026.0,RB,,0.0,0.0,0.08541198040578644,-0.04270599020289322,-0.0026691243876808264,0.0,8.187690538103494,225.0,False,,,,140.47225277127183,24.0,-140.47225277127183,932,6,147.67,-784.33,bust
,Deion Burks,IND,,WR,,,4.352383136749268,,,,,,,True,7.0,254.0,False,145.698974609375,36.0,-141.34659147262573,936,6,133.6,-802.4,bust
,Lewis Bond,HOU,,WR,,,2.3881211280822754,,,,,,,True,6.0,204.0,False,145.698974609375,36.0,-143.31085348129272,942,6,166.0,-776.0,bust
,Josh Cameron,JAX,,WR,,,2.0793635845184326,,,,,,,True,6.0,191.0,False,145.698974609375,36.0,-143.61961102485657,943,6,144.0,-799.0,bust
00-0036620,Dee Eskridge,MIA,2026.0,WR,,0.02795656956732273,0.4473051130771637,3.5082931518554688,-1.3068414628505707,-0.08167759142816067,2.1550686359405518,19.7380428314209,401.0,False,,,,145.698974609375,36.0,-145.25166949629784,949,6,234.5,-714.5,bust
,Anthony Smith,DAL,,WR,,,0.0,,,,,,,True,7.0,218.0,False,145.698974609375,36.0,-145.698974609375,950,6,81.71,-868.29,bust
00-0040009,Savion Williams,GB,2026.0,WR,,0.0,0.0,0.0,0.0,0.0,0.0,9.842613220214844,405.0,False,,,,145.698974609375,36.0,-145.698974609375,951,6,121.11,-829.89,bust
00-0034418,Cedrick Wilson Jr.,MIA,2026.0,WR,,0.0,0.0,3.608154773712158,-1.804077386856079,-0.11275483667850494,6.3699445724487305,26.217079162597656,404.0,False,,,,145.698974609375,36.0,-145.698974609375,954,6,208.0,-746.0,bust
00-0037745,Velus Jones Jr.,SEA,2026.0,WR,,0.0,0.0,2.009591579437256,-1.004795789718628,-0.06279973685741425,0.0,17.88357925415039,403.0,False,,,,145.698974609375,36.0,-145.698974609375,955,6,225.0,-730.0,bust
00-0033869,Mitchell Trubisky,TEN,2026.0,QB,10.597729,9.7533540725708,103.3634033203125,0.0,103.3634033203125,6.460212707519531,63.287269592285156,122.56730651855469,34.0,False,,,,262.61468505859375,12.0,-159.25128173828125,957,4,63.0,-894.0,bust
,Carson Beck,ARI,,QB,,,90.40917205810547,,,,,,,True,3.0,65.0,False,262.61468505859375,12.0,-172.20551300048828,958,4,39.8,-918.2,bust
00-0035100,Jake Browning,CIN,2026.0,QB,7.4179726,10.753779411315918,79.771240234375,0.0,79.771240234375,4.9857025146484375,47.88698196411133,70.48593139648438,35.0,False,,,,262.61468505859375,12.0,-182.84344482421875,959,4,69.88,-889.12,bust
00-0026158,Joe Flacco,CIN,2026.0,QB,6.4065332,12.083341598510742,77.4123306274414,0.039036933332681656,77.39281216077507,4.837050760048442,47.860050201416016,88.11817932128906,36.0,False,,,,262.61468505859375,12.0,-185.20235443115234,960,4,45.0,-915.0,bust
00-0036945,Justin Fields,KC,2026.0,QB,7.9732623,9.701294898986816,77.35096740722656,0.27160823345184326,77.21516329050064,4.82594770565629,49.453670501708984,90.96653747558594,37.0,False,,,,262.61468505859375,12.0,-185.2637176513672,961,4,37.2,-923.8,bust
00-0031503,Jameis Winston,NYG,2026.0,QB,10.429988,7.103322505950928,74.08757019042969,0.027691056951880455,74.07372466195375,4.629607791372109,51.86457824707031,97.70659637451172,38.0,False,,,,262.61468505859375,12.0,-188.52711486816406,962,4,41.0,-921.0,bust
00-0040673,Jalen Milroe,SEA,2026.0,QB,10.424675,6.768102169036865,70.55526733398438,0.9410525560379028,70.08474105596542,4.380296315997839,29.762954711914062,89.39483642578125,40.0,False,,,,262.61468505859375,12.0,-192.05941772460938,964,4,55.5,-908.5,bust
,Ty Simpson,LA,,QB,,,67.71021270751953,,,,,,,True,1.0,13.0,False,262.61468505859375,12.0,-194.90447235107422,965,4,38.55,-926.45,bust
00-0032268,Marcus Mariota,WAS,2026.0,QB,5.905439,10.463696479797363,61.792720794677734,0.0457429438829422,61.76984932273626,3.8606155826710165,34.275150299072266,69.72279357910156,41.0,False,,,,262.61468505859375,12.0,-200.82196426391602,966,4,42.75,-923.25,bust
00-0027973,Andy Dalton,PHI,2026.0,QB,6.1303616,9.505887985229492,58.27452850341797,0.0,58.27452850341797,3.642158031463623,42.09265899658203,68.00493621826172,43.0,False,,,,262.61468505859375,12.0,-204.34015655517578,968,4,75.17,-892.83,bust
00-0036972,Mac Jones,SF,2026.0,QB,6.731512,8.08465576171875,54.421958923339844,0.0,54.421958923339844,3.4013724327087402,41.345909118652344,70.58859252929688,45.0,False,,,,262.61468505859375,12.0,-208.1927261352539,970,4,37.46,-932.54,bust
00-0040668,Shedeur Sanders,CLE,2026.0,QB,6.016258,8.791631698608398,52.892723083496094,0.0,52.892723083496094,3.305795192718506,28.181304931640625,61.187252044677734,46.0,False,,,,262.61468505859375,12.0,-209.72196197509766,971,5,32.11,-938.89,bust
00-0039152,Will Levis,TEN,2026.0,QB,8.311805,5.7313032150268555,47.637474060058594,0.7261521220207214,47.27439799904823,2.9546498749405146,38.59572219848633,69.64901733398438,47.0,False,,,,262.61468505859375,12.0,-214.97721099853516,972,5,65.0,-907.0,bust
00-0039398,Joe Milton III,DAL,2026.0,QB,5.4671326,8.633899688720703,47.202674865722656,0.000732427230104804,47.202308652107604,2.9501442907567252,23.669679641723633,51.51813888549805,48.0,False,,,,262.61468505859375,12.0,-215.4120101928711,973,5,43.83,-929.17,bust
00-0028986,Case Keenum,CHI,2026.0,QB,6.3725505,7.3743414878845215,46.99336242675781,0.18853925168514252,46.89909280091524,2.9311933000572026,22.975980758666992,56.10108184814453,49.0,False,,,,262.61468505859375,12.0,-215.62132263183594,974,5,98.33,-875.67,bust
00-0026300,Josh Johnson,CIN,2026.0,QB,6.122083,7.616392135620117,46.6281852722168,0.46988537907600403,46.393242582678795,2.8995776614174247,29.304706573486328,55.695404052734375,51.0,False,,,,262.61468505859375,12.0,-215.98649978637695,976,5,93.0,-883.0,bust
00-0038416,Tyson Bagent,CHI,2026.0,QB,6.614718,6.930958271026611,45.84633255004883,0.254088819026947,45.719288140535355,2.8574555087834597,35.30275344848633,74.70458221435547,52.0,False,,,,262.61468505859375,12.0,-216.76835250854492,977,5,53.33,-923.67,bust
00-0040234,Quinn Ewers,JAX,2026.0,QB,6.3490796,6.904094696044922,43.83464813232422,0.013979189097881317,43.82765853777528,2.739228658610955,30.799762725830078,54.87221908569336,54.0,False,,,,262.61468505859375,12.0,-218.78003692626953,979,5,50.8,-928.2,bust
00-0033662,Cooper Rush,ATL,2026.0,QB,7.649336,5.705050945281982,43.63985061645508,0.6487060189247131,43.31549760699272,2.707218600437045,21.213092803955078,47.4737434387207,55.0,False,,,,262.61468505859375,12.0,-218.97483444213867,980,5,81.67,-898.33,bust
00-0028118,Tyrod Taylor,GB,2026.0,QB,4.8892465,8.69677734375,42.520687103271484,0.09800868481397629,42.471682760864496,2.654480172554031,26.2064266204834,55.47261047363281,56.0,False,,,,262.61468505859375,12.0,-220.09399795532227,981,5,48.33,-932.67,bust
00-0037012,Trey Lance,LAC,2026.0,QB,5.3528037,7.9380412101745605,42.49077606201172,0.04233691468834877,42.469607604667544,2.6543504752917215,24.152477264404297,50.47003173828125,57.0,False,,,,262.61468505859375,12.0,-220.12390899658203,982,5,49.0,-933.0,bust
00-0037077,Sam Howell,DAL,2026.0,QB,6.5463963,6.253576278686523,40.93838882446289,0.1985279768705368,40.83912483602762,2.5524453022517264,18.476957321166992,58.216888427734375,60.0,False,,,,262.61468505859375,12.0,-221.67629623413086,985,5,71.0,-914.0,bust
,Taylen Green,CLE,,QB,,,40.58432388305664,,,,,,,True,6.0,182.0,False,262.61468505859375,12.0,-222.0303611755371,986,5,43.33,-942.67,bust
00-0038391,Sean Clifford,CIN,2026.0,QB,6.9629164,5.734403133392334,39.92816925048828,0.5096697807312012,39.67333436012268,2.4795833975076675,17.18624496459961,55.29615783691406,64.0,False,,,,262.61468505859375,12.0,-222.68651580810547,990,5,106.0,-884.0,bust
00-0039917,Michael Penix Jr.,ATL,2026.0,QB,5.8523073,6.658884525299072,38.9698371887207,0.005429941229522228,38.96712221810594,2.4354451386316214,31.996461868286133,59.37080764770508,65.0,False,,,,262.61468505859375,12.0,-223.64484786987305,991,5,30.81,-960.19,bust
00-0034577,Kyle Allen,BUF,2026.0,QB,5.9897056,6.1906843185424805,37.08037567138672,1.0739482641220093,36.543401539325714,2.283962596207857,20.57528305053711,40.13252258300781,67.0,False,,,,262.61468505859375,12.0,-225.53430938720703,993,5,75.25,-917.75,bust
00-0034771,Mason Rudolph,PIT,2026.0,QB,5.964602,5.942781448364258,35.446327209472656,0.0,35.446327209472656,2.215395450592041,24.64052391052246,50.075218200683594,70.0,False,,,,262.61468505859375,12.0,-227.1683578491211,996,5,60.55,-935.45,bust
00-0039923,J.J. McCarthy,MIN,2026.0,QB,5.5474753,6.316450595855713,35.04035568237305,0.11709694564342499,34.981807209551334,2.1863629505969584,23.41515350341797,57.798622131347656,71.0,False,,,,262.61468505859375,12.0,-227.5743293762207,997,5,34.96,-962.04,bust
,Drew Allar,PIT,,QB,,,34.66106414794922,,,,,,,True,3.0,76.0,False,262.61468505859375,12.0,-227.95362091064453,998,5,55.5,-942.5,bust
00-0036898,Davis Mills,HOU,2026.0,QB,5.3124504,6.308866500854492,33.515541076660156,0.0,33.515541076660156,2.0947213172912598,27.432964324951172,40.70409393310547,77.0,False,,,,262.61468505859375,12.0,-229.0991439819336,1004,5,54.6,-949.4,bust
00-0039376,Spencer Rattler,NO,2026.0,QB,6.0087867,5.508227348327637,33.09776306152344,0.008451234549283981,33.093537444248796,2.0683460902655497,23.994239807128906,59.55358123779297,81.0,False,,,,262.61468505859375,12.0,-229.5169219970703,1008,5,47.5,-960.5,bust
,Cole Payton,PHI,,QB,,,32.810699462890625,,,,,,,True,5.0,178.0,False,262.61468505859375,12.0,-229.80398559570312,1012,5,49.42,-962.58,bust
00-0040206,Riley Leonard,IND,2026.0,QB,6.1585197,5.294543266296387,32.60654830932617,0.22650280594825745,32.49329690635204,2.0308310566470027,23.722864151000977,43.09404373168945,85.0,False,,,,262.61468505859375,12.0,-230.00813674926758,1013,5,46.2,-966.8,bust
00-0038476,Tommy DeVito,NE,2026.0,QB,7.42082,4.296319484710693,31.88221549987793,0.48345813155174255,31.64048643410206,1.9775304021313787,19.414949417114258,55.67536544799805,87.0,False,,,,262.61468505859375,12.0,-230.73246955871582,1015,5,86.0,-929.0,bust
00-0036879,Sam Ehlinger,DEN,2026.0,QB,7.151609,4.184638977050781,29.92690086364746,0.29218366742134094,29.78080902993679,1.8613005643710494,12.469690322875977,55.314815521240234,89.0,False,,,,262.61468505859375,12.0,-232.6877841949463,1017,5,88.0,-929.0,bust
00-0038400,Tanner McKee,PHI,2026.0,QB,5.2940598,5.634195804595947,29.827768325805664,0.20811109244823456,29.723712779581547,1.8577320487238467,16.368736267089844,37.600589752197266,90.0,False,,,,262.61468505859375,12.0,-232.7869167327881,1018,5,54.5,-963.5,bust
00-0038579,Aidan O'Connell,LV,2026.0,QB,4.75743,6.077959060668945,28.915464401245117,0.18010959029197693,28.82540960609913,1.8015881003811955,18.486162185668945,41.232452392578125,93.0,False,,,,262.61468505859375,12.0,-233.69922065734863,1021,5,64.67,-956.33,bust
00-0037013,Zach Wilson,NO,2026.0,QB,6.1733727,4.458127975463867,27.521686553955078,0.5075517892837524,27.267910659313202,1.7042444162070751,20.60718536376953,50.18871307373047,98.0,False,,,,262.61468505859375,12.0,-235.09299850463867,1026,5,65.5,-960.5,bust
00-0031237,Teddy Bridgewater,DET,2026.0,QB,6.30033,4.323514461517334,27.23956871032715,0.43600475788116455,27.021566331386566,1.6888478957116604,16.056758880615234,42.939823150634766,100.0,False,,,,262.61468505859375,12.0,-235.3751163482666,1028,5,79.33,-948.67,bust
00-0033949,Joshua Dobbs,DET,2026.0,QB,7.236027,3.7139017581939697,26.873891830444336,0.36411434412002563,26.691834658384323,1.6682396661490202,22.87986183166504,50.13465118408203,102.0,False,,,,262.61468505859375,12.0,-235.7407932281494,1030,5,75.8,-954.2,bust
00-0035264,Jarrett Stidham,DEN,2026.0,QB,7.1235533,3.7614026069641113,26.794551849365234,0.4014042615890503,26.59384971857071,1.6621156074106693,19.03226089477539,44.04814910888672,103.0,False,,,,262.61468505859375,12.0,-235.82013320922852,1031,5,66.75,-964.25,bust
00-0038108,Bailey Zappe,NYJ,2026.0,QB,6.983934,3.8044776916503906,26.570220947265625,0.6776900887489319,26.23137590289116,1.6394609939306974,15.74448299407959,47.693634033203125,105.0,False,,,,262.61468505859375,12.0,-236.04446411132812,1033,5,86.2,-946.8,bust
00-0035993,Tyler Huntley,BAL,2026.0,QB,5.3515916,4.959833145141602,26.543001174926758,0.3022581934928894,26.391872078180313,1.6494920048862696,17.154552459716797,45.30139923095703,106.0,False,,,,262.61468505859375,12.0,-236.071683883667,1034,5,65.0,-969.0,bust
00-0035704,Drew Lock,SEA,2026.0,QB,6.2217603,3.8522088527679443,23.967519760131836,0.48247259855270386,23.726283460855484,1.4828927163034678,20.416698455810547,41.68561553955078,108.0,False,,,,262.61468505859375,12.0,-238.6471652984619,1036,5,77.5,-958.5,bust
,Cade Klubnik,NYJ,,QB,,,22.613563537597656,,,,,,,True,4.0,110.0,False,262.61468505859375,12.0,-240.0011215209961,1038,5,48.2,-989.8,bust
00-0038550,Hendon Hooker,TEN,2026.0,QB,6.686717,3.113129138946533,20.816614151000977,1.0473132133483887,20.292957544326782,1.268309846520424,11.022909164428711,41.439151763916016,114.0,False,,,,262.61468505859375,12.0,-241.79807090759277,1043,5,84.5,-958.5,bust
00-0032950,Carson Wentz,MIN,2026.0,QB,2.6562128,7.491101264953613,19.897958755493164,0.1881314367055893,19.80389303714037,1.237743314821273,14.730819702148438,27.282516479492188,115.0,False,,,,262.61468505859375,12.0,-242.7167263031006,1044,5,60.75,-983.25,bust
00-0033319,Nick Mullens,JAX,2026.0,QB,7.001312,2.827037811279297,19.792972564697266,0.2738363444805145,19.65605439245701,1.228503399528563,20.123525619506836,44.170875549316406,116.0,False,,,,262.61468505859375,12.0,-242.82171249389648,1045,5,74.2,-970.8,bust
00-0040704,Dillon Gabriel,CLE,2026.0,QB,4.5178676,4.1865692138671875,18.914365768432617,0.25634509325027466,18.78619322180748,1.1741370763629675,14.196722984313965,26.024946212768555,117.0,False,,,,262.61468505859375,12.0,-243.70031929016113,1046,5,62.0,-984.0,bust
00-0040398,Brady Cook,MIA,2026.0,QB,4.8640275,3.6432621479034424,17.720928192138672,0.29967042803764343,17.57109297811985,1.0981933111324906,13.962263107299805,32.1061897277832,118.0,False,,,,262.61468505859375,12.0,-244.89375686645508,1047,5,60.5,-986.5,bust
00-0038102,Kenny Pickett,CAR,2026.0,QB,3.6541822,4.535171031951904,16.572341918945312,0.0,16.572341918945312,1.035771369934082,9.582716941833496,26.70861053466797,119.0,False,,,,262.61468505859375,12.0,-246.04234313964844,1048,5,55.5,-992.5,bust
00-0040494,Max Brosmer,MIN,2026.0,QB,3.4681733,4.36138916015625,15.126052856445312,0.840594470500946,14.70575562119484,0.9191097263246775,5.745855331420898,19.300771713256836,120.0,False,,,,262.61468505859375,12.0,-247.48863220214844,1049,5,83.0,-966.0,bust
00-0037327,Skylar Thompson,BAL,2026.0,QB,7.121228,2.1188316345214844,15.08868408203125,0.8600255846977234,14.658671289682388,0.9161669556051493,7.4825639724731445,36.78200149536133,121.0,False,,,,262.61468505859375,12.0,-247.5260009765625,1050,5,92.0,-958.0,bust
,Behren Morton,NE,,QB,,,6.839718341827393,,,,,,,True,7.0,234.0,False,262.61468505859375,12.0,-255.77496671676636,1051,5,94.11,-956.89,bust
,Athan Kaliakmanis,WAS,,QB,,,3.8473000526428223,,,,,,,True,7.0,223.0,False,262.61468505859375,12.0,-258.7673850059509,1052,5,89.17,-962.83,bust
,Garrett Nussmeier,KC,,QB,,,1.2886031866073608,,,,,,,True,7.0,249.0,False,262.61468505859375,12.0,-261.3260818719864,1053,5,57.75,-995.25,bust
