player_id,player_display_name,team,season,position,projected_games_played,projected_ppr_per_game,projected_ppr,projected_receptions,projected_half_ppr,projected_half_ppr_per_game,ci_low,ci_high,position_rank,is_rookie,baseline_pts,baseline_rank,vbd,vbd_rank_overall,tier
00-0036963,Amon-Ra St. Brown,DET,2024,WR,,18.568265914916992,297.0922546386719,97.67595672607422,248.25427627563477,15.515892267227173,246.59616088867188,302.25506591796875,1,False,152.5597686767578,36.0,144.53248596191406,1,1
00-0035676,A.J. Brown,PHI,2024,WR,,18.270517349243164,292.3282775878906,92.36514282226562,246.1457061767578,15.384106636047363,235.15704345703125,324.4613037109375,2,False,152.5597686767578,36.0,139.7685089111328,2,1
00-0036252,Michael Pittman,IND,2024,WR,,17.114713668823242,273.8354187011719,95.39022064208984,226.14030838012695,14.133769273757935,235.9746856689453,286.8506164550781,3,False,152.5597686767578,36.0,121.27565002441406,3,1
00-0033040,Tyreek Hill,MIA,2024,WR,,16.595211029052734,265.52337646484375,86.64330291748047,222.20172500610352,13.88760781288147,201.82708740234375,266.459228515625,4,False,152.5597686767578,36.0,112.96360778808594,4,1
00-0039075,Puka Nacua,LA,2024,WR,,16.286359786987305,260.5817565917969,95.32274627685547,212.92038345336914,13.307523965835571,236.0684051513672,307.7414245605469,5,False,152.5597686767578,36.0,108.02198791503906,5,1
00-0038120,Breece Hall,NYJ,2024,RB,,16.830938835144043,269.2950213623047,60.340784873962406,239.1246289253235,14.945289307832718,222.86283950805665,291.92126220703125,1,False,164.73147786980536,24.0,104.56354349249932,6,1
00-0036322,Justin Jefferson,MIN,2024,WR,,16.040416717529297,256.64666748046875,79.35436248779297,216.96948623657227,13.560592889785767,233.31204223632812,286.80609130859375,6,False,152.5597686767578,36.0,104.08689880371094,7,1
00-0036912,DeVonta Smith,PHI,2024,WR,,15.557974815368652,248.92759704589844,84.08744049072266,206.8838768005371,12.93024230003357,222.8565673828125,260.43621826171875,7,False,152.5597686767578,36.0,96.36782836914062,8,1
00-0033873,Patrick Mahomes,KC,2024,QB,15.368986,21.512636184692383,330.6274108886719,0.39514514803886414,330.42983831465244,20.651864894665778,291.8542175292969,343.8319396972656,1,False,238.84945678710938,12.0,91.7779541015625,9,1
00-0039040,De'Von Achane,MIA,2024,RB,,15.929306726455689,254.86890762329102,44.229302673339845,232.7542562866211,14.547141017913818,210.54239807128906,271.0530749511719,2,False,164.73147786980536,24.0,90.13742975348566,10,1
00-0038542,Bijan Robinson,ATL,2024,RB,,15.524760694503785,248.39617111206056,54.69302593231201,221.04965814590454,13.815603634119034,194.1594320678711,256.7648110961914,3,False,164.73147786980536,24.0,83.6646932422552,11,1
00-0036613,Jaylen Waddle,MIA,2024,WR,,14.456480026245117,231.30368041992188,82.2531509399414,190.17710494995117,11.886069059371948,208.35031127929688,251.23870849609375,8,False,152.5597686767578,36.0,78.74391174316406,12,2
00-0034796,Lamar Jackson,BAL,2024,QB,15.464245,20.463191986083984,316.44781494140625,0.33308669924736023,316.28127159178257,19.76757947448641,293.24346923828125,333.3066101074219,2,False,238.84945678710938,12.0,77.59835815429688,13,1
00-0034827,DJ Moore,CHI,2024,WR,,14.313143730163574,229.0102996826172,84.54090118408203,186.73984909057617,11.67124056816101,198.29916381835938,283.2432861328125,9,False,152.5597686767578,36.0,76.45053100585938,14,2
00-0039163,C.J. Stroud,HOU,2024,QB,16.160744,19.340476989746094,312.5564880371094,0.1201741173863411,312.4964009784162,19.531025061151013,288.9156799316406,331.7953186035156,3,False,238.84945678710938,12.0,73.70703125,15,1
00-0036358,CeeDee Lamb,DAL,2024,WR,,14.10953426361084,225.75254821777344,93.30554962158203,179.09977340698242,11.193735837936401,229.25350952148438,291.73565673828125,10,False,152.5597686767578,36.0,73.19277954101562,16,2
00-0031588,Stefon Diggs,HOU,2024,WR,,13.47567367553711,215.61077880859375,82.43659210205078,174.39248275756836,10.899530172348022,212.81175231933594,276.07647705078125,11,False,152.5597686767578,36.0,63.05101013183594,17,2
00-0037239,Chris Olave,NO,2024,WR,,13.452836990356445,215.24539184570312,78.15978240966797,176.16550064086914,11.010343790054321,207.5063934326172,240.52212524414062,12,False,152.5597686767578,36.0,62.68562316894531,18,2
00-0036900,Ja'Marr Chase,CIN,2024,WR,,13.097067832946777,209.55308532714844,79.72209930419922,169.69203567504883,10.605752229690552,193.5968475341797,249.32852172851562,13,False,152.5597686767578,36.0,56.993316650390625,19,2
00-0036389,Jalen Hurts,PHI,2024,QB,13.832628,21.3558349609375,295.4073181152344,0.28929537534713745,295.2626704275608,18.45391690172255,273.6776123046875,302.2618408203125,4,False,238.84945678710938,12.0,56.557861328125,20,1
00-0036261,Brandon Aiyuk,SF,2024,WR,,13.009223937988281,208.1475830078125,85.72409057617188,165.28553771972656,10.33034610748291,207.62481689453125,254.94107055664062,14,False,152.5597686767578,36.0,55.58781433105469,21,2
00-0037840,Kyren Williams,LA,2024,RB,,13.654297409057618,218.46875854492188,35.36249118804932,200.78751295089722,12.549219559431076,198.60982543945312,245.22618957519532,4,False,164.73147786980536,24.0,53.73728067511652,22,2
00-0034857,Josh Allen,BUF,2024,QB,14.818538,19.742605209350586,292.5565490722656,0.0,292.5565490722656,18.2847843170166,275.32763671875,317.67529296875,5,False,238.84945678710938,12.0,53.70709228515625,23,1
00-0035640,DK Metcalf,SEA,2024,WR,,12.871935844421387,205.9509735107422,74.91825866699219,168.4918441772461,10.53074026107788,190.34303283691406,226.6092987060547,15,False,152.5597686767578,36.0,53.391204833984375,24,2
00-0039065,Sam LaPorta,DET,2024,TE,,12.306410789489746,196.90257263183594,76.94745635986328,158.4288444519043,9.901802778244019,152.37376403808594,213.786865234375,1,False,143.9336700439453,12.0,52.968902587890625,25,1
00-0039064,Zay Flowers,BAL,2024,WR,,12.84096622467041,205.45545959472656,77.17314910888672,166.8688850402832,10.4293053150177,183.11557006835938,225.40977478027344,16,False,152.5597686767578,36.0,52.89569091796875,26,2
00-0033906,Alvin Kamara,NO,2024,RB,,13.514198656245341,216.22717849992546,43.913873961159496,194.27024151934572,12.141890094959107,167.36396602549672,223.10292293812296,5,False,164.73147786980536,24.0,51.4957006301201,27,2
00-0031544,Amari Cooper,BUF,2024,WR,,12.652320861816406,202.4371337890625,65.39631652832031,169.73897552490234,10.608685970306396,174.99566650390625,238.5135040283203,17,False,152.5597686767578,36.0,49.87736511230469,28,2
00-0035719,Deebo Samuel Sr.,SF,2024,WR,,12.601269721984863,201.6203155517578,65.4733657836914,168.8836326599121,10.555227041244507,170.49627685546875,218.56007385253906,18,False,152.5597686767578,36.0,49.060546875,29,2
00-0038977,Tank Dell,HOU,2024,WR,,12.600448608398438,201.607177734375,59.095428466796875,172.05946350097656,10.753716468811035,173.8113250732422,221.4205780029297,19,False,152.5597686767578,36.0,49.04740905761719,30,2
00-0039146,Jayden Reed,GB,2024,WR,,12.50851821899414,200.13629150390625,67.86312103271484,166.20473098754883,10.387795686721802,165.37847900390625,215.99337768554688,20,False,152.5597686767578,36.0,47.57652282714844,31,2
00-0036223,Jonathan Taylor,IND,2024,RB,,13.138916199584274,210.2226591933484,28.532653005549065,195.95633269057384,12.247270793160865,183.50149182736754,231.21251274688538,6,False,164.73147786980536,24.0,45.49118132354303,32,2
00-0035229,T.J. Hockenson,MIN,2024,TE,,11.743653297424316,187.89845275878906,78.49575805664062,148.65057373046875,9.290660858154297,150.03509521484375,205.3427276611328,2,False,143.9336700439453,12.0,43.96478271484375,33,1
00-0031408,Mike Evans,TB,2024,WR,,12.188544273376465,195.01670837402344,61.56005859375,164.23667907714844,10.264792442321777,175.09967041015625,212.405029296875,21,False,152.5597686767578,36.0,42.456939697265625,34,3
00-0033908,Cooper Kupp,LA,2024,WR,,12.172065734863281,194.7530517578125,68.37593841552734,160.56508255004883,10.035317659378052,158.53294372558594,217.72772216796875,22,False,152.5597686767578,36.0,42.19328308105469,35,3
00-0037247,George Pickens,PIT,2024,WR,,12.054085731506348,192.86537170410156,68.68045806884766,158.52514266967773,9.907821416854858,168.0204315185547,216.86961364746094,23,False,152.5597686767578,36.0,40.30560302734375,36,3
00-0038994,Jordan Addison,MIN,2024,WR,,11.988203048706055,191.81124877929688,80.11699676513672,151.75275039672852,9.484546899795532,180.7193603515625,220.7483367919922,24,False,152.5597686767578,36.0,39.25148010253906,37,3
00-0033280,Christian McCaffrey,SF,2024,RB,,12.59282300432768,201.4851680692429,42.707564099525285,180.13138601948023,11.258211626217514,179.1910365971142,228.30689375201783,7,False,164.73147786980536,24.0,36.75369019943753,38,2
00-0036554,Nico Collins,HOU,2024,WR,,11.813990592956543,189.0238494873047,64.05673217773438,156.9954833984375,9.812217712402344,162.54318237304688,213.12393188476562,25,False,152.5597686767578,36.0,36.464080810546875,39,3
00-0033885,David Njoku,CLE,2024,TE,,11.268294334411621,180.29270935058594,75.40338134765625,142.5910186767578,8.911938667297363,140.02099609375,179.3795166015625,3,False,143.9336700439453,12.0,36.359039306640625,40,1
00-0037238,Drake London,ATL,2024,WR,,11.634796142578125,186.15673828125,62.50572967529297,154.90387344360352,9.68149209022522,149.91343688964844,200.62338256835938,26,False,152.5597686767578,36.0,33.59696960449219,41,3
00-0030506,Travis Kelce,KC,2024,TE,,11.048026084899902,176.76841735839844,72.02190399169922,140.75746536254883,8.797341585159302,138.10736083984375,224.44692993164062,4,False,143.9336700439453,12.0,32.834747314453125,42,1
00-0039139,Jahmyr Gibbs,DET,2024,RB,,12.273202390670777,196.37123825073243,35.43743556976318,178.65252046585084,11.165782529115678,166.49293991088868,246.0990397644043,8,False,164.73147786980536,24.0,31.639760380927072,43,3
00-0035228,Kyler Murray,ARI,2024,QB,14.308673,18.878753662109375,270.1299133300781,0.2288619726896286,270.0154823437333,16.875967646483332,249.75636291503906,285.0856628417969,6,False,238.84945678710938,12.0,31.28045654296875,44,1
00-0034753,Mark Andrews,BAL,2024,TE,,10.862998962402344,173.8079833984375,60.4185676574707,143.59869956970215,8.974918723106384,142.4317626953125,184.5166015625,5,False,143.9336700439453,12.0,29.874313354492188,45,1
00-0038997,Josh Downs,IND,2024,WR,,11.391995429992676,182.2719268798828,65.26922607421875,149.63731384277344,9.35233211517334,153.5874786376953,187.42088317871094,27,False,152.5597686767578,36.0,29.712158203125,46,3
00-0037256,Rachaad White,TB,2024,RB,,12.119255715604517,193.90809144967227,41.762938753763834,173.02662207279036,10.814163879549398,175.3843606952769,222.72369953967547,9,False,164.73147786980536,24.0,29.17661357986691,47,3
00-0033106,Jared Goff,DET,2024,QB,15.6080675,17.133052825927734,267.4138488769531,0.0,267.4138488769531,16.71336555480957,244.72909545898438,294.2953796386719,7,False,238.84945678710938,12.0,28.56439208984375,48,1
00-0037740,Garrett Wilson,NYJ,2024,WR,,11.180288314819336,178.88461303710938,65.8998031616211,145.93471145629883,9.120919466018677,153.60955810546875,214.94029235839844,28,False,152.5597686767578,36.0,26.324844360351562,49,3
00-0037197,Isiah Pacheco,KC,2024,RB,,11.93906684017769,191.02506944284303,32.53240263459129,174.7588681255474,10.922429257846712,184.56137253653588,224.21070497548067,10,False,164.73147786980536,24.0,26.293591573037673,50,3
00-0033288,George Kittle,SF,2024,TE,,10.624822616577148,169.99716186523438,56.413394927978516,141.79046440124512,8.86190402507782,146.98916625976562,208.7363739013672,6,False,143.9336700439453,12.0,26.063491821289062,51,1
00-0035700,Josh Jacobs,GB,2024,RB,,11.88696622642893,190.19145962286288,41.91071215752948,169.23610354409814,10.577256471506134,171.40366991266333,222.9216483302185,11,False,164.73147786980536,24.0,25.45998175305752,52,3
00-0030279,Keenan Allen,CHI,2024,WR,,10.937350273132324,174.9976043701172,71.01605987548828,139.48957443237305,8.718098402023315,159.6768798828125,214.1839141845703,29,False,152.5597686767578,36.0,22.437835693359375,53,3
00-0036555,Chuba Hubbard,CAR,2024,RB,,11.672800612302778,186.76480979684445,29.412013684650713,172.05880295451908,10.753675184657443,146.2469933637114,200.6725340319039,12,False,164.73147786980536,24.0,22.033331927039086,54,3
00-0038041,Jake Ferguson,DAL,2024,TE,,10.345747947692871,165.53196716308594,66.05040740966797,132.50676345825195,8.281672716140747,122.4104232788086,160.39036560058594,7,False,143.9336700439453,12.0,21.598297119140625,55,1
00-0036973,Travis Etienne,JAX,2024,RB,,11.63982229833322,186.23715677333152,39.47081973321955,166.50174690672176,10.40635918167011,181.58374154479267,216.41438045828085,13,False,164.73147786980536,24.0,21.50567890352616,56,3
00-0038933,Dalton Kincaid,BUF,2024,TE,,10.30618953704834,164.89903259277344,71.02544403076172,129.38631057739258,8.086644411087036,124.75556182861328,183.42454528808594,8,False,143.9336700439453,12.0,20.965362548828125,57,1
00-0036410,Tee Higgins,CIN,2024,WR,,10.781771659851074,172.5083465576172,55.24302291870117,144.8868350982666,9.055427193641663,154.29928588867188,195.54620361328125,30,False,152.5597686767578,36.0,19.948577880859375,58,3
00-0033699,Austin Ekeler,WAS,2024,RB,,11.524801881752301,184.39683010803682,38.97558924555534,164.90903548525915,10.306814717828697,147.62239310920606,199.80759403299257,14,False,164.73147786980536,24.0,19.665352238231463,59,3
00-0038134,Kenneth Walker III,SEA,2024,RB,,11.46978105545044,183.51649688720704,23.117398834228517,171.95779747009277,10.747362341880798,159.743544921875,193.2396208190918,15,False,164.73147786980536,24.0,18.78501901740168,60,3
00-0034844,Saquon Barkley,PHI,2024,RB,,11.38461338720772,182.15381419532352,34.2866952816221,165.01046655451248,10.31315415965703,161.27666203263198,194.51339986207142,16,False,164.73147786980536,24.0,17.42233632551816,61,3
00-0036290,Cole Kmet,CHI,2024,TE,,10.018590927124023,160.29745483398438,71.35210418701172,124.62140274047852,7.788837671279907,146.5780487060547,185.09974670410156,9,False,143.9336700439453,12.0,16.363784790039062,62,1
00-0037267,Jerome Ford,CLE,2024,RB,,11.311646995544434,180.98635192871095,43.851512107849125,159.06059587478637,9.941287242174148,148.01520889282227,190.48248168945312,17,False,164.73147786980536,24.0,16.254874058905585,63,3
00-0036355,Justin Herbert,LAC,2024,QB,14.826931,17.196611404418945,254.9729766845703,0.03705742955207825,254.95444796979427,15.934652998112142,241.965087890625,286.44573974609375,8,False,238.84945678710938,12.0,16.123519897460938,64,2
00-0039032,Tyjae Spears,TEN,2024,RB,,11.238244800567628,179.81191680908205,55.58571826934815,152.01905767440797,9.501191104650498,134.6764762878418,203.09727844238282,18,False,164.73147786980536,24.0,15.08043893927669,65,3
00-0035261,Tony Pollard,TEN,2024,RB,,11.156226137789204,178.49961820462727,32.510397931124395,162.24441923906508,10.140276202441568,154.8068200071571,205.7293740132441,19,False,164.73147786980536,24.0,13.768140334821908,66,3
00-0038129,Cade Otton,TB,2024,TE,,9.668930053710938,154.702880859375,50.73706817626953,129.33434677124023,8.083396673202515,96.11570739746094,145.65118408203125,10,False,143.9336700439453,12.0,10.769210815429688,67,2
00-0033077,Dak Prescott,DAL,2024,QB,13.896719,17.89434051513672,248.67262268066406,0.0,248.67262268066406,15.542038917541504,246.857421875,279.0767822265625,9,False,238.84945678710938,12.0,9.823165893554688,68,2
00-0032211,Tyler Lockett,SEA,2024,WR,,10.135632514953613,162.1701202392578,62.802242279052734,130.76899909973145,8.173062443733215,139.57583618164062,179.38006591796875,31,False,152.5597686767578,36.0,9.6103515625,69,4
00-0036875,Rhamondre Stevenson,NE,2024,RB,,10.880353655883665,174.08565849413864,37.064495512004754,155.55341073813625,9.722088171133516,139.36953532694793,204.6043411862728,20,False,164.73147786980536,24.0,9.354180624333281,70,4
00-0034837,Calvin Ridley,TEN,2024,WR,,10.031513214111328,160.50421142578125,55.02811050415039,132.99015617370605,8.311884760856628,140.7241973876953,187.905029296875,32,False,152.5597686767578,36.0,7.9444427490234375,71,4
00-0034351,Dallas Goedert,PHI,2024,TE,,9.443313598632812,151.093017578125,54.86012268066406,123.66295623779297,7.7289347648620605,120.72731018066406,152.4285888671875,11,False,143.9336700439453,12.0,7.1593475341796875,72,2
00-0033897,Joe Mixon,HOU,2024,RB,,10.73458749798534,171.75339996776543,32.69887305218581,155.40396344167252,9.712747715104532,143.4967552006465,185.54191551098833,21,False,164.73147786980536,24.0,7.021922097960072,73,4
00-0033921,Chris Godwin Jr.,TB,2024,WR,,9.950282096862793,159.2045135498047,62.66518783569336,127.87191963195801,7.9919949769973755,141.26390075683594,194.44834899902344,33,False,152.5597686767578,36.0,6.644744873046875,74,4
00-0036196,Gabe Davis,JAX,2024,WR,,9.879212379455566,158.06739807128906,52.5196418762207,131.8075771331787,8.23797357082367,125.5559310913086,165.61146545410156,34,False,152.5597686767578,36.0,5.50762939453125,75,4
00-0037746,Brian Robinson,WAS,2024,RB,,10.617946026075549,169.88713641720878,31.72143158845425,154.02642062298165,9.626651288936353,149.35261664231945,187.88048862914206,22,False,164.73147786980536,24.0,5.155658547403419,76,4
00-0036275,D'Andre Swift,CHI,2024,RB,,10.574072397886114,169.18515836617783,27.354655813012194,155.50783045967174,9.719239403729484,140.7401483108343,183.22413082741613,23,False,164.73147786980536,24.0,4.4536804963724705,77,4
00-0039164,Anthony Richardson,IND,2024,QB,13.477196,18.050783157348633,243.27394104003906,0.134214848279953,243.2068336158991,15.200427100993693,211.60232543945312,282.09930419921875,10,False,238.84945678710938,12.0,4.4244842529296875,78,2
00-0037834,Brock Purdy,SF,2024,QB,15.099158,16.00824737548828,241.7110595703125,0.25346577167510986,241.58432668447495,15.099020417779684,224.2114715576172,273.8775939941406,11,False,238.84945678710938,12.0,2.861602783203125,79,2
00-0034960,Jakobi Meyers,LV,2024,WR,,9.688789367675781,155.0206298828125,58.859317779541016,125.59097099304199,7.8494356870651245,137.94483947753906,176.9235076904297,35,False,152.5597686767578,36.0,2.4608612060546875,80,4
00-0036264,Jordan Love,GB,2024,QB,14.973723,15.951239585876465,238.84945678710938,0.20629413425922394,238.74630971997976,14.921644357498735,217.19357299804688,256.95037841796875,12,False,238.84945678710938,12.0,0.0,81,2
00-0035685,David Montgomery,DET,2024,RB,,10.295717366862835,164.73147786980536,26.509562162755696,151.47669678842752,9.46729354927672,143.17414480440425,181.73416414484106,24,False,164.73147786980536,24.0,0.0,82,4
00-0037809,Chig Okonkwo,TEN,2024,TE,,8.995854377746582,143.9336700439453,55.97209930419922,115.9476203918457,7.2467262744903564,106.82222747802734,150.923583984375,12,False,143.9336700439453,12.0,0.0,83,2
00-0037816,Romeo Doubs,GB,2024,WR,,9.534985542297363,152.5597686767578,60.760189056396484,122.17967414855957,7.636229634284973,142.66477966308594,178.51025390625,36,False,152.5597686767578,36.0,0.0,84,4
00-0037744,Trey McBride,ARI,2024,TE,,8.855578422546387,141.6892547607422,68.28857421875,107.54496765136719,6.721560478210449,128.9546356201172,173.80789184570312,13,False,143.9336700439453,12.0,-2.244415283203125,85,2
00-0034775,Christian Kirk,JAX,2024,WR,,9.382298469543457,150.1167755126953,55.2528190612793,122.49036598205566,7.655647873878479,130.0294189453125,173.25991821289062,37,False,152.5597686767578,36.0,-2.4429931640625,86,4
00-0039067,Rashee Rice,KC,2024,WR,,9.361738204956055,149.78781127929688,61.23318099975586,119.17122077941895,7.448201298713684,135.0835723876953,197.57244873046875,38,False,152.5597686767578,36.0,-2.7719573974609375,87,4
00-0037228,Jaylen Warren,PIT,2024,RB,,10.035211641839071,160.56338626942514,39.60975328707842,140.75850962588592,8.79740685161787,132.03986445046385,174.33723562858106,25,False,164.73147786980536,24.0,-4.168091600380222,88,4
00-0033553,James Conner,ARI,2024,RB,,10.034261509153144,160.5481841464503,28.679009454663206,146.20867941911868,9.138042463694918,140.59138272942786,181.74379693524142,26,False,164.73147786980536,24.0,-4.183293723355064,89,4
00-0036945,Justin Fields,PIT,2024,QB,13.611948,17.201946258544922,234.15199279785156,0.023913521319627762,234.14003603719175,14.633752252324484,204.51910400390625,263.4996337890625,13,False,238.84945678710938,12.0,-4.6974639892578125,90,2
00-0030564,DeAndre Hopkins,KC,2024,WR,,9.201864242553711,147.22982788085938,59.90019607543945,117.27972984313965,7.329983115196228,150.98858642578125,204.51895141601562,39,False,152.5597686767578,36.0,-5.3299407958984375,91,4
00-0039150,Bryce Young,CAR,2024,QB,14.227234,16.2544002532959,231.25515747070312,0.09550007432699203,231.20740743353963,14.450462964596227,194.216796875,237.32452392578125,14,False,238.84945678710938,12.0,-7.59429931640625,92,2
00-0037248,James Cook,BUF,2024,RB,,9.785109033584595,156.56174453735352,31.29463478088379,140.91442714691163,8.807151696681977,146.6969987487793,211.20470932006836,27,False,164.73147786980536,24.0,-8.169733332451841,93,4
00-0038124,Christian Watson,GB,2024,WR,,8.995609283447266,143.92974853515625,43.44499588012695,122.20725059509277,7.637953162193298,115.19784545898438,147.9275665283203,40,False,152.5597686767578,36.0,-8.630020141601562,94,4
00-0033881,Evan Engram,JAX,2024,TE,,8.432787895202637,134.9246063232422,59.79405975341797,105.0275764465332,6.564223527908325,118.97261047363281,175.26126098632812,14,False,143.9336700439453,12.0,-9.009063720703125,95,2
00-0035659,Terry McLaurin,WAS,2024,WR,,8.958155632019043,143.3304901123047,48.84516906738281,118.90790557861328,7.43174409866333,128.34915161132812,169.1652374267578,41,False,152.5597686767578,36.0,-9.229278564453125,96,4
00-0030035,Adam Thielen,CAR,2024,WR,,8.846810340881348,141.54896545410156,64.08621215820312,109.505859375,6.8441162109375,126.30826568603516,169.23155212402344,42,False,152.5597686767578,36.0,-11.01080322265625,97,4
00-0036407,Jerry Jeudy,CLE,2024,WR,,8.802995681762695,140.84793090820312,47.82558059692383,116.93514060974121,7.308446288108826,113.19005584716797,146.9339599609375,43,False,152.5597686767578,36.0,-11.711837768554688,98,4
00-0033045,Ezekiel Elliott,LAC,2024,RB,,9.529120225730127,152.46592361168203,32.535720360042454,136.1980634316608,8.5123789644788,116.41931045709775,160.27134327663288,28,False,164.73147786980536,24.0,-12.26555425812333,99,4
00-0035662,Marquise Brown,KC,2024,WR,,8.734014511108398,139.74423217773438,46.015464782714844,116.73649978637695,7.29603123664856,112.05900573730469,158.81529235839844,44,False,152.5597686767578,36.0,-12.815536499023438,100,4
00-0037664,Alec Pierce,IND,2024,WR,,8.729450225830078,139.67120361328125,39.7916259765625,119.775390625,7.4859619140625,103.09304809570312,154.1042022705078,45,False,152.5597686767578,36.0,-12.888565063476562,101,4
00-0036442,Joe Burrow,CIN,2024,QB,14.162456,15.911483764648438,225.34568786621094,0.3897509276866913,225.1508124023676,14.071925775147974,219.21688842773438,243.87042236328125,15,False,238.84945678710938,12.0,-13.503768920898438,102,2
00-0038543,Jaxon Smith-Njigba,SEA,2024,WR,,8.593330383300781,137.4932861328125,61.38310623168945,106.80173301696777,6.675108313560486,105.07659149169922,159.1187744140625,46,False,152.5597686767578,36.0,-15.066482543945312,103,4
00-0031381,Davante Adams,NYJ,2024,WR,,8.495094299316406,135.9215087890625,62.674041748046875,104.58448791503906,6.536530494689941,142.0325469970703,223.11831665039062,47,False,152.5597686767578,36.0,-16.638259887695312,104,4
00-0031236,Brandin Cooks,DAL,2024,WR,,8.418861389160156,134.7017822265625,52.58050537109375,108.41152954101562,6.775720596313477,115.52227783203125,144.9741973876953,48,False,152.5597686767578,36.0,-17.857986450195312,105,4
00-0039052,Trey Palmer,TB,2024,WR,,8.355112075805664,133.68179321289062,46.900146484375,110.23171997070312,6.889482498168945,105.58180236816406,141.11692810058594,49,False,152.5597686767578,36.0,-18.877975463867188,106,5
00-0036980,Elijah Moore,CLE,2024,WR,,8.27481460571289,132.39703369140625,48.71266174316406,108.04070281982422,6.752543926239014,122.46758270263672,168.7167510986328,50,False,152.5597686767578,36.0,-20.162734985351562,107,5
00-0036997,Javonte Williams,DEN,2024,RB,,9.031361827850342,144.50178924560547,34.936266136169436,127.03365617752075,7.939603511095047,125.43115127563478,182.92157821655275,29,False,164.73147786980536,24.0,-20.229688624199895,108,5
00-0036970,Kyle Pitts,ATL,2024,TE,,7.647709846496582,122.36335754394531,43.72584915161133,100.50043296813965,6.281277060508728,115.40988159179688,150.715576171875,15,False,143.9336700439453,12.0,-21.5703125,109,2
00-0036212,Tua Tagovailoa,MIA,2024,QB,13.747358,15.802766799926758,217.2462921142578,0.06082474812865257,217.2158797401935,13.575992483762093,210.7176055908203,238.03321838378906,16,False,238.84945678710938,12.0,-21.603164672851562,110,2
00-0032764,Derrick Henry,BAL,2024,RB,,8.867326147600366,141.87721836160586,23.346765232882543,130.20383574516458,8.137739734072786,120.74446106051028,154.66855181934898,30,False,164.73147786980536,24.0,-22.854259508199505,111,5
00-0036988,Josh Palmer,LAC,2024,WR,,8.10363483428955,129.6581573486328,40.243228912353516,109.53654289245605,6.846033930778503,107.23487854003906,144.41539001464844,51,False,152.5597686767578,36.0,-22.901611328125,112,5
00-0036893,Najee Harris,PIT,2024,RB,,8.826604757315488,141.2256761170478,18.337725520215567,132.05681335694004,8.253550834808753,129.61469718416126,168.8192587161211,31,False,164.73147786980536,24.0,-23.50580175275755,113,5
00-0035216,Diontae Johnson,HOU,2024,WR,,8.031163215637207,128.4986114501953,49.68840789794922,103.6544075012207,6.478400468826294,115.419921875,162.04295349121094,52,False,152.5597686767578,36.0,-24.0611572265625,114,5
00-0038544,Quentin Johnston,LAC,2024,WR,,8.015292167663574,128.2446746826172,42.73533630371094,106.87700653076172,6.679812908172607,111.92510986328125,146.1073455810547,53,False,152.5597686767578,36.0,-24.315093994140625,115,5
00-0031280,Derek Carr,NO,2024,QB,14.076222,15.078187942504883,212.24392700195312,0.10164952278137207,212.19310224056244,13.262068890035152,193.58251953125,227.67530822753906,17,False,238.84945678710938,12.0,-26.60552978515625,116,2
00-0035250,Devin Singletary,NYG,2024,RB,,8.592979970614769,137.4876795298363,19.091008579755467,127.94217523995856,7.99638595249741,119.67559170163551,153.27495800647566,32,False,164.73147786980536,24.0,-27.24379833996906,117,5
00-0034972,Alexander Mattison,LV,2024,RB,,8.519616557642829,136.31386492228526,28.802207069814738,121.91276138737788,7.619547586711118,107.86097918171657,155.08709284631624,33,False,164.73147786980536,24.0,-28.417612947520098,118,5
00-0033293,Aaron Jones,MIN,2024,RB,,8.457014202023922,135.31222723238275,28.78612859330383,120.91916293573085,7.557447683483178,119.03197817009332,155.22143138094359,34,False,164.73147786980536,24.0,-29.419250637422607,119,5
00-0038454,Keaton Mitchell,BAL,2024,RB,,8.407024717330932,134.51239547729492,18.607921047210695,125.20843495368958,7.8255271846055985,108.91529396057129,152.2166049194336,35,False,164.73147786980536,24.0,-30.219082392510444,120,5
00-0037545,Rashid Shaheed,NO,2024,WR,,7.633270740509033,122.13233184814453,43.30888366699219,100.47789001464844,6.279868125915527,101.8581771850586,134.32098388671875,54,False,152.5597686767578,36.0,-30.42743682861328,121,5
00-0034855,Baker Mayfield,TB,2024,QB,13.5382805,15.380443572998047,208.22476196289062,0.3117297887802124,208.06889706850052,13.004306066781282,191.68154907226562,225.50115966796875,18,False,238.84945678710938,12.0,-30.62469482421875,122,2
00-0036309,Darnell Mooney,ATL,2024,WR,,7.534281253814697,120.54850006103516,47.165557861328125,96.9657211303711,6.060357570648193,98.51062774658203,139.4579620361328,55,False,152.5597686767578,36.0,-32.011268615722656,123,5
00-0034348,Courtland Sutton,DEN,2024,WR,,7.447245121002197,119.15592193603516,53.32089614868164,92.49547386169434,5.780967116355896,106.57704162597656,145.7754669189453,56,False,152.5597686767578,36.0,-33.403846740722656,124,5
00-0029604,Kirk Cousins,ATL,2024,QB,12.801065,16.031049728393555,205.2145233154297,0.0,205.2145233154297,12.825907707214355,190.35992431640625,227.40927124023438,19,False,238.84945678710938,12.0,-33.63493347167969,125,2
00-0034383,Dalton Schultz,HOU,2024,TE,,6.888270854949951,110.21233367919922,50.89766311645508,84.76350212097168,5.29771888256073,103.70283508300781,143.11904907226562,16,False,143.9336700439453,12.0,-33.721336364746094,126,3
00-0036328,Antonio Gibson,NE,2024,RB,,8.175064623399926,130.80103397439882,38.786778217997146,111.40764486540024,6.962977804087515,109.79515204145677,153.86608397528866,36,False,164.73147786980536,24.0,-33.93044389540654,127,5
00-0039136,Zach Evans,NYJ,2024,RB,,8.174592127799988,130.7934740447998,26.250900287628173,117.66802390098572,7.354251493811607,55.55357398986816,147.14573776245118,37,False,164.73147786980536,24.0,-33.93800382500555,128,5
00-0037240,Jameson Williams,DET,2024,WR,,7.402486801147461,118.43978881835938,36.863468170166016,100.00805473327637,6.250503420829773,89.87726593017578,126.54209899902344,57,False,152.5597686767578,36.0,-34.11997985839844,129,5
00-0038976,Marvin Mims Jr.,DEN,2024,WR,,7.3657379150390625,117.851806640625,36.710731506347656,99.49644088745117,6.218527555465698,84.88818359375,120.93656158447266,58,False,152.5597686767578,36.0,-34.70796203613281,130,5
00-0033307,Kendrick Bourne,NE,2024,WR,,7.216479778289795,115.46367645263672,34.95951843261719,97.98391723632812,6.123994827270508,83.60858154296875,123.85797882080078,59,False,152.5597686767578,36.0,-37.096092224121094,131,5
00-0038794,Jaleel McLaughlin,DEN,2024,RB,,7.953284401893616,127.25255043029786,28.779793815612795,112.86265352249146,7.053915845155716,90.20957862854004,150.54181762695313,38,False,164.73147786980536,24.0,-37.4789274395075,132,5
00-0031610,Darren Waller,NYG,2024,TE,,6.615662097930908,105.85059356689453,34.5258674621582,88.58765983581543,5.536728739738464,76.29501342773438,125.8548355102539,17,False,143.9336700439453,12.0,-38.08307647705078,133,3
00-0036971,Trevor Lawrence,JAX,2024,QB,13.455851,14.896490097045898,200.4449462890625,0.1491064876317978,200.3703930452466,12.523149565327913,198.2093048095703,227.7771759033203,20,False,238.84945678710938,12.0,-38.404510498046875,134,2
00-0026498,Matthew Stafford,LA,2024,QB,13.6594,14.605362892150879,199.50048828125,0.23679156601428986,199.38209249824286,12.461380781140178,186.99398803710938,223.1313934326172,21,False,238.84945678710938,12.0,-39.348968505859375,135,2
00-0039144,Luke Musgrave,GB,2024,TE,,6.529343128204346,104.46949005126953,42.69802474975586,83.1204776763916,5.195029854774475,80.76763153076172,113.90120697021484,18,False,143.9336700439453,12.0,-39.46417999267578,136,3
00-0033357,Taysom Hill,NO,2024,TE,,6.511463642120361,104.18341827392578,37.71065139770508,85.32809257507324,5.333005785942078,82.75592803955078,123.28844451904297,19,False,143.9336700439453,12.0,-39.75025177001953,137,3
00-0038393,Dontayvion Wicks,GB,2024,WR,,7.025014877319336,112.40023803710938,39.176536560058594,92.81196975708008,5.800748109817505,84.5073471069336,112.84996795654297,60,False,152.5597686767578,36.0,-40.15953063964844,138,5
00-0038559,Michael Wilson,ARI,2024,WR,,7.006687641143799,112.10700225830078,39.01356506347656,92.6002197265625,5.787513732910156,95.15258026123047,126.21675109863281,61,False,152.5597686767578,36.0,-40.45276641845703,139,5
00-0037263,Tyler Allgeier,ATL,2024,RB,,7.749690704345704,123.99505126953126,20.648120155334475,113.67099119186402,7.104436949491501,106.42769371032715,150.73728439331055,39,False,164.73147786980536,24.0,-40.7364266002741,140,5
00-0037276,Ty Chandler,MIN,2024,RB,,7.742829654299992,123.88527446879988,24.856752984283887,111.45689797665793,6.9660561235411205,92.54328639991964,140.39278718294304,40,False,164.73147786980536,24.0,-40.84620340100548,141,5
00-0034975,Justice Hill,BAL,2024,RB,,7.485841070735887,119.7734571317742,22.64778582240685,108.44956422057076,6.778097763785673,79.96817653021529,131.2257880385423,41,False,164.73147786980536,24.0,-44.958020738031166,142,5
00-0036550,Rashod Bateman,BAL,2024,WR,,6.720123291015625,107.52197265625,36.042076110839844,89.50093460083008,5.59380841255188,85.5493392944336,126.44134521484375,62,False,152.5597686767578,36.0,-45.03779602050781,143,5
00-0036259,Jauan Jennings,SF,2024,WR,,6.626448154449463,106.0231704711914,34.7253532409668,88.66049385070801,5.5412808656692505,81.91866302490234,113.08305358886719,63,False,152.5597686767578,36.0,-46.536598205566406,144,5
00-0036894,Pat Freiermuth,PIT,2024,TE,,6.076102256774902,97.21763610839844,38.98069381713867,77.7272891998291,4.857955574989319,82.6168212890625,115.82181549072266,20,False,143.9336700439453,12.0,-46.716033935546875,145,3
00-0038938,Jalin Hyatt,NYG,2024,WR,,6.558112621307373,104.92980194091797,31.931501388549805,88.96405124664307,5.560253202915192,84.89013671875,113.71434020996094,64,False,152.5597686767578,36.0,-47.629966735839844,146,5
00-0033110,Tyler Higbee,LA,2024,TE,,6.00189208984375,96.0302734375,44.802616119384766,73.62896537780762,4.601810336112976,79.11534118652344,112.697021484375,21,False,143.9336700439453,12.0,-47.90339660644531,147,3
00-0035500,Greg Dortch,ARI,2024,WR,,6.404278755187988,102.46846008300781,35.139007568359375,84.89895629882812,5.306184768676758,83.36245727539062,118.07771301269531,65,False,152.5597686767578,36.0,-50.09130859375,148,5
00-0033009,Tyler Boyd,TEN,2024,WR,,6.402116298675537,102.4338607788086,45.24104690551758,79.8133373260498,4.988333582878113,86.94609069824219,124.41682434082031,66,False,152.5597686767578,36.0,-50.12590789794922,149,5
00-0033858,Jonnu Smith,MIA,2024,TE,,5.807501792907715,92.92002868652344,44.26679229736328,70.7866325378418,4.424164533615112,68.39092254638672,118.91859436035156,22,False,143.9336700439453,12.0,-51.013641357421875,150,3
00-0036251,Zack Moss,CIN,2024,RB,,7.0436271840134035,112.69803494421446,19.684259362008618,102.85590526321015,6.428494078950634,104.43781947288016,145.77967825824965,42,False,164.73147786980536,24.0,-52.033442925590904,151,6
00-0036887,Luke Farrell,JAX,2024,TE,,5.742300987243652,91.87681579589844,29.703567504882812,77.02503204345703,4.8140645027160645,50.65658950805664,100.31017303466797,23,False,143.9336700439453,12.0,-52.056854248046875,152,3
00-0033943,Josh Reynolds,JAX,2024,WR,,6.254786491394043,100.07658386230469,33.688045501708984,83.2325611114502,5.202035069465637,73.17469024658203,110.60712432861328,67,False,152.5597686767578,36.0,-52.483184814453125,153,5
00-0030565,Geno Smith,SEA,2024,QB,11.695644,15.894756317138672,185.8994140625,0.4590264856815338,185.66990081965923,11.604368801228702,171.8600311279297,193.47061157226562,22,False,238.84945678710938,12.0,-52.950042724609375,154,2
00-0036040,Juwan Johnson,NO,2024,TE,,5.651771545410156,90.4283447265625,32.650177001953125,74.10325622558594,4.631453514099121,72.98098754882812,103.30830383300781,24,False,143.9336700439453,12.0,-53.50532531738281,155,3
00-0038621,DeMario Douglas,NE,2024,WR,,6.154749393463135,98.47599029541016,36.9822883605957,79.9848461151123,4.999052882194519,84.92064666748047,132.99514770507812,68,False,152.5597686767578,36.0,-54.083778381347656,156,5
00-0034270,Tyler Conklin,NYJ,2024,TE,,5.606544494628906,89.7047119140625,40.46025466918945,69.47458457946777,4.342161536216736,86.8996810913086,129.9943389892578,25,False,143.9336700439453,12.0,-54.22895812988281,157,3
00-0033090,Hunter Henry,NE,2024,TE,,5.3411865234375,85.458984375,40.18048095703125,65.36874389648438,4.085546493530273,64.43017578125,105.54857635498047,26,False,143.9336700439453,12.0,-58.47468566894531,158,3
00-0033891,Zay Jones,ARI,2024,WR,,5.799285888671875,92.78857421875,28.059959411621094,78.75859451293945,4.922412157058716,64.343505859375,113.43549346923828,69,False,152.5597686767578,36.0,-59.77119445800781,159,5
00-0039021,Roschon Johnson,CHI,2024,RB,,6.4910502243042,103.8568035888672,21.312427406311034,93.20058988571168,5.82503686785698,81.00004806518555,122.09900634765626,43,False,164.73147786980536,24.0,-60.874674280938166,160,6
00-0036849,Tutu Atwell,LA,2024,WR,,5.72895622253418,91.66329956054688,35.165061950683594,74.08076858520508,4.630048036575317,76.5059814453125,111.79676055908203,70,False,152.5597686767578,36.0,-60.89646911621094,161,5
00-0038979,Cedric Tillman,CLE,2024,WR,,5.720446586608887,91.52714538574219,32.63352584838867,75.21038246154785,4.700648903846741,70.70799255371094,106.42109680175781,71,False,152.5597686767578,36.0,-61.032623291015625,162,5
00-0034981,Foster Moreau,NO,2024,TE,,5.169302463531494,82.7088394165039,25.259796142578125,70.07894134521484,4.379933834075928,48.66762924194336,81.16421508789062,27,False,143.9336700439453,12.0,-61.224830627441406,163,3
00-0035689,Dawson Knox,BUF,2024,TE,,5.089625358581543,81.43400573730469,28.663349151611328,67.10233116149902,4.193895697593689,59.14921188354492,83.99403381347656,28,False,143.9336700439453,12.0,-62.499664306640625,164,3
00-0035535,Darius Slayton,NYG,2024,WR,,5.593838214874268,89.50141143798828,32.71442413330078,73.14419937133789,4.571512460708618,76.5639419555664,119.83885955810547,72,False,152.5597686767578,36.0,-63.05835723876953,165,5
00-0037261,Khalil Shakir,BUF,2024,WR,,5.589075088500977,89.42520141601562,35.25849533081055,71.79595375061035,4.487247109413147,68.69904327392578,114.33968353271484,73,False,152.5597686767578,36.0,-63.13456726074219,166,5
00-0036924,Michael Carter,ARI,2024,RB,,6.295782420033058,100.73251872052893,25.341118381547247,88.06195952975531,5.503872470609707,60.64504267165794,106.1521079163287,44,False,164.73147786980536,24.0,-63.99895914927643,167,6
00-0036913,Kadarius Toney,CLE,2024,WR,,5.49739933013916,87.95838928222656,31.766403198242188,72.07518768310547,4.504699230194092,63.83606719970703,104.46353149414062,74,False,152.5597686767578,36.0,-64.60137939453125,168,5
00-0036919,Kenny Gainwell,PHI,2024,RB,,6.180975947272362,98.89561515635779,27.163826845744797,85.31370173348539,5.332106358342837,78.89386082580693,118.60231465333786,45,False,164.73147786980536,24.0,-65.83586271344757,169,6
00-0031687,Raheem Mostert,MIA,2024,RB,,6.111571232686705,97.78513972298728,17.877051503379242,88.84661397129766,5.552913373206104,97.34658089300281,144.96067636655667,46,False,164.73147786980536,24.0,-66.94633814681808,170,6
00-0034184,Gus Edwards,LAC,2024,RB,,6.105158154479777,97.68253047167643,12.606960349014408,91.37905029716921,5.711190643573076,86.60093862075335,115.44906060064108,47,False,164.73147786980536,24.0,-67.04894739812893,171,6
00-0037666,Jalen Tolbert,DAL,2024,WR,,5.329429626464844,85.2708740234375,35.85201644897461,67.3448657989502,4.209054112434387,74.49333190917969,107.68408966064453,75,False,152.5597686767578,36.0,-67.28889465332031,172,5
00-0036165,Isaiah Hodgins,NYG,2024,WR,,5.301153182983398,84.81845092773438,30.274921417236328,69.68099021911621,4.355061888694763,61.68772506713867,99.91777801513672,76,False,152.5597686767578,36.0,-67.74131774902344,173,5
00-0035860,Tony Jones,ARI,2024,RB,,6.054724691473891,96.87559506358225,19.014294301410963,87.36844791287676,5.4605279945547975,68.89910620342779,104.56457141769168,48,False,164.73147786980536,24.0,-67.85588280622311,174,6
00-0037091,Bo Melton,GB,2024,WR,,5.270555019378662,84.3288803100586,30.89487648010254,68.88144207000732,4.305090129375458,66.3585433959961,109.39970397949219,77,False,152.5597686767578,36.0,-68.23088836669922,175,5
00-0036415,Van Jefferson,PIT,2024,WR,,5.257966041564941,84.12745666503906,32.62145233154297,67.81673049926758,4.238545656204224,65.79452514648438,105.30876159667969,78,False,152.5597686767578,36.0,-68.43231201171875,176,5
00-0037838,Isaiah Likely,BAL,2024,TE,,4.699883460998535,75.19813537597656,26.185672760009766,62.10529899597168,3.88158118724823,56.938232421875,111.31754302978516,29,False,143.9336700439453,12.0,-68.73553466796875,177,4
00-0037837,Calvin Austin III,PIT,2024,WR,,5.235818862915039,83.77310180664062,31.334535598754883,68.10583400726318,4.256614625453949,57.373817443847656,103.08856964111328,79,False,152.5597686767578,36.0,-68.78666687011719,178,5
00-0036244,Colby Parkinson,LA,2024,TE,,4.692044258117676,75.07270812988281,28.3797664642334,60.88282489776611,3.805176556110382,49.6640625,68.47718048095703,30,False,143.9336700439453,12.0,-68.8609619140625,179,4
00-0038090,Skyy Moore,KC,2024,WR,,5.201099872589111,83.21759796142578,27.277359008789062,69.57891845703125,4.348682403564453,72.4024658203125,99.17910766601562,80,False,152.5597686767578,36.0,-69.34217071533203,180,5
00-0036876,Kylen Granson,IND,2024,TE,,4.628456115722656,74.0552978515625,28.2135009765625,59.94854736328125,3.746784210205078,61.22187423706055,88.9393539428711,31,False,143.9336700439453,12.0,-69.87837219238281,181,4
00-0038996,Tucker Kraft,GB,2024,TE,,4.625699043273926,74.01118469238281,26.844348907470703,60.58901023864746,3.7868131399154663,53.850852966308594,89.36450958251953,32,False,143.9336700439453,12.0,-69.9224853515625,182,4
00-0031260,Logan Thomas,SF,2024,TE,,4.599301338195801,73.58882141113281,26.07839584350586,60.54962348937988,3.7843514680862427,60.113243103027344,91.01528930664062,33,False,143.9336700439453,12.0,-70.3448486328125,183,4
00-0033895,Gerald Everett,CHI,2024,TE,,4.555363178253174,72.88581085205078,27.45372772216797,59.1589469909668,3.697434186935425,59.4652214050293,93.2978515625,34,False,143.9336700439453,12.0,-71.04785919189453,184,4
00-0033217,Mo Alie-Cox,IND,2024,TE,,4.551670551300049,72.82672882080078,22.632856369018555,61.510300636291504,3.844393789768219,60.21762466430664,83.32611083984375,35,False,143.9336700439453,12.0,-71.10694122314453,185,4
00-0038389,Israel Abanikanda,SF,2024,RB,,5.841787152290344,93.4685944366455,20.110706386566164,83.41324124336244,5.213327577710152,63.94521514892578,135.75816802978517,49,False,164.73147786980536,24.0,-71.26288343315986,186,7
00-0032144,Melvin Gordon,BAL,2024,RB,,5.791687727757793,92.66700364412469,17.212337657868414,84.06083481519049,5.253802175949406,58.74033416967373,90.53376006871197,50,False,164.73147786980536,24.0,-72.06447422568067,187,7
00-0039066,Michael Mayer,LV,2024,TE,,4.490354061126709,71.84566497802734,26.210403442382812,58.74046325683594,3.671278953552246,61.9619255065918,100.88182830810547,36,False,143.9336700439453,12.0,-72.08800506591797,188,4
00-0038045,Isaiah Spiller,LV,2024,RB,,5.776561985015869,92.4249917602539,11.239257535934449,86.80536299228669,5.425335187017918,58.16914627075195,102.08918647766113,51,False,164.73147786980536,24.0,-72.30648610955146,189,7
00-0034521,Allen Lazard,NYJ,2024,WR,,4.999128341674805,79.98605346679688,36.04343032836914,61.964338302612305,3.872771143913269,73.09300231933594,111.9532470703125,81,False,152.5597686767578,36.0,-72.57371520996094,190,5
00-0031549,Nelson Agholor,BAL,2024,WR,,4.996566295623779,79.94506072998047,24.15126609802246,67.86942768096924,4.241839230060577,52.66749572753906,84.2030258178711,82,False,152.5597686767578,36.0,-72.61470794677734,191,5
00-0034646,Brandon Powell,MIN,2024,WR,,4.982938766479492,79.72702026367188,26.979610443115234,66.23721504211426,4.139825940132141,58.517276763916016,93.2368392944336,83,False,152.5597686767578,36.0,-72.83274841308594,192,5
00-0035664,Darrell Henderson,LA,2024,RB,,5.727338374932281,91.6374139989165,31.167259741958734,76.05378412793712,4.75336150799607,80.24115547942593,119.39433215209836,52,False,164.73147786980536,24.0,-73.09406387088886,193,7
00-0033893,Dalvin Cook,DAL,2024,RB,,5.724980997050323,91.59969595280516,22.4188019247401,80.39029499043511,5.024393436902194,65.48824967542959,111.09193392247717,53,False,164.73147786980536,24.0,-73.1317819170002,194,7
00-0038551,Kendre Miller,NO,2024,RB,,5.6733882188797,90.7742115020752,18.60158531188965,81.47341884613037,5.092088677883148,78.26458206176758,126.24351631164551,54,False,164.73147786980536,24.0,-73.95726636773016,195,7
00-0033282,Curtis Samuel,BUF,2024,WR,,4.9077229499816895,78.52356719970703,32.5361328125,62.25550079345703,3.8909687995910645,75.87915802001953,109.168212890625,84,False,152.5597686767578,36.0,-74.03620147705078,196,5
00-0034830,Hayden Hurst,LAC,2024,TE,,4.344369411468506,69.5099105834961,26.175403594970703,56.42220878601074,3.5263880491256714,49.700321197509766,73.9971923828125,37,False,143.9336700439453,12.0,-74.42375946044922,197,4
00-0035249,Josh Oliver,MIN,2024,TE,,4.336228847503662,69.3796615600586,29.17816925048828,54.79057693481445,3.4244110584259033,46.56789779663086,70.85531616210938,38,False,143.9336700439453,12.0,-74.55400848388672,198,4
00-0037614,John Metchie III,HOU,2024,WR,,4.852940559387207,77.64704895019531,29.399391174316406,62.94735336303711,3.9342095851898193,52.114967346191406,95.96438598632812,85,False,152.5597686767578,36.0,-74.9127197265625,199,5
00-0035289,Gardner Minshew,LV,2024,QB,12.874803,12.719011306762695,163.7547607421875,0.0,163.7547607421875,10.234672546386719,165.57266235351562,188.8245849609375,23,False,238.84945678710938,12.0,-75.09469604492188,200,3
00-0038496,Xavier Gipson,NYJ,2024,WR,,4.818872451782227,77.10195922851562,30.440082550048828,61.88191795349121,3.8676198720932007,57.281707763671875,89.7492904663086,86,False,152.5597686767578,36.0,-75.45780944824219,201,5
00-0038941,Tyler Scott,CHI,2024,WR,,4.810953140258789,76.97525024414062,30.165287017822266,61.89260673522949,3.8682879209518433,51.055885314941406,108.15855407714844,87,False,152.5597686767578,36.0,-75.58451843261719,202,5
00-0036556,Brevin Jordan,HOU,2024,TE,,4.250811576843262,68.01298522949219,24.280120849609375,55.8729248046875,3.4920578002929688,41.857994079589844,70.8022232055664,39,False,143.9336700439453,12.0,-75.92068481445312,203,4
00-0032464,Kalif Raymond,DET,2024,WR,,4.771834373474121,76.34934997558594,34.734596252441406,58.982051849365234,3.686378240585327,65.96192932128906,99.3198471069336,88,False,152.5597686767578,36.0,-76.21041870117188,204,5
00-0037741,Jahan Dotson,PHI,2024,WR,,4.7654571533203125,76.247314453125,25.798385620117188,63.348121643066406,3.9592576026916504,75.27281951904297,111.5913314819336,89,False,152.5597686767578,36.0,-76.31245422363281,205,5
00-0037525,Jordan Mason,SF,2024,RB,,5.52163711942768,88.34619391084289,13.686473995909797,81.50295691288798,5.093934807055499,63.71368534213463,104.74853831323183,55,False,164.73147786980536,24.0,-76.38528395896248,206,7
00-0036265,AJ Dillon,GB,2024,RB,,5.512696965535482,88.20315144856771,10.500804630915324,82.95274913311005,5.184546820819378,64.25119895935059,106.65221989949545,56,False,164.73147786980536,24.0,-76.52832642123765,207,7
00-0032775,Demarcus Robinson,LA,2024,WR,,4.737114906311035,75.79383850097656,30.202190399169922,60.6927433013916,3.793296456336975,64.98333740234375,99.46200561523438,90,False,152.5597686767578,36.0,-76.76593017578125,208,5
00-0035644,Noah Fant,SEA,2024,TE,,4.1548542976379395,66.47766876220703,33.70352554321289,49.625905990600586,3.1016191244125366,69.66703796386719,99.31490325927734,40,False,143.9336700439453,12.0,-77.45600128173828,209,4
00-0036326,Chase Claypool,BUF,2024,WR,,4.678493499755859,74.85589599609375,27.12907600402832,61.29135799407959,3.8307098746299744,49.813777923583984,84.66796112060547,91,False,152.5597686767578,36.0,-77.70387268066406,210,5
00-0029263,Russell Wilson,PIT,2024,QB,10.956868,14.642922401428223,160.44056701660156,0.21214573085308075,160.33449415117502,10.020905884448439,148.72457885742188,173.29344177246094,24,False,238.84945678710938,12.0,-78.40888977050781,211,3
00-0038555,Tank Bigsby,JAX,2024,RB,,5.32014838218689,85.12237411499024,14.478788747787476,77.8829797410965,4.867686233818532,57.550688133239746,117.36892120361328,57,False,164.73147786980536,24.0,-79.60910375481512,212,7
00-0035140,Mecole Hardman,KC,2024,WR,,4.477911949157715,71.64659118652344,24.97191047668457,59.16063594818115,3.697539746761322,53.82851028442383,84.02998352050781,92,False,152.5597686767578,36.0,-80.91317749023438,213,5
00-0038563,Tre Tucker,LV,2024,WR,,4.454238414764404,71.26781463623047,22.93263053894043,59.801499366760254,3.737593710422516,54.40372848510742,82.45198059082031,93,False,152.5597686767578,36.0,-81.29195404052734,214,5
00-0030431,Robert Woods,HOU,2024,WR,,4.415754318237305,70.65206909179688,21.160192489624023,60.07197284698486,3.754498302936554,43.84841537475586,94.7577896118164,94,False,152.5597686767578,36.0,-81.90769958496094,215,5
00-0036906,Khalil Herbert,CIN,2024,RB,,5.165169453415293,82.6427112546447,14.041199668927359,75.62211142018101,4.726381963761313,68.29470575806542,102.66342594624545,58,False,164.73147786980536,24.0,-82.08876661516067,216,7
00-0034419,Braxton Berrios,MIA,2024,WR,,4.35780668258667,69.72490692138672,29.905410766601562,54.77220153808594,3.423262596130371,52.09626007080078,82.40306091308594,95,False,152.5597686767578,36.0,-82.8348617553711,217,5
00-0034764,Michael Gallup,LV,2024,WR,,4.355522155761719,69.6883544921875,24.142770767211914,57.61696910858154,3.6010605692863464,43.604644775390625,76.78173065185547,96,False,152.5597686767578,36.0,-82.87141418457031,218,5
00-0037258,Dameon Pierce,HOU,2024,RB,,5.109728789329529,81.75566062927247,12.120667352676392,75.69532695293427,4.730957934558392,76.4104453277588,120.77361373901367,59,False,164.73147786980536,24.0,-82.97581724053289,219,7
00-0034777,DJ Chark,LAC,2024,WR,,4.345121383666992,69.52194213867188,24.964529037475586,57.03967761993408,3.56497985124588,53.001407623291016,85.69960021972656,97,False,152.5597686767578,36.0,-83.03782653808594,220,5
00-0038117,Wan'Dale Robinson,NYG,2024,WR,,4.324111461639404,69.18578338623047,37.01050567626953,50.6805305480957,3.1675331592559814,76.20256042480469,114.43742370605469,98,False,152.5597686767578,36.0,-83.37398529052734,221,5
00-0039165,Zach Charbonnet,SEA,2024,RB,,5.0748832273483275,81.19813163757324,23.513428459167482,69.4414174079895,4.340088587999344,76.34969299316407,119.25268363952637,60,False,164.73147786980536,24.0,-83.53334623223212,222,7
00-0035329,Donald Parham,DEN,2024,TE,,3.768446445465088,60.295143127441406,18.835620880126953,50.87733268737793,3.1798332929611206,39.852779388427734,64.0407943725586,41,False,143.9336700439453,12.0,-83.6385269165039,223,4
00-0032765,Michael Thomas,NO,2024,WR,,4.286521911621094,68.5843505859375,27.41474723815918,54.87697696685791,3.4298110604286194,46.35616683959961,83.7711410522461,99,False,152.5597686767578,36.0,-83.97541809082031,224,5
00-0036637,Noah Gray,KC,2024,TE,,3.689282178878784,59.02851486206055,23.473630905151367,47.29169940948486,2.955731213092804,42.1269645690918,62.27370834350586,42,False,143.9336700439453,12.0,-84.90515518188477,225,4
00-0038606,Parker Washington,JAX,2024,WR,,4.222670078277588,67.5627212524414,20.459735870361328,57.33285331726074,3.5833033323287964,43.828453063964844,91.49720764160156,100,False,152.5597686767578,36.0,-84.9970474243164,226,5
00-0038597,Chase Brown,CIN,2024,RB,,4.976513814926148,79.62422103881836,17.766910629272463,70.74076572418213,4.421297857761383,59.67958950042725,101.18872230529786,61,False,164.73147786980536,24.0,-85.107256830987,227,7
00-0034613,Tanner Hudson,CIN,2024,TE,,3.6437997817993164,58.30079650878906,20.736820220947266,47.93238639831543,2.9957741498947144,39.38949203491211,61.21384048461914,43,False,143.9336700439453,12.0,-85.63287353515625,228,4
00-0036139,Rico Dowdle,DAL,2024,RB,,4.912454482231297,78.59927171570075,22.46415768644893,67.3671928724763,4.210449554529768,68.69831313115616,107.81373934422676,62,False,164.73147786980536,24.0,-86.13220615410461,229,7
00-0032134,C.J. Uzomah,PHI,2024,TE,,3.605710506439209,57.691368103027344,17.1666316986084,49.108052253723145,3.0692532658576965,26.91520118713379,57.05341720581055,44,False,143.9336700439453,12.0,-86.24230194091797,230,4
00-0037742,Treylon Burks,TEN,2024,WR,,4.142967700958252,66.28748321533203,29.67037582397461,51.45229530334473,3.2157684564590454,49.46936798095703,95.78792572021484,101,False,152.5597686767578,36.0,-86.27228546142578,231,5
00-0035243,Miles Sanders,CAR,2024,RB,,4.862091342862708,77.79346148580333,11.606502167344665,71.990210402131,4.499388150133187,59.74191197676662,89.59113866133693,63,False,164.73147786980536,24.0,-86.93801638400203,232,7
00-0036233,Donovan Peoples-Jones,DET,2024,WR,,4.099165916442871,65.58665466308594,29.284744262695312,50.94428253173828,3.1840176582336426,48.51659393310547,88.64434814453125,102,False,152.5597686767578,36.0,-86.97311401367188,233,5
00-0031235,Odell Beckham Jr.,MIA,2024,WR,,4.089509963989258,65.43215942382812,17.465967178344727,56.69917583465576,3.543698489665985,42.32280731201172,78.75161743164062,103,False,152.5597686767578,36.0,-87.12760925292969,234,5
00-0036414,Cam Akers,MIN,2024,RB,,4.841912774253104,77.47060438804967,19.12877229233624,67.90621824188155,4.244138640117597,66.73701049334706,117.86057975387835,64,False,164.73147786980536,24.0,-87.2608734817557,235,7
00-0035631,Drew Sample,CIN,2024,TE,,3.539580821990967,56.63329315185547,24.635414123535156,44.31558609008789,2.769724130630493,33.44767379760742,68.34121704101562,45,False,143.9336700439453,12.0,-87.30037689208984,236,4
00-0034798,Durham Smythe,MIA,2024,TE,,3.485663414001465,55.77061462402344,22.14912986755371,44.69604969024658,2.7935031056404114,50.26665496826172,71.88693237304688,46,False,143.9336700439453,12.0,-88.16305541992188,237,4
00-0033948,Jamaal Williams,NO,2024,RB,,4.769509569069525,76.3121531051124,18.30613772746719,67.1590842413788,4.197442765086175,58.16975818323322,92.12817211242509,65,False,164.73147786980536,24.0,-88.41932476469296,238,7
00-0034983,Hunter Renfrow,LV,2024,WR,,3.9967057704925537,63.94729232788086,23.449764251708984,52.22241020202637,3.263900637626648,41.91274642944336,79.39231872558594,104,False,152.5597686767578,36.0,-88.61247634887695,239,5
00-0033439,Pharaoh Brown,SEA,2024,TE,,3.4473156929016113,55.15705108642578,23.041051864624023,43.63652515411377,2.7272828221321106,30.97867774963379,72.98479461669922,47,False,143.9336700439453,12.0,-88.77661895751953,240,4
00-0039062,Jonathan Mingo,DAL,2024,WR,,3.9790446758270264,63.66471481323242,14.757555961608887,56.28593683242798,3.5178710520267487,52.1516227722168,101.14922332763672,105,False,152.5597686767578,36.0,-88.89505386352539,241,5
00-0038618,Xavier Hutchinson,HOU,2024,WR,,3.9352128505706787,62.96340560913086,19.59394073486328,53.16643524169922,3.322902202606201,44.06217956542969,80.06315612792969,106,False,152.5597686767578,36.0,-89.59636306762695,242,5
00-0036936,Rondale Moore,ATL,2024,WR,,3.932587146759033,62.92139434814453,28.824716567993164,48.50903606414795,3.031814754009247,55.0791015625,84.47696685791016,107,False,152.5597686767578,36.0,-89.63837432861328,243,5
00-0030061,Zach Ertz,WAS,2024,TE,,3.367252826690674,53.87604522705078,28.7574520111084,39.49731922149658,2.4685824513435364,52.63005447387695,82.99364471435547,48,False,143.9336700439453,12.0,-90.05762481689453,244,4
00-0038115,Daniel Bellinger,NYG,2024,TE,,3.3511202335357666,53.617923736572266,18.937177658081055,44.14933490753174,2.7593334317207336,45.78240966796875,77.7130355834961,49,False,143.9336700439453,12.0,-90.31574630737305,245,5
00-0036232,Harrison Bryant,LV,2024,TE,,3.3322601318359375,53.316162109375,16.538597106933594,45.0468635559082,2.8154289722442627,38.88761520385742,59.60163497924805,50,False,143.9336700439453,12.0,-90.61750793457031,246,5
00-0032392,Austin Hooper,NE,2024,TE,,3.319767713546753,53.11628341674805,21.77867889404297,42.22694396972656,2.63918399810791,40.40889358520508,65.07858276367188,51,False,143.9336700439453,12.0,-90.81738662719727,247,5
00-0036268,Laviska Shenault Jr.,LAC,2024,WR,,3.8495497703552246,61.592796325683594,28.38633155822754,47.399630546569824,2.962476909160614,39.36963653564453,77.18977355957031,108,False,152.5597686767578,36.0,-90.96697235107422,248,5
00-0034418,Cedrick Wilson Jr.,NO,2024,WR,,3.8473944664001465,61.558311462402344,19.36086654663086,51.877878189086914,3.242367386817932,49.82979965209961,82.08421325683594,109,False,152.5597686767578,36.0,-91.00145721435547,249,5
00-0033857,JuJu Smith-Schuster,KC,2024,WR,,3.8404006958007812,61.4464111328125,31.68058204650879,45.606120109558105,2.8503825068473816,51.30819320678711,85.95166778564453,110,False,152.5597686767578,36.0,-91.11335754394531,250,5
00-0033923,Kareem Hunt,KC,2024,RB,,4.588891589029614,73.42226542447382,18.914944841305253,63.96479300382119,3.9977995627388245,59.14923029957692,84.64123973546168,66,False,164.73147786980536,24.0,-91.30921244533154,251,7
00-0033925,D'Onta Foreman,CLE,2024,RB,,4.5827241448520555,73.32358631763289,9.967678076458826,68.33974727940347,4.271234204962717,53.35782928806229,91.8779071468429,67,False,164.73147786980536,24.0,-91.40789155217247,252,7
00-0033555,Mack Hollins,BUF,2024,WR,,3.79376482963562,60.70023727416992,27.769689559936523,46.81539249420166,2.9259620308876038,51.903629302978516,88.58238983154297,111,False,152.5597686767578,36.0,-91.85953140258789,253,5
00-0037286,Kevin Harris,NE,2024,RB,,4.508199834823609,72.13119735717774,9.973438520431518,67.14447809696198,4.1965298810601235,58.42805290222168,97.56868156433106,68,False,164.73147786980536,24.0,-92.60028051262762,254,7
00-0033591,Noah Brown,WAS,2024,WR,,3.7362592220306396,59.780147552490234,17.288684844970703,51.13580513000488,3.195987820625305,46.307559967041016,86.01895141601562,112,False,152.5597686767578,36.0,-92.77962112426758,255,5
00-0036345,K.J. Osborn,WAS,2024,WR,,3.729356288909912,59.669700622558594,21.25164222717285,49.04387950897217,3.0652424693107605,52.06733322143555,85.2960433959961,113,False,152.5597686767578,36.0,-92.89006805419922,256,5
00-0034829,Mike Gesicki,CIN,2024,TE,,3.1701669692993164,50.72267150878906,18.802032470703125,41.3216552734375,2.5826034545898438,33.30487823486328,64.38026428222656,52,False,143.9336700439453,12.0,-93.21099853515625,257,5
00-0037257,David Bell,CLE,2024,WR,,3.6630656719207764,58.60905075073242,22.097620010375977,47.560240745544434,2.972515046596527,43.08651351928711,82.06244659423828,114,False,152.5597686767578,36.0,-93.95071792602539,258,5
00-0038619,Andrei Iosivas,CIN,2024,WR,,3.6466825008392334,58.346920013427734,25.20223617553711,45.74580192565918,2.8591126203536987,47.56841278076172,78.27640533447266,115,False,152.5597686767578,36.0,-94.21284866333008,259,5
00-0037005,Tommy Tremble,CAR,2024,TE,,3.0852580070495605,49.36412811279297,22.97043228149414,37.8789119720459,2.3674319982528687,46.72768020629883,75.9559326171875,53,False,143.9336700439453,12.0,-94.56954193115234,260,5
00-0038098,Pierre Strong,CLE,2024,RB,,4.363598721185667,69.81757953897068,15.658529245603745,61.9883149161688,3.87426968226055,56.26144000179387,86.28713291928018,69,False,164.73147786980536,24.0,-94.91389833083468,261,7
00-0036182,Nick Westbrook-Ikhine,TEN,2024,WR,,3.5829274654388428,57.326839447021484,22.756038665771484,45.94882011413574,2.871801257133484,43.941043853759766,76.69982147216797,116,False,152.5597686767578,36.0,-95.23292922973633,262,5
00-0037078,Cole Turner,WAS,2024,TE,,3.0212738513946533,48.34038162231445,17.433778762817383,39.62349224090576,2.47646826505661,31.61726188659668,58.18096160888672,54,False,143.9336700439453,12.0,-95.59328842163086,263,5
00-0031376,Jerick McKinnon,KC,2024,RB,,4.315308607872995,69.04493772596793,22.03165981089065,58.029107820522604,3.6268192387826628,51.574259262293836,88.39534864301635,70,False,164.73147786980536,24.0,-95.68654014383743,264,7
00-0033308,Matt Breida,SF,2024,RB,,4.297371373868494,68.75794198189591,19.59198967308969,58.96194714535107,3.6851216965844418,39.0331025450104,89.89624667116095,71,False,164.73147786980536,24.0,-95.97353588790945,265,7
00-0034115,Jeff Wilson,MIA,2024,RB,,4.29173344429024,68.66773510864384,20.452816068569657,58.44132707435901,3.652582942147438,55.38978673735194,85.94206288613823,72,False,164.73147786980536,24.0,-96.06374276116152,266,7
00-0036955,Terrace Marshall Jr.,LV,2024,WR,,3.5290133953094482,56.46421432495117,15.940516471862793,48.493956089019775,3.030872255563736,40.3494873046875,75.18708801269531,117,False,152.5597686767578,36.0,-96.09555435180664,267,5
00-0030513,Latavius Murray,BUF,2024,RB,,4.255070686340332,68.08113098144531,21.20502233505249,57.47861981391907,3.5924137383699417,63.846519470214844,91.41485595703125,73,False,164.73147786980536,24.0,-96.65034688836005,268,7
00-0038040,Zamir White,LV,2024,RB,,4.125857853889466,66.01372566223145,15.266443433761598,58.38050394535065,3.6487814965844154,52.791436996459964,99.44958358764649,74,False,164.73147786980536,24.0,-98.71775220757391,269,7
00-0036297,Darrynton Evans,CHI,2024,RB,,4.092985091114762,65.48776145783619,14.84272488915863,58.06639901325688,3.629149938328555,44.08792420096792,81.81930265647266,75,False,164.73147786980536,24.0,-99.24371641196917,270,7
00-0033537,Deshaun Watson,CLE,2024,QB,10.074938,13.852678298950195,139.5648651123047,0.018816180527210236,139.55545702204108,8.722216063877568,119.43128967285156,155.69219970703125,25,False,238.84945678710938,12.0,-99.28459167480469,271,3
00-0036271,Quez Watkins,PIT,2024,WR,,3.3184173107147217,53.09467697143555,19.034833908081055,43.57726001739502,2.7235787510871887,42.678443908691406,68.29902648925781,118,False,152.5597686767578,36.0,-99.46509170532227,272,5
00-0034838,Royce Freeman,LA,2024,RB,,4.0679606293457,65.0873700695312,9.957882396024356,60.108428871519024,3.756776804469939,49.210016872215405,82.07257012191658,76,False,164.73147786980536,24.0,-99.64410780027416,273,7
00-0026158,Joe Flacco,IND,2024,QB,10.418325,13.303853988647461,138.6038818359375,0.43734925985336304,138.38520720601082,8.649075450375676,103.16039276123047,135.65318298339844,26,False,238.84945678710938,12.0,-100.24557495117188,274,3
00-0036438,Stephen Sullivan,CAR,2024,TE,,2.7275984287261963,43.64157485961914,15.242276191711426,36.02043676376343,2.2512772977352142,31.650890350341797,61.17515182495117,55,False,143.9336700439453,12.0,-100.29209518432617,275,5
00-0027696,Jimmy Graham,NO,2024,TE,,2.726998805999756,43.631980895996094,8.035157203674316,39.614402294158936,2.4759001433849335,28.163854598999023,51.60794448852539,56,False,143.9336700439453,12.0,-100.30168914794922,276,5
00-0034970,Irv Smith,HOU,2024,TE,,2.7170653343200684,43.473045349121094,19.178123474121094,33.88398361206055,2.117748975753784,36.00642013549805,53.98059844970703,57,False,143.9336700439453,12.0,-100.46062469482422,277,5
00-0034272,Marquez Valdes-Scantling,NO,2024,WR,,3.237839937210083,51.80543899536133,12.893352508544922,45.35876274108887,2.834922671318054,35.0246696472168,73.46282196044922,119,False,152.5597686767578,36.0,-100.75432968139648,278,5
00-0035657,Damien Harris,BUF,2024,RB,,3.998242626036788,63.97188201658861,9.96474161180709,58.989511210685066,3.6868444506678166,47.69774369495034,72.62055506435344,77,False,164.73147786980536,24.0,-100.75959585321675,279,7
00-0034386,Justin Watson,KC,2024,WR,,3.2270801067352295,51.63328170776367,15.911446571350098,43.67755842208862,2.729847401380539,32.00305938720703,64.20996856689453,120,False,152.5597686767578,36.0,-100.92648696899414,280,5
00-0035406,Lil'Jordan Humphrey,DEN,2024,WR,,3.2179296016693115,51.486873626708984,19.228355407714844,41.87269592285156,2.6170434951782227,31.248260498046875,70.7892837524414,121,False,152.5597686767578,36.0,-101.07289505004883,281,5
00-0035341,Trenton Irwin,CAR,2024,WR,,3.2081823348999023,51.33091735839844,17.120420455932617,42.77070713043213,2.673169195652008,32.9637336730957,60.618812561035156,122,False,152.5597686767578,36.0,-101.22885131835938,282,5
00-0036020,Salvon Ahmed,IND,2024,RB,,3.9528192476912936,63.2451079630607,25.839755998920857,50.32522996360027,3.145326872725017,45.82409142950477,81.55180061982642,78,False,164.73147786980536,24.0,-101.48636990674467,283,7
00-0038705,Emari Demercado,ARI,2024,RB,,3.9396278494894306,63.03404559183089,20.19863800355623,52.934726590052776,3.3084204118782985,48.98162131957695,85.24204996358363,79,False,164.73147786980536,24.0,-101.69743227797447,284,7
00-0034365,Ian Thomas,CAR,2024,TE,,2.637678384780884,42.20285415649414,20.63173484802246,31.88698673248291,1.9929366707801819,24.924848556518555,52.37062072753906,58,False,143.9336700439453,12.0,-101.73081588745117,285,5
00-0036754,Brock Wright,DET,2024,TE,,2.63274884223938,42.12398147583008,17.066608428955078,33.59067726135254,2.0994173288345337,31.93989372253418,45.29829406738281,59,False,143.9336700439453,12.0,-101.80968856811523,286,5
00-0034364,Jordan Akins,CLE,2024,TE,,2.6257452964782715,42.011924743652344,11.385916709899902,36.31896638870239,2.2699353992938995,30.620824813842773,53.20026779174805,60,False,143.9336700439453,12.0,-101.92174530029297,287,5
00-0033526,Samaje Perine,KC,2024,RB,,3.9232979316926837,62.77276690708294,23.994664844183955,50.77543448499097,3.1734646553119354,54.41234161729441,91.61239679074141,80,False,164.73147786980536,24.0,-101.95871096272242,288,7
00-0037299,Keaontay Ingram,KC,2024,RB,,3.9061335706710816,62.498137130737305,8.759888830184936,58.11819271564484,3.6323870447278024,34.91345748901367,72.45448684692383,81,False,164.73147786980536,24.0,-102.23334073906805,289,7
00-0033757,Robert Tonyan,KC,2024,TE,,2.600187063217163,41.60299301147461,18.091962814331055,32.55701160430908,2.0348132252693176,35.48662185668945,60.01716995239258,61,False,143.9336700439453,12.0,-102.3306770324707,290,5
00-0036425,DeeJay Dallas,ARI,2024,RB,,3.8994017856795034,62.390428570872054,10.373190779937284,57.20383318090341,3.575239573806463,29.76006046266445,58.04938028404763,82,False,164.73147786980536,24.0,-102.34104929893331,291,7
00-0032543,Alex Erickson,HOU,2024,WR,,3.0995726585388184,49.593162536621094,14.377838134765625,42.40424346923828,2.6502652168273926,35.13821792602539,57.26026153564453,123,False,152.5597686767578,36.0,-102.96660614013672,292,5
00-0036984,Trey Sermon,IND,2024,RB,,3.856728406317996,61.70765450108794,11.64278598312806,55.886261509523905,3.492891344345244,40.93320069085238,79.35060821841303,83,False,164.73147786980536,24.0,-103.02382336871742,293,7
00-0033246,Johnny Mundt,MIN,2024,TE,,2.5225021839141846,40.36003494262695,14.12342357635498,33.29832315444946,2.0811451971530914,22.87908935546875,44.2841682434082,62,False,143.9336700439453,12.0,-103.57363510131836,294,5
00-0035537,Ty Johnson,BUF,2024,RB,,3.788044096831179,60.60870554929886,14.502600917953242,53.35740509032224,3.33483781814514,53.18581909132689,83.18641312413148,84,False,164.73147786980536,24.0,-104.1227723205065,295,7
00-0030578,Cordarrelle Patterson,PIT,2024,RB,,3.7849498987197876,60.5591983795166,15.998929023742676,52.559733867645264,3.284983366727829,52.98196792602539,79.82671165466309,85,False,164.73147786980536,24.0,-104.17227949028876,296,7
00-0037487,Deven Thompkins,CAR,2024,WR,,2.9510648250579834,47.217037200927734,11.496055603027344,41.46900939941406,2.591813087463379,23.519306182861328,53.16560363769531,124,False,152.5597686767578,36.0,-105.34273147583008,297,5
00-0038935,Brenton Strange,JAX,2024,TE,,2.3939058780670166,38.302494049072266,14.76441764831543,30.92028522491455,1.9325178265571594,21.91050148010254,39.7183952331543,63,False,143.9336700439453,12.0,-105.63117599487305,298,5
00-0036331,Devin Duvernay,JAX,2024,WR,,2.9118564128875732,46.58970260620117,17.341524124145508,37.91894054412842,2.369933784008026,31.512117385864258,69.20167541503906,125,False,152.5597686767578,36.0,-105.97006607055664,299,5
00-0035208,Olamide Zaccheaus,WAS,2024,WR,,2.9043326377868652,46.469322204589844,16.19270896911621,38.37296772003174,2.3983104825019836,38.08539581298828,67.92082214355469,126,False,152.5597686767578,36.0,-106.09044647216797,300,5
00-0038647,Ronnie Bell,SF,2024,WR,,2.8902604579925537,46.24416732788086,12.724644660949707,39.881844997406006,2.4926153123378754,29.62921714782715,57.173641204833984,127,False,152.5597686767578,36.0,-106.31560134887695,301,5
00-0036628,John Bates,WAS,2024,TE,,2.3330492973327637,37.32878875732422,14.75368881225586,29.95194435119629,1.871996521949768,31.98065757751465,55.42167282104492,64,False,143.9336700439453,12.0,-106.6048812866211,302,5
00-0036567,Elijah Mitchell,SF,2024,RB,,3.6118741591771446,57.789986546834314,11.517604509989422,52.0311842918396,3.251949018239975,50.816581344604494,85.8511848449707,86,False,164.73147786980536,24.0,-106.94149132297105,303,7
00-0036370,Joshua Kelley,TEN,2024,RB,,3.5981073973196813,57.5697183571149,14.181400191047924,50.479018261590944,3.154938641349434,43.198537246448225,84.13710904757835,87,False,164.73147786980536,24.0,-107.16175951269045,304,7
00-0037098,Samori Toure,CHI,2024,WR,,2.8305931091308594,45.28948974609375,10.413189888000488,40.082894802093506,2.505180925130844,17.43263816833496,46.348907470703125,128,False,152.5597686767578,36.0,-107.27027893066406,305,5
00-0036626,Dyami Brown,WAS,2024,WR,,2.8219094276428223,45.150550842285156,11.473869323730469,39.41361618041992,2.463351011276245,27.29549789428711,72.14212036132812,129,False,152.5597686767578,36.0,-107.40921783447266,306,5
00-0034681,Chase Edmonds,TB,2024,RB,,3.555030039991931,56.880480639870896,12.842459458462756,50.45925091063952,3.15370318191497,43.93914337017208,67.18277660393372,88,False,164.73147786980536,24.0,-107.85099722993446,307,7
00-0038573,Derius Davis,LAC,2024,WR,,2.7653145790100098,44.245033264160156,20.81292724609375,33.83856964111328,2.11491060256958,27.138273239135742,66.25582122802734,130,False,152.5597686767578,36.0,-108.31473541259766,308,5
00-0039041,Elijah Higgins,ARI,2024,TE,,2.215796947479248,35.45275115966797,12.981423377990723,28.962039470672607,1.810127466917038,25.010398864746094,44.624454498291016,65,False,143.9336700439453,12.0,-108.48091888427734,309,5
00-0036422,Adam Trautman,DEN,2024,TE,,2.197667121887207,35.16267395019531,18.308879852294922,26.00823402404785,1.6255146265029907,27.9664363861084,50.064823150634766,66,False,143.9336700439453,12.0,-108.77099609375,310,5
00-0037273,Kyle Philips,PHI,2024,WR,,2.734081506729126,43.745304107666016,19.99492645263672,33.747840881347656,2.1092400550842285,22.718639373779297,60.800994873046875,131,False,152.5597686767578,36.0,-108.8144645690918,311,5
00-0039152,Will Levis,TEN,2024,QB,10.596302,12.258129119873047,129.89083862304688,0.0,129.89083862304688,8.11817741394043,121.68830871582031,156.67027282714844,27,False,238.84945678710938,12.0,-108.9586181640625,312,3
00-0034407,Ray-Ray McCloud,ATL,2024,WR,,2.709374189376831,43.3499870300293,14.33730697631836,36.18133354187012,2.2613333463668823,28.410472869873047,68.74258422851562,132,False,152.5597686767578,36.0,-109.20978164672852,313,5
00-0034159,Will Dissly,LAC,2024,TE,,2.1510934829711914,34.41749572753906,13.343019485473633,27.745985984802246,1.7341241240501404,23.24176025390625,39.75865936279297,67,False,143.9336700439453,12.0,-109.51617431640625,314,5
00-0038611,Chris Rodriguez Jr.,WAS,2024,RB,,3.4337180614471436,54.9394889831543,11.929081592559815,48.97494818687439,3.0609342616796495,57.52202507019043,86.43095001220703,89,False,164.73147786980536,24.0,-109.79198888665107,315,7
00-0037292,Andrew Ogletree,IND,2024,TE,,2.11676287651062,33.86820602416992,14.1575288772583,26.78944158554077,1.6743400990962982,29.028152465820312,53.68807601928711,68,False,143.9336700439453,12.0,-110.06546401977539,316,5
00-0034297,Byron Pringle,WAS,2024,WR,,2.597437858581543,41.55900573730469,13.376240730285645,34.870885372161865,2.1794303357601166,15.131659507751465,54.561004638671875,133,False,152.5597686767578,36.0,-111.00076293945312,317,5
00-0035628,D'Ernest Johnson,JAX,2024,RB,,3.27474759822835,52.3959615716536,14.29954432566471,45.246189408821245,2.827886838051328,31.795706092030276,56.66286713615172,90,False,164.73147786980536,24.0,-112.33551629815176,318,7
00-0034054,River Cracraft,MIA,2024,WR,,2.510021924972534,40.16035079956055,11.627533912658691,34.3465838432312,2.14666149020195,28.38126564025879,54.3048210144043,134,False,152.5597686767578,36.0,-112.39941787719727,319,5
00-0031585,MyCole Pruitt,PIT,2024,TE,,1.9691693782806396,31.506710052490234,12.144762992858887,25.43432855606079,1.5896455347537994,20.85405921936035,38.45615005493164,69,False,143.9336700439453,12.0,-112.42695999145508,320,5
00-0038465,Malik Heath,GB,2024,WR,,2.5003039836883545,40.00486373901367,14.789325714111328,32.61020088195801,2.0381375551223755,27.14504051208496,47.45840072631836,135,False,152.5597686767578,36.0,-112.55490493774414,321,5
00-0038622,Deuce Vaughn,DAL,2024,RB,,3.2105024933815005,51.36803989410401,12.841064033508301,44.94750787734986,2.809219242334366,32.40237474441528,96.96403434753418,91,False,164.73147786980536,24.0,-113.36343797570134,322,7
00-0032104,Ameer Abdullah,LV,2024,RB,,3.207365171698819,51.3178427471811,19.12808422860179,41.753800632880214,2.6096125395550134,25.229923383293702,59.82264582028869,92,False,164.73147786980536,24.0,-113.41363512262426,323,7
00-0038821,Rakim Jarrett,TB,2024,WR,,2.4411301612854004,39.058082580566406,12.95453929901123,32.58081293106079,2.0363008081912994,22.907522201538086,44.82648468017578,136,False,152.5597686767578,36.0,-113.5016860961914,324,5
00-0031547,DeVante Parker,PHI,2024,WR,,2.421926736831665,38.75082778930664,14.258286476135254,31.621684551239014,1.9763552844524384,30.774927139282227,57.31318283081055,137,False,152.5597686767578,36.0,-113.80894088745117,325,5
00-0036630,Tylan Wallace,BAL,2024,WR,,2.359806776046753,37.75690841674805,17.864303588867188,28.824756622314453,1.8015472888946533,24.409629821777344,52.89517593383789,138,False,152.5597686767578,36.0,-114.80286026000977,326,5
00-0037801,KaVontae Turpin,DAL,2024,WR,,2.356538772583008,37.704620361328125,10.88942813873291,32.25990629196167,2.0162441432476044,16.116662979125977,53.4991569519043,139,False,152.5597686767578,36.0,-114.85514831542969,327,5
00-0039074,Davis Allen,LA,2024,TE,,1.8051341772079468,28.88214683532715,10.841516494750977,23.46138858795166,1.4663367867469788,21.467702865600586,38.63471221923828,70,False,143.9336700439453,12.0,-115.05152320861816,328,5
00-0038589,Josh Whyle,TEN,2024,TE,,1.7757006883621216,28.411211013793945,12.633970260620117,22.094225883483887,1.380889117717743,27.737812042236328,48.25761795043945,71,False,143.9336700439453,12.0,-115.52245903015137,329,5
00-0034286,Richie James,KC,2024,WR,,2.3038392066955566,36.861427307128906,13.390193939208984,30.166330337524414,1.8853956460952759,26.45546531677246,58.45806121826172,140,False,152.5597686767578,36.0,-115.6983413696289,330,5
00-0032688,Robbie Chosen,MIA,2024,WR,,2.263225555419922,36.21160888671875,15.645434379577637,28.38889169692993,1.7743057310581207,25.972026824951172,63.676902770996094,141,False,152.5597686767578,36.0,-116.34815979003906,331,5
00-0038492,Jason Brownlee,KC,2024,WR,,2.2554028034210205,36.08644485473633,18.180442810058594,26.99622344970703,1.6872639656066895,25.829755783081055,56.88059997558594,142,False,152.5597686767578,36.0,-116.47332382202148,332,5
00-0037805,Jeremy Ruckert,NYJ,2024,TE,,1.691008448600769,27.056135177612305,13.51048469543457,20.30089282989502,1.2688058018684387,22.178857803344727,45.9504280090332,72,False,143.9336700439453,12.0,-116.87753486633301,333,5
00-0036360,Clyde Edwards-Helaire,NO,2024,RB,,2.9482799658050776,47.17247945288124,10.023942290690565,42.160508307535956,2.6350317692209972,46.437522656064104,78.03873036326488,93,False,164.73147786980536,24.0,-117.55899841692411,334,7
00-0038752,Jake Bobo,SEA,2024,WR,,2.176079273223877,34.81726837158203,12.602073669433594,28.516231536865234,1.7822644710540771,30.947956085205078,57.84315490722656,143,False,152.5597686767578,36.0,-117.74250030517578,335,5
00-0037539,Lucas Krull,DEN,2024,TE,,1.608433485031128,25.734935760498047,9.536211013793945,20.966830253601074,1.3104268908500671,16.840818405151367,38.140411376953125,73,False,143.9336700439453,12.0,-118.19873428344727,336,5
00-0034414,Boston Scott,PIT,2024,RB,,2.9013753400348294,46.42200544055727,11.753634210778458,40.54518833516804,2.5340742709480026,29.536343922598732,52.286906351197835,94,False,164.73147786980536,24.0,-118.30947242924809,337,7
00-0036424,Brycen Hopkins,LA,2024,TE,,1.5261257886886597,24.418012619018555,8.075228691101074,20.380398273468018,1.273774892091751,15.908894538879395,43.49605178833008,74,False,143.9336700439453,12.0,-119.51565742492676,338,5
00-0036497,Tim Jones,JAX,2024,WR,,2.060171127319336,32.962738037109375,10.886841773986816,27.519317150115967,1.719957321882248,20.961669921875,47.824546813964844,144,False,152.5597686767578,36.0,-119.59703063964844,339,5
00-0029701,Ryan Tannehill,TEN,2024,QB,10.582921,11.258185386657715,119.14448547363281,0.0026432275772094727,119.14316385984421,7.446447741240263,81.2232666015625,142.59677124023438,28,False,238.84945678710938,12.0,-119.70497131347656,340,3
00-0035639,Parris Campbell,PHI,2024,WR,,2.020057201385498,32.32091522216797,12.241134643554688,26.200347900390625,1.637521743774414,30.58124542236328,64.08258819580078,145,False,152.5597686767578,36.0,-120.23885345458984,341,5
00-0038547,Luke Schoonmaker,DAL,2024,TE,,1.4726884365081787,23.56301498413086,9.659716606140137,18.73315668106079,1.1708222925662994,19.393766403198242,34.72121047973633,75,False,143.9336700439453,12.0,-120.37065505981445,342,5
00-0037475,Stone Smartt,LAC,2024,TE,,1.4638876914978027,23.422203063964844,15.753114700317383,15.545645713806152,0.9716028571128845,22.46010398864746,49.54695129394531,76,False,143.9336700439453,12.0,-120.51146697998047,343,5
00-0038394,Will Mallory,IND,2024,TE,,1.4607316255569458,23.371706008911133,16.371692657470703,15.185859680175781,0.9491162300109863,23.18186378479004,43.249237060546875,77,False,143.9336700439453,12.0,-120.56196403503418,344,5
00-0036387,Jalen Reagor,LAC,2024,WR,,1.9883755445480347,31.814008712768555,11.056073188781738,26.285972118377686,1.6428732573986053,30.596725463867188,56.489200592041016,146,False,152.5597686767578,36.0,-120.74575996398926,345,5
00-0032062,Blake Bell,KC,2024,TE,,1.4436625242233276,23.098600387573242,8.577912330627441,18.80964422225952,1.17560276389122,15.469240188598633,30.738941192626953,78,False,143.9336700439453,12.0,-120.83506965637207,346,5
00-0032141,Geoff Swaim,CLE,2024,TE,,1.4150258302688599,22.640413284301758,8.71833610534668,18.281245231628418,1.1425778269767761,13.66506576538086,30.449983596801758,79,False,143.9336700439453,12.0,-121.29325675964355,347,5
00-0036145,Lawrence Cager,WAS,2024,TE,,1.409142017364502,22.54627227783203,11.568573951721191,16.761985301971436,1.0476240813732147,15.680821418762207,37.508087158203125,80,False,143.9336700439453,12.0,-121.38739776611328,348,5
00-0035567,Craig Reynolds,DET,2024,RB,,2.683902960489418,42.94244736783069,7.904767402887834,38.990063666386774,2.4368789791491734,33.183914625101266,53.84169389000174,95,False,164.73147786980536,24.0,-121.78903050197468,349,7
00-0032385,Sterling Shepard,TB,2024,WR,,1.920837163925171,30.733394622802734,9.895318031311035,25.785735607147217,1.611608475446701,14.51059627532959,42.06353759765625,147,False,152.5597686767578,36.0,-121.82637405395508,350,5
00-0037569,Peyton Hendershot,KC,2024,TE,,1.37887442111969,22.06199073791504,7.189918518066406,18.467031478881836,1.1541894674301147,11.788834571838379,31.899930953979492,81,False,143.9336700439453,12.0,-121.87167930603027,351,5
00-0036450,Ke'Shawn Vaughn,SF,2024,RB,,2.6568173927317575,42.50907828370812,4.655180570157239,40.1814879986295,2.5113429999143437,24.890484800619433,48.999020280126516,96,False,164.73147786980536,24.0,-122.22239958609724,352,7
00-0034487,Trent Sherfield,MIN,2024,WR,,1.8942511081695557,30.30801773071289,8.74502182006836,25.93550682067871,1.6209691762924194,22.02617645263672,53.00947952270508,148,False,152.5597686767578,36.0,-122.25175094604492,353,5
00-0037745,Velus Jones Jr.,CAR,2024,WR,,1.873698115348816,29.979169845581055,13.516611099243164,23.220864295959473,1.451304018497467,9.178377151489258,34.03343200683594,149,False,152.5597686767578,36.0,-122.58059883117676,354,5
00-0038720,Julian Hill,MIA,2024,TE,,1.3319783210754395,21.31165313720703,9.355284690856934,16.634010791778564,1.0396256744861603,16.628543853759766,31.560422897338867,82,False,143.9336700439453,12.0,-122.62201690673828,355,5
00-0038809,Ben Sims,GB,2024,TE,,1.3238755464553833,21.182008743286133,10.136784553527832,16.113616466522217,1.0071010291576385,14.77310562133789,28.339677810668945,83,False,143.9336700439453,12.0,-122.75166130065918,356,5
00-0038104,Tyquan Thornton,KC,2024,WR,,1.8571362495422363,29.71417999267578,13.504412651062012,22.961973667144775,1.4351233541965485,17.664710998535156,50.76176452636719,150,False,152.5597686767578,36.0,-122.84558868408203,357,5
00-0035298,Scott Miller,PIT,2024,WR,,1.8302302360534668,29.28368377685547,11.598686218261719,23.48434066772461,1.467771291732788,19.904619216918945,45.03745651245117,151,False,152.5597686767578,36.0,-123.27608489990234,358,5
00-0038046,Charlie Kolar,BAL,2024,TE,,1.272152066230774,20.354433059692383,4.82094669342041,17.943959712982178,1.121497482061386,11.503446578979492,27.643814086914062,84,False,143.9336700439453,12.0,-123.57923698425293,359,5
00-0036429,Charlie Woerner,ATL,2024,TE,,1.2669726610183716,20.271562576293945,7.71663761138916,16.413243770599365,1.0258277356624603,18.417892456054688,36.73149490356445,85,False,143.9336700439453,12.0,-123.66210746765137,360,5
00-0035259,Trevon Wesco,LV,2024,TE,,1.2544431686401367,20.071090698242188,6.218277931213379,16.961951732635498,1.0601219832897186,9.66282844543457,24.92197036743164,86,False,143.9336700439453,12.0,-123.86257934570312,361,5
00-0029293,Marvin Jones,DET,2024,WR,,1.7707536220550537,28.33205795288086,15.479715347290039,20.59220027923584,1.28701251745224,18.76879119873047,57.66224670410156,152,False,152.5597686767578,36.0,-124.22771072387695,362,5
00-0035771,Mitchell Wilcox,NE,2024,TE,,1.2223724126815796,19.557958602905273,7.848860740661621,15.633528232574463,0.9770955145359039,13.56025505065918,28.124528884887695,87,False,143.9336700439453,12.0,-124.37571144104004,363,5
00-0037382,Brandon Johnson,PIT,2024,WR,,1.7610630989074707,28.17700958251953,14.246881484985352,21.053568840026855,1.3158480525016785,28.46445083618164,51.93910598754883,153,False,152.5597686767578,36.0,-124.38275909423828,364,5
00-0024243,Marcedes Lewis,CHI,2024,TE,,1.2141761779785156,19.42681884765625,3.7584543228149414,17.54759168624878,1.0967244803905487,12.457356452941895,27.83491325378418,88,False,143.9336700439453,12.0,-124.50685119628906,365,5
00-0033572,Jamal Agnew,PIT,2024,WR,,1.7475608587265015,27.960973739624023,7.508251190185547,24.20684814453125,1.5129280090332031,16.073951721191406,35.50727462768555,154,False,152.5597686767578,36.0,-124.59879493713379,366,5
00-0036364,Lynn Bowden,NO,2024,WR,,1.739121675491333,27.825946807861328,7.580080986022949,24.035906314849854,1.5022441446781158,12.11952018737793,31.173946380615234,155,False,152.5597686767578,36.0,-124.73382186889648,367,5
00-0037557,Ronnie Rivers,LA,2024,RB,,2.4950593577567073,39.92094972410732,7.755729363782207,36.04308504221621,2.2526928151385133,34.07361267144675,57.33097374651712,97,False,164.73147786980536,24.0,-124.81052814569804,368,7
00-0036332,Josiah Deguara,JAX,2024,TE,,1.192528247833252,19.08045196533203,4.954542636871338,16.603180646896362,1.0376987904310226,11.508008003234863,25.78500747680664,89,False,143.9336700439453,12.0,-124.85321807861328,369,5
00-0036569,Gary Brightwell,CIN,2024,RB,,2.4882604112631648,39.812166580210636,10.670689611193417,34.47682177461393,2.1548013609133707,25.807671810936064,61.0788572515583,98,False,164.73147786980536,24.0,-124.91931128959473,370,7
00-0031484,Chris Manhertz,NYG,2024,TE,,1.1844359636306763,18.95097541809082,3.915449380874634,16.993250727653503,1.062078170478344,7.552703857421875,17.765745162963867,90,False,143.9336700439453,12.0,-124.98269462585449,371,5
00-0039050,Payne Durham,TB,2024,TE,,1.1631174087524414,18.609878540039062,8.460027694702148,14.379864692687988,0.8987415432929993,13.592318534851074,26.368602752685547,91,False,143.9336700439453,12.0,-125.32379150390625,372,5
00-0038783,Nate Adkins,DEN,2024,TE,,1.1558881998062134,18.494211196899414,8.406638145446777,14.290892124176025,0.8931807577610016,13.355536460876465,27.64565086364746,92,False,143.9336700439453,12.0,-125.4394588470459,373,5
00-0035645,Gunner Olszewski,NYG,2024,WR,,1.688366174697876,27.013858795166016,8.565773963928223,22.730971813201904,1.420685738325119,11.784305572509766,36.899078369140625,156,False,152.5597686767578,36.0,-125.5459098815918,374,5
00-0038558,Darnell Washington,PIT,2024,TE,,1.1184297800064087,17.89487648010254,8.011191368103027,13.889280796051025,0.8680800497531891,14.645317077636719,33.13819885253906,93,False,143.9336700439453,12.0,-126.03879356384277,375,5
00-0027944,Julio Jones,PHI,2024,WR,,1.6568114757537842,26.508983612060547,10.410799980163574,21.30358362197876,1.3314739763736725,14.533330917358398,42.554744720458984,157,False,152.5597686767578,36.0,-126.05078506469727,376,5
00-0035215,Deonte Harty,BAL,2024,WR,,1.6403888463974,26.2462215423584,5.561577320098877,23.46543288230896,1.46658955514431,7.771271228790283,35.81553268432617,158,False,152.5597686767578,36.0,-126.31354713439941,377,5
00-0035414,Jalen Guyton,LV,2024,WR,,1.5645354986190796,25.032567977905273,11.263218879699707,19.40095853805542,1.2125599086284637,19.04762840270996,47.911537170410156,159,False,152.5597686767578,36.0,-127.52720069885254,378,5
00-0033251,Zach Pascal,ARI,2024,WR,,1.5272291898727417,24.435667037963867,4.9315361976623535,21.96989893913269,1.3731186836957932,16.608797073364258,42.61618423461914,160,False,152.5597686767578,36.0,-128.12410163879395,379,5
00-0035594,Travis Homer,CHI,2024,RB,,2.2599027543195223,36.158444069112356,8.553158041016033,31.881865048604336,1.992616565537771,22.931212548759195,55.379553716921954,99,False,164.73147786980536,24.0,-128.573033800693,380,7
00-0036133,James Proche,CLE,2024,WR,,1.4952516555786133,23.924026489257812,10.264841079711914,18.791605949401855,1.174475371837616,13.776100158691406,35.99407196044922,161,False,152.5597686767578,36.0,-128.6357421875,381,5
00-0034869,Sam Darnold,MIN,2024,QB,10.2842245,10.709901809692383,110.14303588867188,0.01563256047666073,110.13521960843354,6.8834512255270965,88.30078887939453,127.52047729492188,29,False,238.84945678710938,12.0,-128.7064208984375,382,3
00-0037429,Raheem Blackshear,CAR,2024,RB,,2.2438707250931915,35.901931601491064,7.340555559722305,32.23165382162991,2.0144783638518695,21.25330930517929,40.15749887023863,100,False,164.73147786980536,24.0,-128.8295462683143,383,7
00-0037132,Britain Covey,PHI,2024,WR,,1.4755626916885376,23.6090030670166,10.623595237731934,18.297205448150635,1.1435753405094147,19.498943328857422,41.163185119628906,162,False,152.5597686767578,36.0,-128.9507656097412,384,5
00-0031428,Allen Robinson,DET,2024,WR,,1.4246429204940796,22.794286727905273,9.051316261291504,18.26862859725952,1.14178928732872,24.863386154174805,48.524375915527344,163,False,152.5597686767578,36.0,-129.76548194885254,385,5
00-0035562,Jesper Horsted,CAR,2024,TE,,0.8698570728302002,13.917713165283203,2.9009337425231934,12.467246294021606,0.7792028933763504,8.19480037689209,23.274383544921875,94,False,143.9336700439453,12.0,-130.0159568786621,386,5
00-0033854,Dare Ogunbowale,HOU,2024,RB,,2.1633624858810507,34.61379977409681,3.378788255147131,32.92440564652325,2.057775352907703,10.735298104498339,29.434801446234502,101,False,164.73147786980536,24.0,-130.11767809570856,387,7
00-0035710,Daniel Jones,MIN,2024,QB,9.284851,11.659500122070312,108.25672149658203,0.1394847333431244,108.18697912991047,6.761686195619404,86.73143768310547,139.674560546875,30,False,238.84945678710938,12.0,-130.59273529052734,388,3
00-0030068,Marquise Goodwin,CLE,2024,WR,,1.356016755104065,21.69626808166504,11.070504188537598,16.16101598739624,1.010063499212265,6.6592559814453125,42.3100471496582,164,False,152.5597686767578,36.0,-130.86350059509277,389,5
00-0036176,Mason Kinsey,TEN,2024,WR,,1.3374059200286865,21.398494720458984,10.497539520263672,16.14972496032715,1.0093578100204468,11.881269454956055,32.76320266723633,165,False,152.5597686767578,36.0,-131.16127395629883,390,5
00-0034854,KhaDarel Hodge,ATL,2024,WR,,1.3010908365249634,20.817453384399414,6.164159297943115,17.735373735427856,1.108460858464241,19.297910690307617,46.16094207763672,166,False,152.5597686767578,36.0,-131.7423152923584,391,5
00-0036862,Ben Skowronek,PIT,2024,WR,,1.2954649925231934,20.727439880371094,4.197412967681885,18.62873339653015,1.1642958372831345,12.148719787597656,33.20151138305664,167,False,152.5597686767578,36.0,-131.83232879638672,392,5
00-0033589,David Moore,CAR,2024,WR,,1.273508071899414,20.376129150390625,6.153816223144531,17.29922103881836,1.0812013149261475,5.971467971801758,30.53415870666504,168,False,152.5597686767578,36.0,-132.1836395263672,393,5
00-0037451,Rod Williams,PIT,2024,TE,,0.7299607992172241,11.679372787475586,2.2588534355163574,10.549946069717407,0.659371629357338,6.03231954574585,19.095609664916992,95,False,143.9336700439453,12.0,-132.25429725646973,394,5
00-0032398,Chris Moore,WAS,2024,WR,,1.2375924587249756,19.80147933959961,13.143800735473633,13.229578971862793,0.8268486857414246,18.9993953704834,44.03755187988281,169,False,152.5597686767578,36.0,-132.7582893371582,395,5
00-0036741,Jack Stoll,MIA,2024,TE,,0.6891114711761475,11.02578353881836,2.373298168182373,9.839134454727173,0.6149459034204483,8.217494010925293,21.65052604675293,96,False,143.9336700439453,12.0,-132.90788650512695,396,5
00-0034193,Kevin Rader,NO,2024,TE,,0.68626868724823,10.98029899597168,3.777003288269043,9.091797351837158,0.5682373344898224,6.634125709533691,18.585620880126953,97,False,143.9336700439453,12.0,-132.95337104797363,397,5
00-0036032,Sean McKeon,IND,2024,TE,,0.6570613384246826,10.512981414794922,5.104391574859619,7.960785627365112,0.4975491017103195,8.204188346862793,18.36978530883789,98,False,143.9336700439453,12.0,-133.4206886291504,398,5
00-0037216,Justyn Ross,KC,2024,WR,,1.1794898509979248,18.871837615966797,6.860975742340088,15.441349744796753,0.9650843590497971,15.200408935546875,33.5189208984375,170,False,152.5597686767578,36.0,-133.68793106079102,399,5
00-0037311,Ko Kieft,TB,2024,TE,,0.6212981939315796,9.940771102905273,3.6341938972473145,8.123674154281616,0.507729634642601,6.60699462890625,19.007797241210938,99,False,143.9336700439453,12.0,-133.99289894104004,400,5
00-0031763,DeAndre Carter,CHI,2024,WR,,1.1397653818130493,18.23624610900879,8.0770902633667,14.19770097732544,0.88735631108284,9.9967041015625,31.036577224731445,171,False,152.5597686767578,36.0,-134.32352256774902,401,5
00-0037120,Tyler Goodson,IND,2024,RB,,1.857392270565033,29.718276329040528,8.850423049926759,25.29306480407715,1.580816550254822,24.17043930053711,55.28884437561035,102,False,164.73147786980536,24.0,-135.01320154076484,402,7
00-0036842,Kene Nwangwu,NYJ,2024,RB,,1.8384630657433647,29.415409051893835,4.509986191083111,27.16041595635228,1.6975259972720176,13.003201731610673,37.14419267039524,103,False,164.73147786980536,24.0,-135.3160688179115,403,7
00-0028002,Randall Cobb,NYJ,2024,WR,,0.9870504140853882,15.792806625366211,9.020279884338379,11.282666683197021,0.7051666676998138,10.309427261352539,37.06003189086914,172,False,152.5597686767578,36.0,-136.7669620513916,404,5
00-0038612,A.T. Perry,DEN,2024,WR,,0.9564120173454285,15.302592277526855,4.6675519943237305,12.96881628036499,0.8105510175228119,14.154905319213867,43.20536422729492,173,False,152.5597686767578,36.0,-137.25717639923096,405,5
00-0035703,Miles Boykin,SEA,2024,WR,,0.9516420960426331,15.226273536682129,7.99366569519043,11.229440689086914,0.7018400430679321,7.594192981719971,24.520702362060547,174,False,152.5597686767578,36.0,-137.33349514007568,406,5
00-0036841,Austin Trammell,JAX,2024,WR,,0.940004825592041,15.040077209472656,3.9693379402160645,13.055408239364624,0.815963014960289,9.087549209594727,27.368988037109375,175,False,152.5597686767578,36.0,-137.51969146728516,407,5
00-0037272,Montrell Washington,KC,2024,WR,,0.9352670311927795,14.964272499084473,6.501087188720703,11.713728904724121,0.7321080565452576,10.116230010986328,23.635330200195312,176,False,152.5597686767578,36.0,-137.59549617767334,408,5
00-0038576,Charlie Jones,CIN,2024,WR,,0.9186354279518127,14.698166847229004,5.540234565734863,11.928049564361572,0.7455030977725983,7.247363090515137,22.70214080810547,177,False,152.5597686767578,36.0,-137.8616018295288,409,5
00-0037156,Irvin Charles,NYJ,2024,WR,,0.9111328721046448,14.578125953674316,7.9497833251953125,10.60323429107666,0.6627021431922913,8.060416221618652,24.165624618530273,178,False,152.5597686767578,36.0,-137.9816427230835,410,5
00-0035291,Trayveon Williams,CIN,2024,RB,,1.6465871201248548,26.345393921997676,6.790063863267317,22.950361990364016,1.434397624397751,20.23104313306658,44.86753726081926,104,False,164.73147786980536,24.0,-138.3860839478077,411,7
00-0031941,Jamison Crowder,WAS,2024,WR,,0.8334332704544067,13.334932327270508,3.906456708908081,11.381703972816467,0.7113564983010292,3.4923324584960938,25.709697723388672,179,False,152.5597686767578,36.0,-139.2248363494873,412,5
00-0029239,Brandon Bolden,LV,2024,RB,,1.5695666670799255,25.11306667327881,4.1606515645980835,23.032740890979767,1.4395463056862354,19.97471523284912,41.47866725921631,105,False,164.73147786980536,24.0,-139.61841119652655,413,7
00-0034279,Equanimeous St. Brown,NO,2024,WR,,0.7801254987716675,12.48200798034668,7.396058559417725,8.783978700637817,0.5489986687898636,8.804529190063477,29.460464477539062,180,False,152.5597686767578,36.0,-140.07776069641113,414,5
00-0038489,Ben VanSumeren,PHI,2024,RB,,1.5315077078342438,24.5041233253479,4.466890349388122,22.27067815065384,1.391917384415865,8.64922465324402,44.72284957885742,106,False,164.73147786980536,24.0,-140.22735454445746,415,7
00-0033296,Alex Armah,WAS,2024,RB,,1.4652358980663505,23.443774369061607,7.593565991203889,19.646991373459663,1.227936960841229,19.679483081183154,42.355516837666414,107,False,164.73147786980536,24.0,-141.28770350074376,416,7
00-0035973,Patrick Taylor,SF,2024,RB,,1.4416466391584304,23.066346226534886,6.2266449236037555,19.95302376473301,1.2470639852958132,19.217887664536434,45.06303232784389,108,False,164.73147786980536,24.0,-141.66513164327048,417,7
00-0038667,Elijah Cooks,PHI,2024,WR,,0.6792421340942383,10.867874145507812,5.564098358154297,8.085824966430664,0.5053640604019165,5.918330669403076,23.382102966308594,181,False,152.5597686767578,36.0,-141.69189453125,418,5
00-0033292,Trent Taylor,SF,2024,WR,,0.6767076849937439,10.827322959899902,3.46878719329834,9.092929363250732,0.5683080852031708,7.310170650482178,23.319440841674805,182,False,152.5597686767578,36.0,-141.7324457168579,419,5
00-0038797,Emanuel Wilson,GB,2024,RB,,1.4164788800539179,22.663662080862686,4.878016469522668,20.22465384610135,1.2640408653813344,18.724236302790292,46.33878093646374,109,False,164.73147786980536,24.0,-142.06781578894268,420,7
00-0038396,Eric Gray,NYG,2024,RB,,1.4069558691978454,22.511293907165527,6.332240352630615,19.34517373085022,1.2090733581781388,14.717508449554444,39.85168872833252,110,False,164.73147786980536,24.0,-142.22018396263982,421,7
00-0038632,Colton Dowell,TEN,2024,WR,,0.6291064620018005,10.065703392028809,7.675163269042969,6.228121757507324,0.38925760984420776,3.0162627696990967,20.874181747436523,183,False,152.5597686767578,36.0,-142.494065284729,422,5
00-0037077,Sam Howell,SEA,2024,QB,9.404349,10.23023796081543,96.20873260498047,0.22794927656650543,96.09475796669722,6.005922372918576,74.66618347167969,106.6581802368164,31,False,238.84945678710938,12.0,-142.6407241821289,423,3
00-0036635,Ihmir Smith-Marsette,NYG,2024,WR,,0.5747547745704651,9.196076393127441,5.2269487380981445,6.582602024078369,0.41141262650489807,3.06190824508667,32.42427444458008,184,False,152.5597686767578,36.0,-143.36369228363037,424,5
00-0036620,Dee Eskridge,MIA,2024,WR,,0.5333216786384583,8.533146858215332,7.949240684509277,4.558526515960693,0.28490790724754333,7.190303802490234,25.04816246032715,185,False,152.5597686767578,36.0,-144.02662181854248,425,5
00-0033466,Isaiah McKenzie,MIA,2024,WR,,0.49512019753456116,7.9219231605529785,3.013172149658203,6.415337085723877,0.4009585678577423,7.916202545166016,29.366785049438477,186,False,152.5597686767578,36.0,-144.63784551620483,426,5
00-0036527,DJ Turner,LV,2024,WR,,0.4122825860977173,6.596521377563477,3.7518398761749268,4.720601439476013,0.2950375899672508,4.824286460876465,19.096799850463867,187,False,152.5597686767578,36.0,-145.96324729919434,427,5
00-0026293,Matthew Slater,NE,2024,WR,,0.3694938123226166,5.911900997161865,3.245307683944702,4.289247155189514,0.26807794719934464,0.0,18.277482986450195,188,False,152.5597686767578,36.0,-146.64786767959595,428,5
00-0038488,Brady Russell,SEA,2024,RB,,1.107228612789628,17.71565780463405,2.5971409047506673,16.417087352258715,1.0260679595161697,6.208633591448257,24.827924764425603,111,False,164.73147786980536,24.0,-147.0158200651713,429,7
00-0033376,Patrick Ricard,BAL,2024,RB,,1.067844247918354,17.085507966693665,7.983620468037819,13.093697732674757,0.8183561082921723,14.230130688512595,37.05932303418859,112,False,164.73147786980536,24.0,-147.6459699031117,430,7
00-0034317,Keith Kirkwood,BAL,2024,WR,,0.25970759987831116,4.1553215980529785,0.0,4.1553215980529785,0.25970759987831116,0.0,20.141836166381836,189,False,152.5597686767578,36.0,-148.40444707870483,431,5
00-0038738,Hunter Luepke,DAL,2024,RB,,1.0103409868478774,16.16545578956604,3.1603477811813354,14.585281898975373,0.9115801186859608,7.113686017990113,25.541176128387452,113,False,164.73147786980536,24.0,-148.56602208023932,432,7
00-0032200,Ty Montgomery,NE,2024,WR,,0.12778522074222565,2.0445635318756104,2.221515655517578,0.9338057041168213,0.05836285650730133,0.055368635803461075,22.44136619567871,190,False,152.5597686767578,36.0,-150.5152051448822,433,5
00-0034614,Godwin Igwebuike,PIT,2024,RB,,0.7841555351614545,12.546488562583272,6.9963301481081155,9.048323488529213,0.5655202180330758,1.0778702570142036,22.662138874607493,114,False,164.73147786980536,24.0,-152.18498930722208,434,7
00-0035726,Jakob Johnson,NYG,2024,RB,,0.7016496572373748,11.226394515797997,5.689096929160477,8.381846051217758,0.5238653782011099,0.8627412407056344,17.007185930334323,115,False,164.73147786980536,24.0,-153.50508335400735,435,7
00-0034208,Mike Boone,CAR,2024,RB,,0.6590125808554264,10.544201293686822,4.570198062332748,8.259102262520447,0.5161938914075279,5.889366472575209,19.389929813839327,116,False,164.73147786980536,24.0,-154.18727657611853,436,7
00-0034433,Nick Bawden,HOU,2024,RB,,0.5893903452704656,9.43024552432745,2.4913322548797736,8.184579396887564,0.5115362123054727,6.723813671432564,24.1143933198421,117,False,164.73147786980536,24.0,-155.3012323454779,437,7
00-0036187,Reggie Gilliam,BUF,2024,RB,,0.3744497407225205,5.991195851560328,3.9043538276174967,4.03901893775158,0.25243868360947375,5.29536800851241,18.678407444258735,118,False,164.73147786980536,24.0,-158.74028201824504,438,7
00-0031345,Jimmy Garoppolo,LA,2024,QB,8.260268,9.610995292663574,79.38939666748047,0.0074429283849895,79.38567520328797,4.961604700205498,49.337066650390625,99.5418472290039,32,False,238.84945678710938,12.0,-159.4600601196289,439,4
00-0038416,Tyson Bagent,CHI,2024,QB,6.9863014,10.066483497619629,70.3274917602539,0.23066188395023346,70.21216081827879,4.388260051142424,38.1442985534668,74.94427490234375,33,False,238.84945678710938,12.0,-168.52196502685547,440,4
00-0031503,Jameis Winston,CLE,2024,QB,8.852125,7.492291450500488,66.32270050048828,0.0,66.32270050048828,4.145168781280518,33.21071243286133,78.32567596435547,34,False,238.84945678710938,12.0,-172.5267562866211,441,4
00-0033949,Joshua Dobbs,SF,2024,QB,5.6684413,11.334810256958008,64.2507095336914,0.17887476086616516,64.16127215325832,4.010079509578645,40.337459564208984,71.01404571533203,35,False,238.84945678710938,12.0,-174.59874725341797,442,4
00-0033319,Nick Mullens,MIN,2024,QB,7.5215597,7.844133377075195,59.000118255615234,0.21233484148979187,58.89395083487034,3.680871927179396,41.197410583496094,78.99663543701172,36,False,238.84945678710938,12.0,-179.84933853149414,443,4
00-0031800,Taylor Heinicke,LAC,2024,QB,6.4466014,9.011040687561035,58.0905876159668,0.0,58.0905876159668,3.630661725997925,36.043357849121094,69.05270385742188,37,False,238.84945678710938,12.0,-180.75886917114258,444,4
00-0038122,Desmond Ridder,LV,2024,QB,6.878506,8.332446098327637,57.314781188964844,0.03343428298830986,57.29806404747069,3.581129002966918,37.2312126159668,68.83528137207031,38,False,238.84945678710938,12.0,-181.53467559814453,445,4
00-0036898,Davis Mills,HOU,2024,QB,6.6752677,8.493624687194824,56.69721984863281,0.018559027463197708,56.687940334901214,3.542996270931326,28.85114097595215,62.61261749267578,39,False,238.84945678710938,12.0,-182.15223693847656,446,4
00-0028118,Tyrod Taylor,NYJ,2024,QB,5.456165,9.094855308532715,49.62303161621094,0.0,49.62303161621094,3.1014394760131836,33.48945236206055,59.592315673828125,40,False,238.84945678710938,12.0,-189.22642517089844,447,4
00-0036972,Mac Jones,JAX,2024,QB,6.8420777,7.20777702331543,49.31616973876953,0.01892467588186264,49.3067074008286,3.0816692125517875,33.925025939941406,69.27666473388672,41,False,238.84945678710938,12.0,-189.53328704833984,448,4
00-0035100,Jake Browning,CIN,2024,QB,4.848271,10.155379295349121,49.23603057861328,0.3568618893623352,49.057599633932114,3.066099977120757,35.60111618041992,54.196563720703125,42,False,238.84945678710938,12.0,-189.6134262084961,449,4
00-0037013,Zach Wilson,DEN,2024,QB,6.903978,7.12352180480957,49.18063735961914,0.26107272505760193,49.05010099709034,3.0656313123181462,32.758628845214844,66.79390716552734,43,False,238.84945678710938,12.0,-189.66881942749023,450,4
00-0034771,Mason Rudolph,TEN,2024,QB,7.190314,6.447340965270996,46.35840606689453,0.06773155182600021,46.32454029098153,2.8952837681863457,28.686843872070312,59.873046875,44,False,238.84945678710938,12.0,-192.49105072021484,451,4
00-0038102,Kenny Pickett,PHI,2024,QB,7.8446527,5.496789455413818,43.12040328979492,0.026142483577132225,43.107332048006356,2.6942082530003972,43.37627029418945,68.80924987792969,45,False,238.84945678710938,12.0,-195.72905349731445,452,4
00-0038583,Dorian Thompson-Robinson,CLE,2024,QB,5.9667673,7.127043724060059,42.52540969848633,0.12908974289894104,42.46086482703686,2.6538040516898036,28.115074157714844,58.640411376953125,46,False,238.84945678710938,12.0,-196.32404708862305,453,4
00-0033275,PJ Walker,SEA,2024,QB,6.6442614,6.327900409698486,42.04422378540039,0.09315989911556244,41.99764383584261,2.624852739740163,28.38141441345215,54.339012145996094,47,False,238.84945678710938,12.0,-196.80523300170898,454,4
00-0035282,Easton Stick,LAC,2024,QB,4.628791,8.9378662109375,41.37151336669922,0.10012456029653549,41.32145108655095,2.5825906929094344,22.83507537841797,53.534385681152344,48,False,238.84945678710938,12.0,-197.47794342041016,455,4
00-0032156,Trevor Siemian,TEN,2024,QB,5.841977,6.94782829284668,40.589054107666016,0.17715579271316528,40.50047621130943,2.5312797632068396,23.250436782836914,54.606380462646484,49,False,238.84945678710938,12.0,-198.26040267944336,456,5
00-0035704,Drew Lock,NYG,2024,QB,5.125112,7.53018856048584,38.59305953979492,0.01985495164990425,38.58313206396997,2.411445753998123,28.471376419067383,46.83639907836914,50,False,238.84945678710938,12.0,-200.25639724731445,457,5
00-0035993,Tyler Huntley,MIA,2024,QB,5.5726943,6.2381768226623535,34.763450622558594,0.0,34.763450622558594,2.172715663909912,25.808931350708008,52.51603317260742,51,False,238.84945678710938,12.0,-204.08600616455078,458,5
00-0033869,Mitchell Trubisky,BUF,2024,QB,8.020282,4.231550216674805,33.93822479248047,0.006590304430574179,33.93492964026518,2.120933102516574,27.617189407348633,49.176300048828125,52,False,238.84945678710938,12.0,-204.9112319946289,459,5
00-0034577,Kyle Allen,PIT,2024,QB,5.227028,6.320374488830566,33.036773681640625,0.2485722154378891,32.91248757392168,2.057030473370105,22.169153213500977,44.515872955322266,53,False,238.84945678710938,12.0,-205.81268310546875,460,5
00-0038476,Tommy DeVito,NYG,2024,QB,5.099393,6.120011329650879,31.208341598510742,0.4659736156463623,30.97535479068756,1.9359596744179726,20.28706169128418,50.599822998046875,54,False,238.84945678710938,12.0,-207.64111518859863,461,5
00-0038579,Aidan O'Connell,LV,2024,QB,5.5555916,4.976223945617676,27.6458683013916,0.0,27.6458683013916,1.727866768836975,22.337665557861328,44.429412841796875,55,False,238.84945678710938,12.0,-211.20358848571777,462,5
00-0034401,Mike White,BUF,2024,QB,8.045513,3.38765811920166,27.255447387695312,0.359988272190094,27.075453251600266,1.6922158282250166,35.825069427490234,69.871826171875,56,False,238.84945678710938,12.0,-211.59400939941406,463,5
00-0033936,C.J. Beathard,JAX,2024,QB,5.83703,4.604798793792725,26.87834930419922,0.18451879918575287,26.786089904606342,1.6741306190378964,12.8766508102417,35.25779724121094,57,False,238.84945678710938,12.0,-211.97110748291016,464,5
00-0038108,Bailey Zappe,CLE,2024,QB,4.907329,5.040523052215576,24.735506057739258,0.01522628590464592,24.727892914786935,1.5454933071741834,17.067367553710938,36.312007904052734,58,False,238.84945678710938,12.0,-214.11395072937012,465,5
00-0038582,Clayton Tune,ARI,2024,QB,4.3839207,3.908393383026123,17.13408660888672,0.0,17.13408660888672,1.07088041305542,5.698450088500977,27.929197311401367,59,False,238.84945678710938,12.0,-221.71537017822266,466,5
00-0033662,Cooper Rush,DAL,2024,QB,5.3911557,2.7725605964660645,14.947305679321289,0.10169404745101929,14.89645865559578,0.9310286659747362,11.576876640319824,35.33325958251953,60,False,238.84945678710938,12.0,-223.9021511077881,467,5
