player_id,player_display_name,team,season,position,projected_games_played,projected_ppr_per_game,projected_ppr,projected_receptions,projected_half_ppr,projected_half_ppr_per_game,ci_low,ci_high,position_rank,is_rookie,draft_round,draft_pick,is_sleeper,baseline_pts,baseline_rank,vbd,vbd_rank_overall,tier,consensus_rank,rank_diff,label
00-0036963,Amon-Ra St. Brown,DET,2026.0,WR,,19.808635711669922,316.93817138671875,114.98939514160156,259.44347381591797,16.215217113494873,271.9959411621094,334.60821533203125,1.0,False,,,,145.698974609375,36.0,171.23919677734375,1,1,4.56,3.5599999999999996,
,Jeremiyah Love,ARI,,RB,,,279.4779107840402,,,,,,,True,1.0,3.0,True,140.47225277127183,24.0,139.00565801276838,2,1,12.56,10.56,
00-0038542,Bijan Robinson,ATL,2026.0,RB,,17.31993579864502,277.1189727783203,59.160298881530764,247.53882333755493,15.471176458597183,221.61401794433596,338.63085693359375,1.0,False,,,,140.47225277127183,24.0,136.6467200070485,3,1,1.15,-1.85,
00-0039139,Jahmyr Gibbs,DET,2026.0,RB,,16.960346965789796,271.36555145263674,55.78519275665283,243.4729550743103,15.217059692144394,233.26282821655275,313.8318655395508,2.0,False,,,,140.47225277127183,24.0,130.8932986813649,4,1,2.18,-1.8199999999999998,
00-0038543,Jaxon Smith-Njigba,SEA,2026.0,WR,,16.863191604614258,269.8110656738281,111.36316680908203,214.1294822692871,13.383092641830444,218.3579864501953,293.654052734375,2.0,False,,,,145.698974609375,36.0,124.11209106445312,5,2,2.85,-2.15,
00-0037239,Chris Olave,NO,2026.0,WR,,16.716289520263672,267.46063232421875,91.91585540771484,221.50270462036133,13.843919038772583,220.01296997070312,264.4755859375,3.0,False,,,,145.698974609375,36.0,121.76165771484375,6,2,11.85,5.85,
00-0039075,Puka Nacua,LA,2026.0,WR,,16.338438034057617,261.4150085449219,95.36189270019531,213.73406219482422,13.358378887176514,227.5096893310547,291.20977783203125,4.0,False,,,,145.698974609375,36.0,115.71603393554688,7,2,2.0,-5.0,
00-0039064,Zay Flowers,BAL,2026.0,WR,,15.968180656433105,255.4908905029297,80.89839935302734,215.04169082641602,13.440105676651001,202.56773376464844,273.33538818359375,5.0,False,,,,145.698974609375,36.0,109.79191589355469,8,2,20.09,12.09,
00-0040124,Tetairoa McMillan,CAR,2026.0,WR,,15.681336402893066,250.90138244628906,77.8051986694336,211.99878311157227,13.249923944473267,198.7398223876953,245.7156524658203,6.0,False,,,,145.698974609375,36.0,105.20240783691406,9,2,15.03,6.029999999999999,
00-0033280,Christian McCaffrey,SF,2026.0,RB,,15.133197249165145,242.1311559866423,55.96904893570939,214.14663151878761,13.384164469924226,161.4691162971011,254.88241419234072,3.0,False,,,,140.47225277127183,24.0,101.65890321537049,10,2,3.15,-6.85,
00-0036358,CeeDee Lamb,DAL,2026.0,WR,,15.35276985168457,245.64431762695312,79.22640228271484,206.0311164855957,12.876944780349731,221.1986541748047,263.9601135253906,7.0,False,,,,145.698974609375,36.0,99.94534301757812,11,2,4.85,-6.15,
00-0040122,Ashton Jeanty,LV,2026.0,RB,,14.573895502090455,233.18232803344728,47.23304630279541,209.56580488204958,13.097862805128099,195.28833633422852,262.630118560791,4.0,False,,,,140.47225277127183,24.0,92.71007526217545,12,2,6.5,-5.5,
00-0039040,De'Von Achane,MIA,2026.0,RB,,14.213600406646728,227.41760650634765,52.62539554595947,201.10490873336792,12.569056795835495,224.7400245666504,282.83495727539065,5.0,False,,,,140.47225277127183,24.0,86.94535373507583,13,2,5.79,-7.21,
00-0039732,Bo Nix,DEN,2026.0,QB,15.368741,22.08721160888672,339.45263671875,0.18370705842971802,339.36078318953514,21.210048949345946,274.0583190917969,336.4335632324219,1.0,False,,,,262.61468505859375,12.0,76.83795166015625,14,1,14.44,0.4399999999999995,
00-0037248,James Cook,BUF,2026.0,RB,,13.5550843227081,216.8813491633296,25.000267019604756,204.38121565352722,12.773825978345451,197.38806944369944,252.54304761423143,6.0,False,,,,140.47225277127183,24.0,76.40909639205776,15,2,,,
00-0039361,Bucky Irving,TB,2026.0,RB,,13.259246139526368,212.1479382324219,51.21463062286377,186.54062292099,11.658788932561874,169.77284301757814,231.26778472900392,7.0,False,,,,140.47225277127183,24.0,71.67568546115007,16,2,18.91,2.91,
00-0036900,Ja'Marr Chase,CIN,2026.0,WR,,13.577025413513184,217.23240661621094,75.34498596191406,179.5599136352539,11.22249460220337,195.6912841796875,275.9146728515625,8.0,False,,,,145.698974609375,36.0,71.53343200683594,17,3,1.12,-15.879999999999999,
00-0036554,Nico Collins,HOU,2026.0,WR,,13.493610382080078,215.89776611328125,79.73751068115234,176.02901077270508,11.001813173294067,213.37657165527344,255.6508026123047,9.0,False,,,,145.698974609375,36.0,70.19879150390625,18,3,9.35,-8.65,
00-0038120,Breece Hall,NYJ,2026.0,RB,,13.161130277645418,210.57808444232668,26.24529837766957,197.45543525349188,12.340964703343243,187.2106246296532,228.43813962744494,8.0,False,,,,140.47225277127183,24.0,70.10583167105486,19,2,15.03,-3.9700000000000006,
00-0037247,George Pickens,DAL,2026.0,WR,,13.399874687194824,214.3979949951172,72.273681640625,178.2611541748047,11.141322135925293,196.98028564453125,235.24847412109375,10.0,False,,,,145.698974609375,36.0,68.69902038574219,20,3,11.09,-8.91,
00-0037238,Drake London,ATL,2026.0,WR,,13.370061874389648,213.92098999023438,80.05258178710938,173.8946990966797,10.86841869354248,204.6187744140625,251.9127197265625,11.0,False,,,,145.698974609375,36.0,68.22201538085938,21,3,7.47,-13.530000000000001,
00-0036912,DeVonta Smith,PHI,2026.0,WR,,12.986218452453613,207.7794952392578,72.379150390625,171.5899200439453,10.724370002746582,173.4756622314453,212.22393798828125,12.0,False,,,,145.698974609375,36.0,62.08052062988281,22,3,16.74,-5.260000000000002,
00-0039337,Malik Nabers,NYG,2026.0,WR,,12.892877578735352,206.28604125976562,67.47239685058594,172.54984283447266,10.784365177154541,166.1926727294922,224.90847778320312,13.0,False,,,,145.698974609375,36.0,60.587066650390625,23,3,9.71,-13.29,
00-0037740,Garrett Wilson,NYJ,2026.0,WR,,12.889074325561523,206.22518920898438,74.97103118896484,168.73967361450195,10.546229600906372,172.29306030273438,230.72132873535156,14.0,False,,,,145.698974609375,36.0,60.526214599609375,24,3,15.85,-8.15,
00-0040784,Quinshon Judkins,CLE,2026.0,RB,,12.308737516403198,196.93980026245117,29.491403961181643,182.19409828186036,11.387131142616273,133.67438888549805,221.00350845336914,9.0,False,,,,140.47225277127183,24.0,56.467547491179346,25,3,23.59,-1.4100000000000001,
00-0036410,Tee Higgins,CIN,2026.0,WR,,12.612445831298828,201.79913330078125,67.35774230957031,168.1202621459961,10.507516384124756,171.40164184570312,226.70086669921875,15.0,False,,,,145.698974609375,36.0,56.10015869140625,26,3,16.94,-9.059999999999999,
00-0040129,Emeka Egbuka,TB,2026.0,WR,,12.586885452270508,201.39016723632812,68.01646423339844,167.3819351196289,10.461370944976807,168.9297637939453,214.0789794921875,16.0,False,,,,145.698974609375,36.0,55.691192626953125,27,3,23.21,-3.789999999999999,
00-0036223,Jonathan Taylor,IND,2026.0,RB,,12.221149439762751,195.53839103620402,37.01110858580415,177.03283674330194,11.064552296456371,175.33416425304165,229.1296456165562,10.0,False,,,,140.47225277127183,24.0,55.06613826493219,28,3,4.03,-23.97,bust
00-0035676,A.J. Brown,NE,2026.0,WR,,12.389880180358887,198.2380828857422,72.2273941040039,162.12438583374023,10.132774114608765,179.1370391845703,233.18165588378906,17.0,False,,,,145.698974609375,36.0,52.53910827636719,29,3,12.68,-16.32,
00-0039067,Rashee Rice,KC,2026.0,WR,,12.365525245666504,197.84840393066406,67.39424133300781,164.15128326416016,10.25945520401001,169.60336303710938,218.4598388671875,18.0,False,,,,145.698974609375,36.0,52.14942932128906,30,3,10.71,-19.29,bust
00-0039893,Brian Thomas Jr.,JAX,2026.0,WR,,12.34069538116455,197.4511260986328,64.12652587890625,165.3878631591797,10.33674144744873,168.1722412109375,214.35231018066406,19.0,False,,,,145.698974609375,36.0,51.75215148925781,31,3,39.06,8.060000000000002,
00-0037840,Kyren Williams,LA,2026.0,RB,,11.906518574661789,190.50429719458862,27.866707411158337,176.57094348900944,11.03568396806309,187.55729211189745,223.99317478459312,11.0,False,,,,140.47225277127183,24.0,50.03204442331679,32,3,16.71,-15.29,
00-0038597,Chase Brown,CIN,2026.0,RB,,11.855126197320153,189.68201915712245,36.484968260230474,171.43953502700722,10.714970939187952,179.08551835307514,220.07271621933873,12.0,False,,,,140.47225277127183,24.0,49.20976638585063,33,3,7.65,-25.35,bust
00-0039851,Drake Maye,NE,2026.0,QB,14.923705,20.882164001464844,311.6392517089844,0.4851378798484802,311.39668276906013,19.46229267306626,273.692138671875,325.0917053222656,2.0,False,,,,262.61468505859375,12.0,49.024566650390625,34,1,3.08,-30.92,bust
00-0036355,Justin Herbert,LAC,2026.0,QB,16.361116,18.98470115661621,310.61090087890625,0.09893451631069183,310.5614336207509,19.41008960129693,278.2872009277344,329.877197265625,3.0,False,,,,262.61468505859375,12.0,47.9962158203125,35,1,8.17,-26.83,bust
00-0040715,Cam Skattebo,NYG,2026.0,RB,,11.718264665603638,187.4922346496582,45.3574564743042,164.81350641250611,10.300844150781632,163.7133575439453,228.29289276123046,13.0,False,,,,140.47225277127183,24.0,47.019981878386375,36,3,20.85,-15.149999999999999,
00-0036613,Jaylen Waddle,DEN,2026.0,WR,,11.760445594787598,188.16712951660156,62.070674896240234,157.13179206848145,9.82073700428009,127.05323028564453,185.71017456054688,20.0,False,,,,145.698974609375,36.0,42.46815490722656,37,4,21.03,-15.969999999999999,
00-0038134,Kenneth Walker III,KC,2026.0,RB,,11.408115470554632,182.52984752887411,28.579036643036748,168.24032920735573,10.515020575459733,160.6681406674656,218.37742030922476,14.0,False,,,,140.47225277127183,24.0,42.05759475760229,38,3,11.12,-26.880000000000003,bust
00-0036322,Justin Jefferson,MIN,2026.0,WR,,11.719593048095703,187.51348876953125,69.83222198486328,152.5973777770996,9.537336111068726,159.91619873046875,250.75668334960938,21.0,False,,,,145.698974609375,36.0,41.81451416015625,39,4,5.71,-33.29,bust
00-0036275,D'Andre Swift,CHI,2026.0,RB,,11.283092942215008,180.52948707544013,29.822012139606937,165.61848100563668,10.351155062852293,146.878688684316,200.48851916898695,15.0,False,,,,140.47225277127183,24.0,40.057234304168304,40,3,23.59,-16.41,
00-0039919,Rome Odunze,CHI,2026.0,WR,,11.543758392333984,184.70013427734375,51.87251663208008,158.7638759613037,9.922742247581482,143.1919403076172,188.0909881591797,22.0,False,,,,145.698974609375,36.0,39.00115966796875,41,4,30.06,-10.940000000000001,
00-0040128,Tyler Warren,IND,2026.0,TE,,11.13847541809082,178.21560668945312,73.6489028930664,141.39115524291992,8.836947202682495,154.38084411621094,200.2239227294922,1.0,False,,,,140.54624938964844,12.0,37.66935729980469,42,1,4.09,-37.91,bust
00-0036970,Kyle Pitts,ATL,2026.0,TE,,11.06777572631836,177.08441162109375,75.7864990234375,139.191162109375,8.699447631835938,151.5541229248047,199.50421142578125,2.0,False,,,,140.54624938964844,12.0,36.53816223144531,43,1,,,
00-0038117,Wan'Dale Robinson,TEN,2026.0,WR,,11.38209342956543,182.11349487304688,69.97954559326172,147.12372207641602,9.195232629776001,158.9398651123047,206.52487182617188,23.0,False,,,,145.698974609375,36.0,36.414520263671875,44,4,39.88,-4.119999999999997,
00-0040126,Colston Loveland,CHI,2026.0,TE,,11.035810470581055,176.57296752929688,73.9568862915039,139.59452438354492,8.724657773971558,151.1722412109375,187.86647033691406,3.0,False,,,,140.54624938964844,12.0,36.02671813964844,45,1,3.19,-41.81,bust
00-0038544,Quentin Johnston,LAC,2026.0,WR,,11.327593803405762,181.2415008544922,55.32915496826172,153.57692337036133,9.598557710647583,149.24740600585938,179.49595642089844,24.0,False,,,,145.698974609375,36.0,35.54252624511719,46,4,49.09,3.0900000000000034,
00-0033090,Hunter Henry,NE,2026.0,TE,,10.667657852172852,170.68252563476562,63.35905838012695,139.00299644470215,8.687687277793884,130.80108642578125,174.27130126953125,4.0,False,,,,140.54624938964844,12.0,30.136276245117188,47,1,18.75,-28.25,bust
00-0036971,Trevor Lawrence,JAX,2026.0,QB,14.914669,19.590818405151367,292.1905822753906,0.2108410894870758,292.0851617306471,18.255322608165443,268.6827392578125,320.69708251953125,4.0,False,,,,262.61468505859375,12.0,29.575897216796875,48,1,9.72,-38.28,bust
00-0031588,Stefon Diggs,WAS,2026.0,WR,,10.947811126708984,175.16497802734375,62.2905158996582,144.01972007751465,9.001232504844666,143.07383728027344,189.2298583984375,25.0,False,,,,145.698974609375,36.0,29.46600341796875,49,4,58.16,9.159999999999997,
00-0040734,TreVeyon Henderson,NE,2026.0,RB,,10.349389266967775,165.5902282714844,28.90134563446045,151.13955545425415,9.446222215890884,143.20881988525392,194.36431304931642,16.0,False,,,,140.47225277127183,24.0,25.117975500212566,50,3,21.91,-28.09,bust
00-0034857,Josh Allen,BUF,2026.0,QB,15.870506,18.122995376586914,287.6211242675781,0.2837812602519989,287.4792336374521,17.967452102340758,283.631591796875,330.03814697265625,5.0,False,,,,262.61468505859375,12.0,25.006439208984375,51,1,1.03,-49.97,bust
00-0039915,Ladd McConkey,LAC,2026.0,WR,,10.606810569763184,169.70896911621094,61.200904846191406,139.10851669311523,8.694282293319702,147.50453186035156,187.49270629882812,26.0,False,,,,145.698974609375,36.0,24.009994506835938,52,4,18.65,-33.35,bust
00-0037744,Trey McBride,ARI,2026.0,TE,,10.26755142211914,164.28082275390625,56.38983917236328,136.0859031677246,8.505368947982788,126.68412780761719,189.0818328857422,5.0,False,,,,140.54624938964844,12.0,23.734573364257812,53,1,1.28,-51.72,bust
00-0040666,Omarion Hampton,LAC,2026.0,RB,,10.19490439414978,163.1184703063965,36.46081104278564,144.88806478500368,9.05550404906273,156.27367584228517,203.70632629394532,17.0,False,,,,140.47225277127183,24.0,22.646217535124663,54,3,9.35,-44.65,bust
00-0037240,Jameson Williams,DET,2026.0,WR,,10.480828285217285,167.69325256347656,58.398799896240234,138.49385261535645,8.655865788459778,152.37655639648438,191.02015686035156,27.0,False,,,,145.698974609375,36.0,21.994277954101562,55,4,25.5,-29.5,bust
00-0036442,Joe Burrow,CIN,2026.0,QB,15.719637,18.074981689453125,284.13214111328125,0.31460127234458923,283.97484047710896,17.74842752981931,258.927001953125,288.44952392578125,6.0,False,,,,262.61468505859375,12.0,21.5174560546875,56,1,4.53,-51.47,bust
00-0036040,Juwan Johnson,NO,2026.0,TE,,10.124975204467773,161.99960327148438,64.83512115478516,129.5820426940918,8.098877668380737,137.38824462890625,181.1910400390625,6.0,False,,,,140.54624938964844,12.0,21.453353881835938,57,1,16.0,-41.0,bust
00-0039338,Brock Bowers,LV,2026.0,TE,,10.0288724899292,160.4619598388672,52.963993072509766,133.9799633026123,8.373747706413269,132.0921173095703,184.15037536621094,7.0,False,,,,140.54624938964844,12.0,19.91571044921875,58,1,1.72,-56.28,bust
00-0033873,Patrick Mahomes,KC,2026.0,QB,15.57886,18.12335777282715,282.34124755859375,0.2861274480819702,282.19818383455276,17.637386489659548,266.28515625,302.30950927734375,7.0,False,,,,262.61468505859375,12.0,19.7265625,59,1,,,
00-0039794,Braelon Allen,NYJ,2026.0,RB,,9.98712272644043,159.7939636230469,26.35554895401001,146.61618914604188,9.163511821627617,114.04769927978516,175.68339843750002,18.0,False,,,,140.47225277127183,24.0,19.321710851775066,60,4,52.91,-7.090000000000003,
00-0037664,Alec Pierce,IND,2026.0,WR,,10.268484115600586,164.29574584960938,50.19984817504883,139.19582176208496,8.69973886013031,139.29855346679688,183.28724670410156,28.0,False,,,,145.698974609375,36.0,18.596771240234375,61,4,36.76,-24.240000000000002,bust
00-0038994,Jordan Addison,MIN,2026.0,WR,,10.244539260864258,163.91262817382812,52.967018127441406,137.42911911010742,8.589319944381714,122.91268920898438,165.7443084716797,29.0,False,,,,145.698974609375,36.0,18.213653564453125,62,4,44.15,-17.85,
,Jadarian Price,SEA,,RB,,,158.60724461146765,,,,,,,True,1.0,32.0,False,140.47225277127183,24.0,18.134991840195823,63,4,29.88,-33.120000000000005,bust
,Carnell Tate,TEN,,WR,,,162.52055731546653,,,,,,,True,1.0,4.0,True,145.698974609375,36.0,16.821582706091533,64,4,33.33,-30.67,bust
00-0031408,Mike Evans,SF,2026.0,WR,,10.035233497619629,160.56373596191406,45.832305908203125,137.6475830078125,8.602973937988281,109.72453308105469,152.9750518798828,30.0,False,,,,145.698974609375,36.0,14.864761352539062,65,4,24.5,-40.5,bust
00-0039918,Caleb Williams,CHI,2026.0,QB,13.934372,19.669208526611328,274.07806396484375,0.26810428500175476,273.9440118223429,17.12150073889643,241.9148712158203,286.9665222167969,8.0,False,,,,262.61468505859375,12.0,11.46337890625,66,1,9.14,-56.86,bust
00-0035710,Daniel Jones,IND,2026.0,QB,16.132803,16.977445602416992,273.893798828125,0.4450179934501648,273.6712898313999,17.104455614462495,241.63174438476562,277.42059326171875,9.0,False,,,,262.61468505859375,12.0,11.27911376953125,67,1,25.72,-41.28,bust
00-0039868,Troy Franklin,DEN,2026.0,WR,,9.743118286132812,155.889892578125,46.16907501220703,132.80535507202148,8.300334692001343,108.58309173583984,154.669921875,31.0,False,,,,145.698974609375,36.0,10.19091796875,68,5,70.76,2.760000000000005,
00-0030506,Travis Kelce,KC,2026.0,TE,,9.38000202178955,150.0800323486328,63.58439636230469,118.28783416748047,7.392989635467529,119.6496810913086,170.76780700683594,8.0,False,,,,140.54624938964844,12.0,9.533782958984375,69,2,12.06,-56.94,bust
00-0037834,Brock Purdy,SF,2026.0,QB,15.209051,17.85829734802246,271.6077575683594,0.037638626992702484,271.588938254863,16.97430864092894,256.1230163574219,297.08697509765625,10.0,False,,,,262.61468505859375,12.0,8.993072509765625,70,1,11.75,-58.25,bust
00-0036875,Rhamondre Stevenson,NE,2026.0,RB,,9.24168533073232,147.86696529171712,20.860578908952924,137.43667583724067,8.589792239827542,122.97390831907508,166.837062409053,19.0,False,,,,140.47225277127183,24.0,7.394712520445296,71,4,30.56,-40.44,bust
00-0039793,AJ Barner,SEA,2026.0,TE,,9.161223411560059,146.57957458496094,50.98292922973633,121.08810997009277,7.568006873130798,103.802978515625,150.84376525878906,9.0,False,,,,140.54624938964844,12.0,6.0333251953125,72,2,24.53,-47.47,bust
00-0036389,Jalen Hurts,PHI,2026.0,QB,14.613957,18.37710952758789,268.5622863769531,0.31087401509284973,268.4068493694067,16.77542808558792,257.587890625,298.6161804199219,11.0,False,,,,262.61468505859375,12.0,5.947601318359375,73,1,5.83,-67.17,bust
00-0040236,Kyle Monangai,CHI,2026.0,RB,,9.141143913269044,146.2583026123047,30.375813674926757,131.0703957748413,8.191899735927581,119.10447654724122,158.32852081298827,20.0,False,,,,140.47225277127183,24.0,5.786049841032877,74,4,32.76,-41.24,bust
00-0039849,Marvin Harrison Jr.,ARI,2026.0,WR,,9.441938400268555,151.07101440429688,52.48992156982422,124.82605361938477,7.801628351211548,126.26336669921875,180.2562713623047,32.0,False,,,,145.698974609375,36.0,5.372039794921875,75,5,33.29,-41.71,bust
00-0035700,Josh Jacobs,GB,2026.0,RB,,8.978682954978812,143.658927279661,33.33605315423191,126.99090070254503,7.936931293909065,104.99377508279642,172.26943191946083,21.0,False,,,,140.47225277127183,24.0,3.18667450838916,76,4,13.24,-62.76,bust
00-0037816,Romeo Doubs,NE,2026.0,WR,,9.288606643676758,148.61770629882812,51.512428283691406,122.86149215698242,7.678843259811401,114.06123352050781,165.91114807128906,33.0,False,,,,145.698974609375,36.0,2.918731689453125,77,5,52.76,-24.240000000000002,bust
00-0039065,Sam LaPorta,DET,2026.0,TE,,8.954415321350098,143.27064514160156,51.678096771240234,117.43159675598145,7.33947479724884,115.89314270019531,156.7605743408203,10.0,False,,,,140.54624938964844,12.0,2.724395751953125,78,2,7.44,-70.56,bust
00-0033288,George Kittle,SF,2026.0,TE,,8.9292573928833,142.8681182861328,54.227230072021484,115.75450325012207,7.234656453132629,108.9395523071289,171.38336181640625,11.0,False,,,,140.54624938964844,12.0,2.321868896484375,79,2,13.19,-65.81,bust
00-0034348,Courtland Sutton,DEN,2026.0,WR,,9.194034576416016,147.10455322265625,55.92597198486328,119.14156723022461,7.446347951889038,138.99842834472656,180.13009643554688,34.0,False,,,,145.698974609375,36.0,1.40557861328125,80,5,33.68,-46.32,bust
00-0034855,Baker Mayfield,TB,2026.0,QB,14.177828,18.52291488647461,262.61468505859375,0.2839043438434601,262.472732886672,16.404545805417,229.0431365966797,260.18133544921875,12.0,False,,,,262.61468505859375,12.0,0.0,81,1,19.5,-61.5,bust
00-0035261,Tony Pollard,TEN,2026.0,RB,,8.77951579820449,140.47225277127183,21.982209984128563,129.48114777920756,8.092571736200473,115.6238900261787,162.1289035824796,22.0,False,,,,140.47225277127183,24.0,0.0,82,4,31.21,-50.79,bust
00-0034753,Mark Andrews,BAL,2026.0,TE,,8.784140586853027,140.54624938964844,44.8510856628418,118.12070655822754,7.382544159889221,104.94815826416016,139.9295196533203,12.0,False,,,,140.54624938964844,12.0,0.0,83,2,17.44,-65.56,bust
00-0038124,Christian Watson,GB,2026.0,WR,,9.106185913085938,145.698974609375,53.2096061706543,119.09417152404785,7.443385720252991,122.2613525390625,163.52667236328125,35.0,False,,,,145.698974609375,36.0,0.0,84,5,29.18,-54.82,bust
00-0040189,Oronde Gadsden II,LAC,2026.0,TE,,8.752228736877441,140.03565979003906,53.65242004394531,113.2094497680664,7.07559061050415,123.22541809082031,155.80084228515625,13.0,False,,,,140.54624938964844,12.0,-0.510589599609375,85,2,12.63,-72.37,bust
00-0031381,Davante Adams,LA,2026.0,WR,,9.04255199432373,144.6808319091797,52.370216369628906,118.49572372436523,7.405982732772827,144.701171875,210.3546600341797,36.0,False,,,,145.698974609375,36.0,-1.0181427001953125,86,5,22.35,-63.65,bust
00-0037261,Khalil Shakir,BUF,2026.0,WR,,8.970168113708496,143.52268981933594,50.18171310424805,118.43183326721191,7.401989579200745,107.25389099121094,171.01927185058594,37.0,False,,,,145.698974609375,36.0,-2.1762847900390625,87,5,48.21,-38.79,bust
00-0038606,Parker Washington,JAX,2026.0,WR,,8.911802291870117,142.58883666992188,43.815425872802734,120.68112373352051,7.542570233345032,108.99201202392578,151.09564208984375,38.0,False,,,,145.698974609375,36.0,-3.110137939453125,88,5,43.21,-44.79,bust
00-0037228,Jaylen Warren,PIT,2026.0,RB,,8.510201056909269,136.1632169105483,27.482608457718054,122.42191268168926,7.651369542605579,128.84301199879735,172.72897490703107,23.0,False,,,,140.47225277127183,24.0,-4.309035860723526,89,4,26.12,-62.879999999999995,bust
00-0032764,Derrick Henry,BAL,2026.0,RB,,8.45333185806248,135.25330972899968,20.820495451092306,124.84306200345353,7.802691375215845,126.05600760457938,167.52577260126398,24.0,False,,,,140.47225277127183,24.0,-5.218943042272144,90,4,14.76,-75.24,bust
00-0036997,Javonte Williams,DAL,2026.0,RB,,8.452098866311921,135.23358186099074,21.186236129201987,124.64046379638975,7.7900289872743596,134.07088345276338,175.31722075893813,25.0,False,,,,140.47225277127183,24.0,-5.238670910281087,91,4,16.97,-74.03,bust
00-0034827,DJ Moore,BUF,2026.0,WR,,8.733885765075684,139.74217224121094,53.656471252441406,112.91393661499023,7.05712103843689,125.17964935302734,173.56504821777344,39.0,False,,,,145.698974609375,36.0,-5.9568023681640625,92,5,27.62,-64.38,bust
00-0034960,Jakobi Meyers,JAX,2026.0,WR,,8.689791679382324,139.0366668701172,45.76203536987305,116.15564918518066,7.2597280740737915,108.51576232910156,157.7559051513672,40.0,False,,,,145.698974609375,36.0,-6.6623077392578125,93,5,37.47,-55.53,bust
00-0034844,Saquon Barkley,PHI,2026.0,RB,,8.35313777641594,133.65020442265504,21.021332947145495,123.1395379490823,7.6962211218176435,122.10766044538369,170.95428686655032,26.0,False,,,,140.47225277127183,24.0,-6.822048348616789,94,4,9.82,-84.18,bust
00-0034796,Lamar Jackson,BAL,2026.0,QB,14.796655,17.240629196166992,255.1036376953125,0.3899862468242645,254.90864457190037,15.931790285743773,228.0822296142578,272.94732666015625,13.0,False,,,,262.61468505859375,12.0,-7.51104736328125,95,1,2.42,-92.58,bust
00-0036973,Travis Etienne,NO,2026.0,RB,,8.239782226818381,131.8365156290941,19.73538027600831,121.96882549108993,7.623051593193121,132.44152702597867,166.44476377629485,27.0,False,,,,140.47225277127183,24.0,-8.635737142177732,96,4,,,
00-0040730,RJ Harvey,DEN,2026.0,RB,,8.234201672578168,131.7472267612507,38.767431370489085,112.36351107600616,7.022719442250385,116.63058606961752,166.9763250180975,28.0,False,,,,140.47225277127183,24.0,-8.72502601002114,97,4,26.21,-70.78999999999999,bust
00-0034351,Dallas Goedert,PHI,2026.0,TE,,8.21739673614502,131.4783477783203,49.32393264770508,106.81638145446777,6.676023840904236,106.26624298095703,147.95884704589844,14.0,False,,,,140.54624938964844,12.0,-9.067901611328125,98,3,14.84,-83.16,bust
00-0038559,Michael Wilson,ARI,2026.0,WR,,8.482720375061035,135.72352600097656,52.483177185058594,109.48193740844727,6.842621088027954,135.20355224609375,171.4354248046875,41.0,False,,,,145.698974609375,36.0,-9.975448608398438,99,5,34.71,-64.28999999999999,bust
00-0035640,DK Metcalf,PIT,2026.0,WR,,8.482131004333496,135.71409606933594,48.78156280517578,111.32331466674805,6.957707166671753,118.999755859375,167.35108947753906,42.0,False,,,,145.698974609375,36.0,-9.984878540039062,100,5,34.88,-65.12,bust
00-0040242,Jacory Croskey-Merritt,WAS,2026.0,RB,,8.13479928167449,130.15678850679183,13.89237412476197,123.21060144441084,7.700662590275678,103.96989955523502,151.54807758840448,29.0,False,,,,140.47225277127183,24.0,-10.31546426448,101,4,39.71,-61.29,bust
00-0040179,DJ Giddens,IND,2026.0,RB,,8.122631731033325,129.9621076965332,10.053478994369508,124.93536819934846,7.808460512459279,64.31367794036865,134.1315362548828,30.0,False,,,,140.47225277127183,24.0,-10.510145074738631,102,4,80.89,-21.11,bust
00-0037545,Rashid Shaheed,SEA,2026.0,WR,,8.44131851196289,135.06109619140625,48.89022445678711,110.6159839630127,6.9134989976882935,112.17697143554688,148.28587341308594,43.0,False,,,,145.698974609375,36.0,-10.63787841796875,103,5,60.41,-42.59,bust
00-0036252,Michael Pittman,PIT,2026.0,WR,,8.363369941711426,133.8139190673828,58.39426803588867,104.61678504943848,6.538549065589905,130.22267150878906,167.7315673828125,44.0,False,,,,145.698974609375,36.0,-11.885055541992188,104,5,,,
00-0040691,Jaxson Dart,NYG,2026.0,QB,14.291481,17.497699737548828,250.0680389404297,0.040271010249853134,250.04790343530476,15.627993964706548,230.35435485839844,278.4530029296875,14.0,False,,,,262.61468505859375,12.0,-12.546646118164062,105,1,8.69,-96.31,bust
,Omar Cooper Jr.,NYJ,,WR,,,132.5181311680056,,,,,,,True,1.0,30.0,False,145.698974609375,36.0,-13.180843441369404,106,5,65.0,-41.0,bust
,Kenyon Sadiq,NYJ,,TE,,,126.19706048583986,,,,,,,True,1.0,16.0,False,140.54624938964844,12.0,-14.349188903808582,107,3,23.35,-83.65,bust
00-0038935,Brenton Strange,JAX,2026.0,TE,,7.847786903381348,125.56459045410156,59.31233215332031,95.9084243774414,5.994276523590088,98.17420196533203,140.29600524902344,15.0,False,,,,140.54624938964844,12.0,-14.981658935546875,108,3,16.91,-91.09,bust
00-0035719,Deebo Samuel Sr.,SF,2026.0,WR,,8.141980171203613,130.2716827392578,49.647640228271484,105.44786262512207,6.590491414070129,113.84779357910156,159.79739379882812,45.0,False,,,,145.698974609375,36.0,-15.427291870117188,109,5,61.21,-47.79,bust
00-0040586,Jaydon Blue,PHI,2026.0,RB,,7.799006299972534,124.78410079956055,23.42750213623047,113.07034973144532,7.066896858215332,72.24945655822754,129.85668106079103,31.0,False,,,,140.47225277127183,24.0,-15.688151971711278,110,5,80.4,-29.599999999999994,bust
00-0040637,(unknown 00-0040637),BAL,2026.0,RB,,7.761095519065857,124.17752830505371,29.057063274383545,109.64899666786194,6.853062291741371,59.071366767883305,169.67414306640626,32.0,False,,,,140.47225277127183,24.0,-16.294724466218113,111,5,,,
00-0039738,Blake Corum,LA,2026.0,RB,,7.738246422672336,123.81194276275738,14.513659067134347,116.55511322919021,7.284694576824388,89.54382168565523,128.74610149427932,33.0,False,,,,140.47225277127183,24.0,-16.660310008514443,112,5,36.91,-75.09,bust
00-0038933,Dalton Kincaid,BUF,2026.0,TE,,7.714568138122559,123.43309020996094,40.477420806884766,103.19437980651855,6.44964873790741,102.48129272460938,140.13328552246094,16.0,False,,,,140.54624938964844,12.0,-17.1131591796875,113,3,11.34,-101.66,bust
00-0030061,Zach Ertz,WAS,2026.0,TE,,7.675398826599121,122.80638122558594,41.290748596191406,102.16100692749023,6.38506293296814,92.66820526123047,137.75332641601562,17.0,False,,,,140.54624938964844,12.0,-17.7398681640625,114,3,47.4,-66.6,bust
,Jordyn Tyson,NO,,WR,,,127.66089239847435,,,,,,,True,1.0,8.0,False,145.698974609375,36.0,-18.038082210900654,115,5,38.3,-76.7,bust
00-0035685,David Montgomery,HOU,2026.0,RB,,7.607974727540536,121.72759564064857,23.024063517996744,110.2155638816502,6.888472742603137,97.12599826528144,129.37972408088407,34.0,False,,,,140.47225277127183,24.0,-18.744657130623253,116,5,23.29,-92.71000000000001,bust
00-0036407,Jerry Jeudy,CLE,2026.0,WR,,7.9077067375183105,126.52330780029297,48.2318229675293,102.40739631652832,6.40046226978302,94.61614227294922,140.7073974609375,46.0,False,,,,145.698974609375,36.0,-19.17566680908203,117,6,62.06,-54.94,bust
00-0039847,Theo Johnson,NYG,2026.0,TE,,7.580377101898193,121.2860336303711,55.02899932861328,93.77153396606445,5.860720872879028,100.24313354492188,152.58447265625,18.0,False,,,,140.54624938964844,12.0,-19.260215759277344,118,3,32.81,-85.19,bust
00-0030279,Keenan Allen,IND,2026.0,WR,,7.88241720199585,126.1186752319336,51.4345817565918,100.4013843536377,6.275086522102356,111.69983673095703,151.8223876953125,47.0,False,,,,145.698974609375,36.0,-19.580299377441406,119,6,95.66,-23.340000000000003,bust
00-0035659,Terry McLaurin,WAS,2026.0,WR,,7.875280857086182,126.0044937133789,48.72871780395508,101.64013481140137,6.3525084257125854,108.89892578125,152.71926879882812,48.0,False,,,,145.698974609375,36.0,-19.694480895996094,120,6,22.32,-97.68,bust
00-0040663,Harold Fannin Jr.,CLE,2026.0,TE,,7.485991477966309,119.77586364746094,46.390987396240234,96.58036994934082,6.036273121833801,118.04658508300781,154.5338134765625,19.0,False,,,,140.54624938964844,12.0,-20.7703857421875,121,3,6.25,-114.75,bust
00-0036919,Kenny Gainwell,TB,2026.0,RB,,7.467726851521413,119.48362962434261,39.528450487151204,99.719404380767,6.232462773797938,103.54147246489372,147.33744431273078,35.0,False,,,,140.47225277127183,24.0,-20.988623146929214,122,5,,,
00-0040735,Luther Burden III,CHI,2026.0,WR,,7.726638317108154,123.62621307373047,45.314430236816406,100.96899795532227,6.310562372207642,102.63556671142578,139.982421875,49.0,False,,,,145.698974609375,36.0,-22.07276153564453,123,6,20.38,-102.62,bust
00-0038996,Tucker Kraft,GB,2026.0,TE,,7.374197006225586,117.98715209960938,38.967872619628906,98.50321578979492,6.156450986862183,100.73731231689453,142.58241271972656,20.0,False,,,,140.54624938964844,12.0,-22.559097290039062,124,3,5.72,-118.28,bust
00-0033906,Alvin Kamara,NO,2026.0,RB,,7.329668276549855,117.27469242479768,29.81019279419927,102.36959602769804,6.398099751731127,87.88378747630658,137.32865085390316,36.0,False,,,,140.47225277127183,24.0,-23.197560346474148,125,5,47.79,-77.21000000000001,bust
00-0034383,Dalton Schultz,HOU,2026.0,TE,,7.281012535095215,116.49620056152344,61.571529388427734,85.71043586730957,5.356902241706848,108.85924530029297,154.29428100585938,21.0,False,,,,140.54624938964844,12.0,-24.050048828125,126,3,20.38,-105.62,bust
00-0036158,J.K. Dobbins,DEN,2026.0,RB,,7.24159596134097,115.86553538145552,15.11336769784174,108.30885153253465,6.769303220783415,93.29570086166517,133.54030019907654,37.0,False,,,,140.47225277127183,24.0,-24.60671738981631,127,5,37.18,-89.82,bust
,KC Concepcion,CLE,,WR,,,120.87515021097434,,,,,,,True,1.0,24.0,False,145.698974609375,36.0,-24.82382439840066,128,6,54.54,-73.46000000000001,bust
00-0040162,Dylan Sampson,CLE,2026.0,RB,,7.194894428253174,115.11831085205078,45.25836360931397,92.4891290473938,5.780570565462113,91.0261792755127,143.86702911376955,38.0,False,,,,140.47225277127183,24.0,-25.353941919221043,129,5,47.21,-81.78999999999999,bust
00-0039874,Jaylen Wright,MIA,2026.0,RB,,7.18501166343689,114.96018661499023,17.496976871490478,106.211698179245,6.638231136202813,89.60299041748047,134.25585418701172,39.0,False,,,,140.47225277127183,24.0,-25.51206615628159,130,5,64.06,-65.94,bust
,Germie Bernard,PIT,,WR,,,120.16955288954912,,,,,,,True,2.0,47.0,False,145.698974609375,36.0,-25.529421719825876,131,6,85.29,-45.709999999999994,bust
,De'Zhaun Stribling,SF,,WR,,,119.92347287245927,,,,,,,True,2.0,33.0,False,145.698974609375,36.0,-25.77550173691573,132,6,90.9,-41.099999999999994,bust
00-0038997,Josh Downs,IND,2026.0,WR,,7.475823879241943,119.6131820678711,36.73672866821289,101.24481773376465,6.3278011083602905,85.81056213378906,128.79312133789062,50.0,False,,,,145.698974609375,36.0,-26.085792541503906,133,6,45.18,-87.82,bust
00-0040142,Kaleb Johnson,GB,2026.0,RB,,7.068709173202515,113.09934677124023,13.632346296310425,106.28317362308502,6.642698351442814,53.07028007507324,140.95509765625,40.0,False,,,,140.47225277127183,24.0,-27.37290600003159,134,5,70.55,-63.45,bust
00-0033293,Aaron Jones,MIN,2026.0,RB,,7.065317850204301,113.04508560326882,25.608377150914837,100.2408970278114,6.2650560642382125,93.05474608069491,119.90683878142079,41.0,False,,,,140.47225277127183,24.0,-27.42716716800301,135,5,,,
00-0038563,Tre Tucker,LV,2026.0,WR,,7.375116348266602,118.00186157226562,43.270606994628906,96.36655807495117,6.022909879684448,99.6082992553711,147.4954376220703,51.0,False,,,,145.698974609375,36.0,-27.697113037109375,136,6,72.3,-63.7,bust
00-0038129,Cade Otton,TB,2026.0,TE,,6.860922813415527,109.77476501464844,48.779869079589844,85.38483047485352,5.336551904678345,99.47427368164062,131.91416931152344,22.0,False,,,,140.54624938964844,12.0,-30.771484375,137,3,28.87,-108.13,bust
00-0040583,Woody Marks,HOU,2026.0,RB,,6.766147087721854,108.25835340354966,27.24258202394176,94.63706239157878,5.914816399473674,98.84975880381998,132.02998009902984,42.0,False,,,,140.47225277127183,24.0,-32.21389936772216,138,5,43.97,-94.03,bust
00-0036259,Jauan Jennings,MIN,2026.0,WR,,7.087586879730225,113.4013900756836,45.43363952636719,90.6845703125,5.66778564453125,101.80979919433594,149.01060485839844,52.0,False,,,,145.698974609375,36.0,-32.297584533691406,139,6,58.94,-80.06,bust
00-0035229,T.J. Hockenson,MIN,2026.0,TE,,6.64923095703125,106.3876953125,36.774288177490234,88.00055122375488,5.50003445148468,69.70482635498047,127.26582336425781,23.0,False,,,,140.54624938964844,12.0,-34.15855407714844,140,4,21.75,-118.25,bust
00-0037256,Rachaad White,WAS,2026.0,RB,,6.6007522461497565,105.6120359383961,27.780785328671183,91.72164327406051,5.732602704628782,88.27323091557874,121.36367964319625,43.0,False,,,,140.47225277127183,24.0,-34.86021683287572,141,5,39.24,-101.75999999999999,bust
00-0037809,Chig Okonkwo,WAS,2026.0,TE,,6.59407901763916,105.50526428222656,48.16379928588867,81.42336463928223,5.088960289955139,89.20277404785156,132.09677124023438,24.0,False,,,,140.54624938964844,12.0,-35.040985107421875,142,4,20.78,-121.22,bust
00-0039384,Tyrone Tracy Jr.,NYG,2026.0,RB,,6.534792253251439,104.55667605202302,27.333984649196054,90.889683727425,5.680605232964062,101.11161405496775,132.33347977687203,44.0,False,,,,140.47225277127183,24.0,-35.915576719248804,143,5,43.5,-99.5,bust
00-0033885,David Njoku,LAC,2026.0,TE,,6.483571529388428,103.73714447021484,37.866275787353516,84.80400657653809,5.30025041103363,69.66756439208984,104.0186767578125,25.0,False,,,,140.54624938964844,12.0,-36.809104919433594,144,4,28.19,-115.81,bust
00-0039916,Ricky Pearsall,SF,2026.0,WR,,6.794951438903809,108.71922302246094,28.63307762145996,94.40268421173096,5.900167763233185,70.21647644042969,116.1390380859375,53.0,False,,,,145.698974609375,36.0,-36.97975158691406,145,6,42.53,-102.47,bust
00-0040237,Tez Johnson,TB,2026.0,WR,,6.770681381225586,108.33090209960938,38.38211441040039,89.13984489440918,5.571240305900574,77.73258972167969,111.99718475341797,54.0,False,,,,145.698974609375,36.0,-37.368072509765625,146,6,111.61,-34.39,bust
00-0033881,Evan Engram,DEN,2026.0,TE,,6.403622627258301,102.45796203613281,42.023258209228516,81.44633293151855,5.09039580821991,85.04808807373047,114.94401550292969,26.0,False,,,,140.54624938964844,12.0,-38.088287353515625,147,4,31.58,-115.42,bust
00-0033553,James Conner,ARI,2026.0,RB,,6.367349497963516,101.87759196741625,28.89829611045216,87.42844391219018,5.464277744511886,79.43905730396979,129.8468081503156,45.0,False,,,,140.47225277127183,24.0,-38.594660803855575,148,5,49.44,-98.56,bust
00-0040581,Dont'e Thornton Jr.,LV,2026.0,WR,,6.622471809387207,105.95954895019531,34.07365798950195,88.92271995544434,5.557669997215271,47.692928314208984,135.17132568359375,55.0,False,,,,145.698974609375,36.0,-39.73942565917969,149,6,116.0,-33.0,bust
00-0036894,Pat Freiermuth,PIT,2026.0,TE,,6.299429893493652,100.79087829589844,42.88486862182617,79.34844398498535,4.9592777490615845,99.25769805908203,130.00241088867188,27.0,False,,,,140.54624938964844,12.0,-39.75537109375,150,4,31.0,-119.0,bust
,Fernando Mendoza,LV,,QB,,,222.37266540527344,,,,,,,True,1.0,1.0,False,262.61468505859375,12.0,-40.24201965332031,151,2,29.03,-121.97,bust
00-0038555,Tank Bigsby,PHI,2026.0,RB,,6.249167566299438,99.98668106079101,18.491952533721925,90.74070479393005,5.671294049620628,73.87022605895996,103.6408267211914,46.0,False,,,,140.47225277127183,24.0,-40.48557171048081,152,5,58.06,-93.94,bust
00-0040584,Gunnar Helm,TEN,2026.0,TE,,6.217685222625732,99.48296356201172,43.47486877441406,77.74552917480469,4.859095573425293,75.96277618408203,110.71807861328125,28.0,False,,,,140.54624938964844,12.0,-41.06328582763672,153,4,26.94,-126.06,bust
00-0039165,Zach Charbonnet,SEA,2026.0,RB,,6.157056641232716,98.51290625972345,10.75098165610651,93.13741543167019,5.821088464479387,75.8110432505624,133.26429613796185,47.0,False,,,,140.47225277127183,24.0,-41.959346511548375,154,6,43.06,-110.94,bust
00-0040719,Bhayshul Tuten,JAX,2026.0,RB,,6.150189628601074,98.40303405761719,20.08029878616333,88.36288466453553,5.5226802915334705,77.18348754882813,130.4561496734619,48.0,False,,,,140.47225277127183,24.0,-42.069218713654635,155,6,27.06,-127.94,bust
00-0036555,Chuba Hubbard,CAR,2026.0,RB,,6.092173830478832,97.47478128766132,17.984273740349362,88.48264441748664,5.530165276092915,73.84898361159055,106.55097878160417,49.0,False,,,,140.47225277127183,24.0,-42.99747148361051,156,6,26.76,-129.24,bust
00-0040202,Devin Neal,NO,2026.0,RB,,6.070789113044739,97.13262580871583,17.535120944976807,88.36506533622742,5.522816583514214,64.5523691558838,114.12388526916504,50.0,False,,,,140.47225277127183,24.0,-43.339626962556,157,6,69.72,-87.28,bust
00-0040590,Konata Mumpfield,LA,2026.0,WR,,6.367990016937256,101.8878402709961,32.62352752685547,85.57607650756836,5.3485047817230225,62.651676177978516,110.02734375,56.0,False,,,,145.698974609375,36.0,-43.811134338378906,158,6,104.18,-53.81999999999999,bust
00-0039032,Tyjae Spears,TEN,2026.0,RB,,5.98401450331451,95.74423205303216,37.184272429526956,77.15209583826868,4.822005989891792,78.05700788415677,114.49066337491453,51.0,False,,,,140.47225277127183,24.0,-44.72802071823966,159,6,46.0,-113.0,bust
00-0039901,Keon Coleman,BUF,2026.0,WR,,6.235385417938232,99.76616668701172,25.36658477783203,87.0828742980957,5.4426796436309814,82.32301330566406,121.39177703857422,57.0,False,,,,145.698974609375,36.0,-45.93280792236328,160,6,91.57,-68.43,bust
00-0039894,Xavier Worthy,KC,2026.0,WR,,6.23391580581665,99.7426528930664,39.76331329345703,79.86099624633789,4.991312265396118,91.4581527709961,132.60255432128906,58.0,False,,,,145.698974609375,36.0,-45.956321716308594,161,6,52.47,-108.53,bust
00-0038041,Jake Ferguson,DAL,2026.0,TE,,5.896529674530029,94.34447479248047,39.59061050415039,74.54916954040527,4.65932309627533,84.38969421386719,127.93316650390625,29.0,False,,,,140.54624938964844,12.0,-46.20177459716797,162,4,11.5,-150.5,bust
,Malachi Fields,NYG,,WR,,,99.04449429263708,,,,,,,True,3.0,74.0,True,145.698974609375,36.0,-46.65448031673792,163,6,92.29,-70.71,bust
00-0040649,Robbie Ouzts,SEA,2026.0,RB,,5.768059821128845,92.28895713806152,24.72550668716431,79.92620379447938,4.995387737154961,26.408814315795897,142.96254150390627,52.0,False,,,,140.47225277127183,24.0,-48.18329563321031,164,6,,,
00-0033106,Jared Goff,DET,2026.0,QB,12.179439,17.59942054748535,214.35105895996094,0.32048842310905457,214.1908147484064,13.3869259217754,197.1737518310547,217.9115447998047,15.0,False,,,,262.61468505859375,12.0,-48.26362609863281,165,2,17.14,-147.86,bust
,Mike Washington Jr.,LV,,RB,,,91.47000360576924,,,,,,,True,4.0,122.0,True,140.47225277127183,24.0,-49.00224916550259,166,6,59.5,-106.5,bust
00-0038621,DeMario Douglas,NE,2026.0,WR,,6.0236687660217285,96.37870025634766,31.6915225982666,80.53293895721436,5.033308684825897,76.38580322265625,110.6898193359375,59.0,False,,,,145.698974609375,36.0,-49.320274353027344,167,6,120.67,-46.33,bust
00-0039875,Ray Davis,BUF,2026.0,RB,,5.6666943425368475,90.66710948058956,19.35198305137838,80.99111795490037,5.061944872181273,76.37741659881154,109.09291338221493,53.0,False,,,,140.47225277127183,24.0,-49.80514329068227,168,6,62.29,-105.71000000000001,bust
00-0039880,Malik Washington,MIA,2026.0,WR,,5.9904069900512695,95.84651184082031,27.91205406188965,81.89048480987549,5.118155300617218,69.56495666503906,108.11250305175781,60.0,False,,,,145.698974609375,36.0,-49.85246276855469,169,6,90.0,-79.0,bust
00-0040651,(unknown 00-0040651),GB,2026.0,RB,,5.6465448379516605,90.34471740722657,22.94712766647339,78.87115357398987,4.929447098374367,42.07549842834473,131.66165641784667,54.0,False,,,,140.47225277127183,24.0,-50.12753536404526,170,6,,,
00-0040644,Trevor Etienne,CAR,2026.0,RB,,5.609684610366822,89.75495376586915,21.1190470123291,79.1954302597046,4.949714391231537,48.75092346191406,126.12231025695802,55.0,False,,,,140.47225277127183,24.0,-50.71729900540268,171,6,92.3,-78.7,bust
,Makai Lemon,PHI,,WR,,,94.48929281961694,,,,,,,True,1.0,20.0,False,145.698974609375,36.0,-51.209681789758065,172,6,41.53,-130.47,bust
,Caleb Douglas,MIA,,WR,,,94.20080532779333,,,,,,,True,3.0,75.0,True,145.698974609375,36.0,-51.49816928158167,173,6,114.67,-58.33,bust
00-0040138,Jaylin Noel,HOU,2026.0,WR,,5.882390975952148,94.11825561523438,32.15825271606445,78.03912925720215,4.877445578575134,65.28997802734375,99.67721557617188,61.0,False,,,,145.698974609375,36.0,-51.580718994140625,174,6,71.53,-102.47,bust
00-0038611,Chris Rodriguez Jr.,JAX,2026.0,RB,,5.552163010844623,88.83460817351397,7.37064303759432,85.14928665471682,5.321830415919801,66.17581011939915,102.37631588621878,56.0,False,,,,140.47225277127183,24.0,-51.637644597757856,175,6,48.97,-126.03,bust
00-0039342,Xavier Legette,CAR,2026.0,WR,,5.862303733825684,93.79685974121094,33.047340393066406,77.27318954467773,4.829574346542358,74.37406158447266,108.42991638183594,62.0,False,,,,145.698974609375,36.0,-51.90211486816406,176,6,95.54,-80.46,bust
00-0040130,Jayden Higgins,HOU,2026.0,WR,,5.844873905181885,93.51798248291016,30.902172088623047,78.06689643859863,4.8791810274124146,70.67416381835938,107.10806274414062,63.0,False,,,,145.698974609375,36.0,-52.180992126464844,177,6,50.82,-126.18,bust
00-0037525,Jordan Mason,MIN,2026.0,RB,,5.502055866693814,88.03289386710102,15.614852133639294,80.22546780028138,5.014091737517586,76.5839897315556,105.183428351463,57.0,False,,,,140.47225277127183,24.0,-52.4393589041708,178,6,43.65,-134.35,bust
00-0040736,Mason Taylor,NYJ,2026.0,TE,,5.499511241912842,87.99217987060547,32.04721450805664,71.96857261657715,4.498035788536072,71.94060516357422,101.8328628540039,30.0,False,,,,140.54624938964844,12.0,-52.55406951904297,179,4,29.77,-149.23,bust
00-0035243,Miles Sanders,DAL,2026.0,RB,,5.480734533676132,87.69175253881811,16.81959155664307,79.28195676049657,4.955122297531036,57.735793928424435,98.16344679517178,58.0,False,,,,140.47225277127183,24.0,-52.78050023245372,180,6,110.2,-69.8,bust
00-0039910,Jayden Daniels,WAS,2026.0,QB,11.421724,18.358423233032227,209.68484497070312,0.27161702513694763,209.54903645813465,13.096814778633416,171.24603271484375,215.1143341064453,16.0,False,,,,262.61468505859375,12.0,-52.929840087890625,181,2,4.89,-176.11,bust
00-0036244,Colby Parkinson,LA,2026.0,TE,,5.466714382171631,87.4674301147461,28.805776596069336,73.06454181671143,4.566533863544464,66.74205017089844,102.766357421875,31.0,False,,,,140.54624938964844,12.0,-53.078819274902344,182,4,32.81,-149.19,bust
00-0034829,Mike Gesicki,CIN,2026.0,TE,,5.4650559425354,87.4408950805664,34.12961196899414,70.37608909606934,4.3985055685043335,63.66463851928711,98.44283294677734,32.0,False,,,,140.54624938964844,12.0,-53.10535430908203,183,4,35.22,-147.78,bust
00-0039890,Adonai Mitchell,NYJ,2026.0,WR,,5.738587856292725,91.8174057006836,34.28058624267578,74.6771125793457,4.6673195362091064,64.6137924194336,113.35989379882812,64.0,False,,,,145.698974609375,36.0,-53.881568908691406,184,6,66.44,-117.56,bust
00-0033526,Samaje Perine,CIN,2026.0,RB,,5.386206059860579,86.17929695776927,27.429474163512346,72.4645598760131,4.529034992250819,75.22675860781607,110.71045487317052,59.0,False,,,,140.47225277127183,24.0,-54.29295581350256,185,6,87.38,-97.62,bust
00-0033858,Jonnu Smith,GB,2026.0,TE,,5.348485469818115,85.57576751708984,27.47587013244629,71.8378324508667,4.489864528179169,65.41033172607422,91.51242065429688,33.0,False,,,,140.54624938964844,12.0,-54.970481872558594,186,4,49.33,-136.67000000000002,bust
00-0036139,Rico Dowdle,PIT,2026.0,RB,,5.3347865866635615,85.35658538661698,16.277194956140434,77.21798790854676,4.8261242442841725,85.631047033823,115.58206886798041,60.0,False,,,,140.47225277127183,24.0,-55.11566738465484,187,6,30.38,-156.62,bust
00-0033077,Dak Prescott,DAL,2026.0,QB,12.684166,16.337270736694336,207.2246551513672,0.02164398320019245,207.2138331597671,12.950864572485443,198.48866271972656,240.407958984375,17.0,False,,,,262.61468505859375,12.0,-55.39002990722656,188,2,10.25,-177.75,bust
00-0040718,(unknown 00-0040718),JAX,2026.0,WR,,5.611832141876221,89.78931427001953,32.15146255493164,73.71358299255371,4.607098937034607,46.364871978759766,105.29020690917969,65.0,False,,,,145.698974609375,36.0,-55.90966033935547,189,6,,,
00-0036893,Najee Harris,NYG,2026.0,RB,,5.284308708179169,84.5489393308667,23.802953757299782,72.64746245221681,4.540466403263551,65.35814780718982,95.43240632560465,61.0,False,,,,140.47225277127183,24.0,-55.923313440405124,190,6,71.68,-118.32,bust
00-0040743,Tyler Shough,NO,2026.0,QB,15.099095,13.596516609191895,205.29510498046875,0.0440903902053833,205.27305978536606,12.829566236585379,206.48043823242188,247.62380981445312,18.0,False,,,,262.61468505859375,12.0,-57.319580078125,191,2,19.39,-171.61,bust
,Antonio Williams,WAS,,WR,,,88.24458126773474,,,,,,,True,3.0,71.0,True,145.698974609375,36.0,-57.454393341640255,192,6,74.04,-117.96,bust
00-0038608,Kayshon Boutte,HOU,2026.0,WR,,5.514134407043457,88.22615051269531,28.831605911254883,73.81034755706787,4.613146722316742,74.77234649658203,106.7768783569336,66.0,False,,,,145.698974609375,36.0,-57.47282409667969,193,6,68.32,-124.68,bust
00-0040170,Elic Ayomanor,TEN,2026.0,WR,,5.488762378692627,87.82019805908203,24.876787185668945,75.38180446624756,4.711362779140472,66.28215026855469,106.1419677734375,67.0,False,,,,145.698974609375,36.0,-57.87877655029297,194,6,83.58,-110.42,bust
00-0033921,Chris Godwin Jr.,TB,2026.0,WR,,5.41019868850708,86.56317901611328,32.514442443847656,70.30595779418945,4.394122362136841,67.18340301513672,112.74053192138672,68.0,False,,,,145.698974609375,36.0,-59.13579559326172,195,6,34.74,-160.26,bust
00-0040198,Ollie Gordon II,MIA,2026.0,RB,,5.0819925117492675,81.31188018798828,12.631528987884522,74.99611569404603,4.687257230877877,55.56669338226318,103.93521347045899,62.0,False,,,,140.47225277127183,24.0,-59.16037258328355,196,6,71.18,-124.82,bust
00-0039798,Isaiah Davis,NYJ,2026.0,RB,,5.081049518585205,81.29679229736328,26.123173828125,68.23520538330078,4.264700336456299,62.7704146194458,109.69443420410157,63.0,False,,,,140.47225277127183,24.0,-59.175460473908544,197,6,73.27,-123.73,bust
,Denzel Boston,CLE,,WR,,,85.80578335829912,,,,,,,True,2.0,39.0,False,145.698974609375,36.0,-59.893191251075876,198,6,64.09,-133.91,bust
00-0035250,Devin Singletary,NYG,2026.0,RB,,4.949867499793417,79.19787999669467,18.379957906356175,70.00790104351658,4.375493815219786,70.79317824314752,100.89921506099715,64.0,False,,,,140.47225277127183,24.0,-61.27437277457716,199,6,83.69,-115.31,bust
00-0040131,Kyle Williams,NE,2026.0,WR,,5.269532203674316,84.31251525878906,30.20054817199707,69.21224117279053,4.325765073299408,65.986328125,104.57402801513672,69.0,False,,,,145.698974609375,36.0,-61.38645935058594,200,6,90.17,-109.83,bust
00-0040676,Cam Ward,TEN,2026.0,QB,12.860291,15.609576225280762,200.74368286132812,0.044819243252277374,200.721273239702,12.545079577481374,182.57960510253906,218.52964782714844,19.0,False,,,,262.61468505859375,12.0,-61.871002197265625,201,2,25.08,-175.92000000000002,bust
,Eli Stowers,PHI,,TE,,,78.62061182436736,,,,,,,True,2.0,54.0,False,140.54624938964844,12.0,-61.92563756528108,202,5,31.84,-170.16,bust
00-0034975,Justice Hill,BAL,2026.0,RB,,4.885343118924788,78.16548990279661,26.473842742261944,64.92856853166563,4.058035533229102,57.30091978787234,100.75802727763903,65.0,False,,,,140.47225277127183,24.0,-62.30676286847522,203,6,79.76,-123.24,bust
00-0033040,Tyreek Hill,MIA,2026.0,WR,,5.21147346496582,83.38357543945312,40.25244903564453,63.25735092163086,3.9535844326019287,95.75666809082031,151.72439575195312,70.0,False,,,,145.698974609375,36.0,-62.315399169921875,204,6,67.9,-136.1,bust
00-0040669,Isaac TeSlaa,DET,2026.0,WR,,5.169205665588379,82.70729064941406,24.167890548706055,70.62334537506104,4.413959085941315,56.843116760253906,86.70387268066406,71.0,False,,,,145.698974609375,36.0,-62.99168395996094,205,6,77.97,-127.03,bust
00-0038797,Emanuel Wilson,SEA,2026.0,RB,,4.834476966795899,77.35163146873438,8.451734364318325,73.12576428657522,4.570360267910951,59.619603098295556,95.26999653732018,66.0,False,,,,140.47225277127183,24.0,-63.120621302537444,206,6,56.74,-149.26,bust
00-0040177,(unknown 00-0040177),SF,2026.0,RB,,4.831184816360474,77.29895706176758,18.14578956604004,68.22606227874756,4.264128892421723,36.376000595092776,112.31531867980958,67.0,False,,,,140.47225277127183,24.0,-63.173295709504245,207,6,,,
00-0033923,Kareem Hunt,KC,2026.0,RB,,4.798654868764309,76.77847790022895,18.77184715630011,67.3925543220789,4.212034645129931,66.29972412908346,93.30186392019743,68.0,False,,,,140.47225277127183,24.0,-63.693774871042876,208,6,94.7,-113.3,bust
00-0039373,Audric Estimé,NO,2026.0,RB,,4.7793845319747925,76.47015251159668,24.70938346862793,64.11546077728272,4.00721629858017,78.37671180725098,114.48124824523926,69.0,False,,,,140.47225277127183,24.0,-64.00210025967515,209,6,,,
00-0040739,Elijah Arroyo,SEA,2026.0,TE,,4.7740254402160645,76.38440704345703,27.340679168701172,62.714067459106445,3.919629216194153,58.802921295166016,93.24614715576172,34.0,False,,,,140.54624938964844,12.0,-64.1618423461914,210,5,43.2,-166.8,bust
00-0035406,Lil'Jordan Humphrey,DEN,2026.0,WR,,5.08792781829834,81.40684509277344,23.729604721069336,69.54204273223877,4.346377670764923,53.040103912353516,80.54014587402344,72.0,False,,,,145.698974609375,36.0,-64.29212951660156,211,6,163.5,-47.5,bust
00-0036550,Rashod Bateman,BAL,2026.0,WR,,5.083554267883301,81.33686828613281,24.77805519104004,68.9478406906128,4.3092400431633,53.6932487487793,92.29610443115234,73.0,False,,,,145.698974609375,36.0,-64.36210632324219,212,6,88.26,-123.74,bust
00-0039146,Jayden Reed,GB,2026.0,WR,,5.065644264221191,81.05030822753906,27.348663330078125,67.3759765625,4.21099853515625,66.37604522705078,108.53238677978516,74.0,False,,,,145.698974609375,36.0,-64.64866638183594,213,6,46.76,-166.24,bust
00-0037838,Isaiah Likely,NYG,2026.0,TE,,4.7267961502075195,75.62873840332031,33.91970443725586,58.66888618469238,3.666805386543274,65.22228240966797,86.04933166503906,35.0,False,,,,140.54624938964844,12.0,-64.91751098632812,214,5,12.84,-201.16,bust
00-0036988,Josh Palmer,BUF,2026.0,WR,,5.03019380569458,80.48310089111328,29.767396926879883,65.59940242767334,4.099962651729584,64.94268035888672,100.37944030761719,75.0,False,,,,145.698974609375,36.0,-65.21587371826172,215,6,,,
,Zachariah Branch,ATL,,WR,,,80.38243527164099,,,,,,,True,3.0,79.0,True,145.698974609375,36.0,-65.31653933773401,216,6,90.9,-125.1,bust
00-0039471,(unknown 00-0039471),BUF,2026.0,RB,,4.6740615272521975,74.78498443603516,19.29277769088745,65.13859559059144,4.071162224411965,26.028615188598632,111.88931365966798,70.0,False,,,,140.47225277127183,24.0,-65.68726833523667,217,6,,,
00-0040727,Tre Harris,LAC,2026.0,WR,,4.9944047927856445,79.91047668457031,30.11220932006836,64.85437202453613,4.053398251533508,58.57540512084961,87.47256469726562,76.0,False,,,,145.698974609375,36.0,-65.78849792480469,218,6,,,
00-0038619,Andrei Iosivas,CIN,2026.0,WR,,4.977757453918457,79.64411926269531,28.42579460144043,65.4312219619751,4.089451372623444,63.72596740722656,93.65682983398438,77.0,False,,,,145.698974609375,36.0,-66.05485534667969,219,6,102.95,-116.05,bust
00-0040067,Jacardia Wright,SEA,2026.0,RB,,4.642080400618358,74.27328640989373,10.419918199920394,69.06332730993353,4.316457956870845,52.38253989828686,93.2078137691114,71.0,False,,,,140.47225277127183,24.0,-66.1989663613781,220,6,,,
00-0038976,Marvin Mims Jr.,DEN,2026.0,WR,,4.960878372192383,79.37405395507812,24.837696075439453,66.9552059173584,4.1847003698349,60.88201141357422,94.56829071044922,78.0,False,,,,145.698974609375,36.0,-66.32492065429688,221,6,90.4,-130.6,bust
00-0040238,LeQuint Allen Jr.,JAX,2026.0,RB,,4.605056037902832,73.68089660644532,19.3428191947937,64.00948700904847,4.000592938065529,42.88836639404297,105.03453132629394,72.0,False,,,,140.47225277127183,24.0,-66.79135616482651,222,6,78.5,-143.5,bust
00-0037263,Tyler Allgeier,ARI,2026.0,RB,,4.599213961007903,73.58742337612645,10.08992028725955,68.54246323249669,4.283903952031043,60.783545334755274,95.24445473845245,73.0,False,,,,140.47225277127183,24.0,-66.88482939514537,223,6,42.88,-180.12,bust
00-0037837,Calvin Austin III,NYG,2026.0,WR,,4.921631336212158,78.74610137939453,24.537561416625977,66.47732067108154,4.154832541942596,58.51498031616211,90.37952423095703,79.0,False,,,,145.698974609375,36.0,-66.95287322998047,224,6,110.5,-113.5,bust
00-0039491,Jalen Coker,CAR,2026.0,WR,,4.920735836029053,78.73177337646484,26.26729393005371,65.59812641143799,4.099882900714874,59.02133560180664,95.45372009277344,80.0,False,,,,145.698974609375,36.0,-66.96720123291016,225,6,54.26,-170.74,bust
00-0039344,Jonathon Brooks,CAR,2026.0,RB,,4.583779754638672,73.34047607421876,17.55904546737671,64.5609533405304,4.03505958378315,28.064093437194824,107.3846824645996,74.0,False,,,,140.47225277127183,24.0,-67.13177669705307,226,6,50.56,-175.44,bust
00-0038488,Brady Russell,SEA,2026.0,RB,,4.579397048303968,73.27035277286349,16.784726878211238,64.87798933375787,4.054874333359867,17.288703756900293,91.40787538480139,75.0,False,,,,140.47225277127183,24.0,-67.20189999840834,227,6,,,
00-0038551,Kendre Miller,NO,2026.0,RB,,4.573185815811157,73.17097305297851,12.830066375732422,66.75593986511231,4.172246241569519,42.67862899780273,85.88363677978516,76.0,False,,,,140.47225277127183,24.0,-67.30127971829332,228,6,75.16,-152.84,bust
00-0037252,Greg Dulcich,MIA,2026.0,TE,,4.527884006500244,72.4461441040039,33.491878509521484,55.700204849243164,3.4812628030776978,62.67280960083008,100.45510864257812,36.0,False,,,,140.54624938964844,12.0,-68.10010528564453,229,5,28.93,-200.07,bust
,Max Klare,LA,,TE,,,72.27530237612517,,,,,,,True,2.0,61.0,False,140.54624938964844,12.0,-68.27094701352327,230,5,39.9,-190.1,bust
00-0034791,Nick Chubb,HOU,2026.0,RB,,4.508176422582596,72.13082276132154,11.032833881456504,66.61440582059329,4.163400363787081,64.37118853616681,90.66460014280598,77.0,False,,,,140.47225277127183,24.0,-68.34143000995029,231,6,99.0,-132.0,bust
00-0033357,Taysom Hill,NO,2026.0,TE,,4.487569332122803,71.80110931396484,14.333592414855957,64.63431310653687,4.039644569158554,52.89742660522461,86.76800537109375,37.0,False,,,,140.54624938964844,12.0,-68.7451400756836,232,5,72.5,-159.5,bust
00-0040134,Pat Bryant,DEN,2026.0,WR,,4.800609111785889,76.80974578857422,31.933372497558594,60.84305953979492,3.8026912212371826,70.22496032714844,101.51457977294922,81.0,False,,,,145.698974609375,36.0,-68.88922882080078,233,6,75.33,-157.67000000000002,bust
00-0039921,Trey Benson,ARI,2026.0,RB,,4.466524939537049,71.46439903259278,23.985871963500976,59.47146305084229,3.716966440677643,59.26845233917236,112.21018280029297,78.0,False,,,,140.47225277127183,24.0,-69.00785373867905,234,6,67.5,-166.5,bust
00-0040164,Jaylin Lane,WAS,2026.0,WR,,4.784996032714844,76.5599365234375,30.087055206298828,61.516408920288086,3.8447755575180054,54.230247497558594,100.66959381103516,82.0,False,,,,145.698974609375,36.0,-69.1390380859375,235,6,122.3,-112.7,bust
00-0036414,Cam Akers,SEA,2026.0,RB,,4.427957560949175,70.8473209751868,12.992684414842046,64.35097876776578,4.021936172985361,51.18904344178813,76.09749885522528,79.0,False,,,,140.47225277127183,24.0,-69.62493179608502,236,6,121.0,-115.0,bust
00-0035537,Ty Johnson,BUF,2026.0,RB,,4.417186421845401,70.67498274952642,13.579070452455786,63.88544752329853,3.992840470206158,47.495997081811424,85.28162016736083,80.0,False,,,,140.47225277127183,24.0,-69.7972700217454,237,6,77.31,-159.69,bust
00-0038951,Sean Tucker,TB,2026.0,RB,,4.40032338142395,70.4051741027832,16.996249465942384,61.907049369812015,3.869190585613251,70.45535705566407,108.59337181091308,81.0,False,,,,140.47225277127183,24.0,-70.06707866848862,238,6,63.29,-174.71,bust
00-0039163,C.J. Stroud,HOU,2026.0,QB,13.050288,14.721334457397461,192.11766052246094,0.0,192.11766052246094,12.007353782653809,174.81771850585938,203.67587280273438,20.0,False,,,,262.61468505859375,12.0,-70.49702453613281,239,2,22.47,-216.53,bust
00-0029892,(unknown 00-0029892),SF,2026.0,RB,,4.370803713798523,69.93285942077637,11.366639614105225,64.24953961372375,4.015596225857735,35.392324447631836,86.22124671936035,82.0,False,,,,140.47225277127183,24.0,-70.53939335049546,240,6,,,
00-0033110,Tyler Higbee,LA,2026.0,TE,,4.367046356201172,69.87274169921875,23.806562423706055,57.96946048736572,3.6230912804603577,44.67425537109375,77.563720703125,38.0,False,,,,140.54624938964844,12.0,-70.67350769042969,241,5,40.0,-201.0,bust
00-0039405,Jawhar Jordan,HOU,2026.0,RB,,4.315961174018411,69.05537878429458,13.060337255583653,62.52521015650275,3.907825634781422,46.7537110452045,82.95794497709907,83.0,False,,,,140.47225277127183,24.0,-71.41687398697725,242,6,102.0,-140.0,bust
00-0038977,Tank Dell,HOU,2026.0,WR,,4.638883113861084,74.22212982177734,21.388378143310547,63.52794075012207,3.9704962968826294,37.99151611328125,80.68119812011719,83.0,False,,,,145.698974609375,36.0,-71.47684478759766,243,6,86.29,-156.70999999999998,bust
00-0033908,Cooper Kupp,SEA,2026.0,WR,,4.636293888092041,74.18070220947266,31.737913131713867,58.31174564361572,3.6444841027259827,56.660282135009766,102.11279296875,84.0,False,,,,145.698974609375,36.0,-71.51827239990234,244,6,91.27,-152.73000000000002,bust
00-0038046,Charlie Kolar,LAC,2026.0,TE,,4.297533988952637,68.76054382324219,26.092227935791016,55.71442985534668,3.4821518659591675,39.468387603759766,74.66255187988281,39.0,False,,,,140.54624938964844,12.0,-71.78570556640625,245,5,77.11,-167.89,bust
00-0040567,(unknown 00-0040567),SEA,2026.0,RB,,4.290472536087036,68.64756057739258,15.645330228805543,60.82489546298981,3.801555966436863,26.587874965667726,122.5678704071045,84.0,False,,,,140.47225277127183,24.0,-71.82469219387924,246,6,,,
00-0040737,Terrance Ferguson,LA,2026.0,TE,,4.28409481048584,68.54551696777344,24.23516845703125,56.42793273925781,3.5267457962036133,57.81076431274414,86.8783187866211,40.0,False,,,,140.54624938964844,12.0,-72.000732421875,247,5,28.09,-218.91,bust
00-0040782,Isaiah Bond,CLE,2026.0,WR,,4.592502593994141,73.48004150390625,29.71950912475586,58.62028694152832,3.66376793384552,59.05265808105469,113.49592590332031,85.0,False,,,,145.698974609375,36.0,-72.21893310546875,248,6,107.56,-140.44,bust
00-0039424,Devaughn Vele,NO,2026.0,WR,,4.589869499206543,73.43791198730469,26.04703140258789,60.41439628601074,3.7758997678756714,57.11516571044922,80.98796081542969,86.0,False,,,,145.698974609375,36.0,-72.26106262207031,249,6,100.4,-148.6,bust
00-0033555,Mack Hollins,NE,2026.0,WR,,4.585286617279053,73.36458587646484,20.87744903564453,62.92586135864258,3.932866334915161,52.40813064575195,87.39004516601562,87.0,False,,,,145.698974609375,36.0,-72.33438873291016,250,6,95.4,-154.6,bust
00-0037291,Jalen Nailor,LV,2026.0,WR,,4.544363498687744,72.7098159790039,28.50884437561035,58.45539379119873,3.6534621119499207,56.6422119140625,93.11646270751953,88.0,False,,,,145.698974609375,36.0,-72.9891586303711,251,6,86.68,-164.32,bust
00-0036755,Jaret Patterson,LAC,2026.0,RB,,4.1976256110878705,67.16200977740593,14.528950142850624,59.89753470598061,3.743595919123788,42.90981890762612,82.23197539969883,85.0,False,,,,140.47225277127183,24.0,-73.3102429938659,252,6,142.33,-109.66999999999999,bust
00-0037563,Malik Davis,DAL,2026.0,RB,,4.152050417146807,66.43280667434891,13.033908637991349,59.91585235535323,3.744740772209577,50.0633790976115,80.89225155276195,86.0,False,,,,140.47225277127183,24.0,-74.03944609692292,253,6,87.04,-165.95999999999998,bust
00-0040021,Phil Mafah,DAL,2026.0,RB,,4.138748865127564,66.21998184204102,12.145955286026002,60.14700419902802,3.759187762439251,50.80861312866211,96.30133018493653,87.0,False,,,,140.47225277127183,24.0,-74.2522709292308,254,6,109.67,-144.32999999999998,bust
00-0039410,Ryan Flournoy,DAL,2026.0,WR,,4.462759971618652,71.40415954589844,25.93172264099121,58.43829822540283,3.652393639087677,57.63490295410156,91.28096771240234,89.0,False,,,,145.698974609375,36.0,-74.29481506347656,255,6,77.97,-177.03,bust
00-0036290,Cole Kmet,CHI,2026.0,TE,,4.126951694488525,66.0312271118164,29.218042373657227,51.42220592498779,3.213887870311737,62.115413665771484,93.90892028808594,41.0,False,,,,140.54624938964844,12.0,-74.51502227783203,256,5,47.17,-208.82999999999998,bust
00-0035662,Marquise Brown,PHI,2026.0,WR,,4.445681571960449,71.13090515136719,35.05476379394531,53.60352325439453,3.350220203399658,50.01570129394531,89.46255493164062,90.0,False,,,,145.698974609375,36.0,-74.56806945800781,257,6,,,
00-0041512,(unknown 00-0041512),SEA,2026.0,RB,,4.098866126537323,65.58185802459717,15.13585638999939,58.01392982959747,3.625870614349842,15.476761288642884,103.72273014068604,89.0,False,,,,140.47225277127183,24.0,-74.89039474667466,258,6,,,
00-0041588,(unknown 00-0041588),SEA,2026.0,RB,,4.098866126537323,65.58185802459717,15.13585638999939,58.01392982959747,3.625870614349842,15.476761288642884,103.72273014068604,88.0,False,,,,140.47225277127183,24.0,-74.89039474667466,259,6,,,
00-0026498,Matthew Stafford,LA,2026.0,QB,12.154749,15.437499046325684,187.63893127441406,0.3168269395828247,187.48051780462265,11.717532362788916,171.55322265625,225.4219970703125,21.0,False,,,,262.61468505859375,12.0,-74.97575378417969,260,2,14.36,-245.64,bust
00-0036849,Tutu Atwell,LA,2026.0,WR,,4.394063472747803,70.30501556396484,26.159835815429688,57.22509765625,3.576568603515625,52.58757781982422,83.1829833984375,91.0,False,,,,145.698974609375,36.0,-75.39395904541016,261,6,121.29,-139.70999999999998,bust
00-0038618,Xavier Hutchinson,HOU,2026.0,WR,,4.370758533477783,69.93213653564453,27.2336483001709,56.31531238555908,3.5197070240974426,50.56938934326172,77.96631622314453,92.0,False,,,,145.698974609375,36.0,-75.76683807373047,262,6,122.0,-140.0,bust
00-0039466,(unknown 00-0039466),BUF,2026.0,RB,,4.042027971744537,64.6724475479126,15.2443017578125,57.05029666900635,3.565643541812897,21.370790824890136,93.94592971801758,90.0,False,,,,140.47225277127183,24.0,-75.79980522335923,263,6,,,
00-0040648,Tory Horton,SEA,2026.0,WR,,4.342109203338623,69.47374725341797,17.532297134399414,60.70759868621826,3.7942249178886414,52.44263458251953,81.7647705078125,93.0,False,,,,145.698974609375,36.0,-76.22522735595703,264,6,94.03,-169.97,bust
00-0039757,Terrell Jennings,NE,2026.0,RB,,4.001880087442875,64.030081399086,9.251119981226573,59.40452140847271,3.7127825880295444,39.27723625801917,74.97253911973353,91.0,False,,,,140.47225277127183,24.0,-76.44217137218583,265,6,101.2,-163.8,bust
00-0037746,Brian Robinson,ATL,2026.0,RB,,3.993581057358571,63.89729691773714,11.22680336578181,58.283895234846234,3.6427434521778896,57.87405665199859,80.28089055979765,92.0,False,,,,140.47225277127183,24.0,-76.57495585353469,266,6,,,
00-0038705,Emari Demercado,DAL,2026.0,RB,,3.975786843139941,63.61258949023905,19.49247013934094,53.866354420568584,3.3666471512855365,52.152052519065236,89.47022404978162,93.0,False,,,,140.47225277127183,24.0,-76.85966328103277,267,6,88.21,-178.79000000000002,bust
00-0041178,(unknown 00-0041178),WAS,2026.0,RB,,3.936567151546478,62.98507442474365,14.19983184337616,55.88515850305557,3.492822406440973,14.842567591667175,92.6167121887207,94.0,False,,,,140.47225277127183,24.0,-77.48717834652817,268,6,,,
00-0041096,(unknown 00-0041096),WAS,2026.0,RB,,3.936567151546478,62.98507442474365,14.19983184337616,55.88515850305557,3.492822406440973,14.842567591667175,92.6167121887207,95.0,False,,,,140.47225277127183,24.0,-77.48717834652817,269,6,,,
00-0038558,Darnell Washington,PIT,2026.0,TE,,3.9392805099487305,63.02848815917969,24.612428665161133,50.72227382659912,3.170142114162445,45.180362701416016,67.54259490966797,42.0,False,,,,140.54624938964844,12.0,-77.51776123046875,270,5,39.83,-230.17000000000002,bust
00-0038104,Tyquan Thornton,KC,2026.0,WR,,4.232273101806641,67.71636962890625,18.79810905456543,58.317315101623535,3.644832193851471,39.445621490478516,77.09562683105469,94.0,False,,,,145.698974609375,36.0,-77.98260498046875,271,6,104.54,-166.45999999999998,bust
00-0039811,MarShawn Lloyd,GB,2026.0,RB,,3.834244126173668,61.34790601877869,12.25795830214211,55.21892686770763,3.451182929231727,24.782155351136172,86.97623119701512,96.0,False,,,,140.47225277127183,24.0,-79.12434675249314,272,6,87.07,-184.93,bust
,Ja'Kobi Lane,BAL,,WR,,,66.4954739068949,,,,,,,True,3.0,80.0,False,145.698974609375,36.0,-79.2035007024801,273,6,95.07,-177.93,bust
00-0036423,Albert Okwuegbunam,LV,2026.0,TE,,3.8217856884002686,61.1485710144043,29.745695114135742,46.275723457336426,2.8922327160835266,37.751914978027344,79.75991821289062,43.0,False,,,,140.54624938964844,12.0,-79.39767837524414,274,5,,,
00-0037267,Jerome Ford,CLE,2026.0,RB,,3.7809520126906753,60.495232203050804,13.50375799891885,53.743353203591376,3.358959575224461,35.870721432648644,69.12311313135667,97.0,False,,,,140.47225277127183,24.0,-79.97702056822102,275,6,80.21,-194.79000000000002,bust
00-0040984,(unknown 00-0040984),BAL,2026.0,RB,,3.7646066534519194,60.23370645523071,14.78677002429962,52.8403214430809,3.3025200901925564,22.49179235458374,100.60079162597656,98.0,False,,,,140.47225277127183,24.0,-80.23854631604112,276,6,,,
00-0040991,(unknown 00-0040991),BAL,2026.0,RB,,3.7646066534519194,60.23370645523071,14.78677002429962,52.8403214430809,3.3025200901925564,22.49179235458374,100.60079162597656,99.0,False,,,,140.47225277127183,24.0,-80.23854631604112,277,6,,,
00-0036328,Antonio Gibson,NE,2026.0,RB,,3.753859666603057,60.06175466564891,11.801883152851415,54.16081308922321,3.3850508180764507,48.77296107660982,75.2756247440158,100.0,False,,,,140.47225277127183,24.0,-80.4104981056229,278,6,106.4,-171.6,bust
00-0040946,(unknown 00-0040946),GB,2026.0,RB,,3.732128686904907,59.71405899047851,15.439717898368835,51.9942000412941,3.2496375025808812,14.762274017333985,101.18217491149902,102.0,False,,,,140.47225277127183,24.0,-80.7581937807933,279,6,,,
00-0041139,(unknown 00-0041139),GB,2026.0,RB,,3.732128686904907,59.71405899047851,15.439717898368835,51.9942000412941,3.2496375025808812,14.762274017333985,101.18217491149902,101.0,False,,,,140.47225277127183,24.0,-80.7581937807933,280,6,,,
00-0040888,(unknown 00-0040888),BAL,2026.0,RB,,3.674866245985031,58.7978599357605,13.03513994216919,52.2802899646759,3.267518122792244,21.555172843933104,93.57644325256348,103.0,False,,,,140.47225277127183,24.0,-81.67439283551133,281,6,,,
,Chris Bell,MIA,,WR,,,63.60224270572303,,,,,,,True,3.0,94.0,False,145.698974609375,36.0,-82.09673190365197,282,6,84.35,-197.65,bust
00-0039603,British Brooks,HOU,2026.0,RB,,3.6407591539274584,58.252146462839335,13.344103092608757,51.580094916534954,3.2237559322834346,32.01941793957449,72.65099176055679,104.0,False,,,,140.47225277127183,24.0,-82.22010630843249,283,6,,,
00-0037666,Jalen Tolbert,MIA,2026.0,WR,,3.9650652408599854,63.441043853759766,28.503002166748047,49.18954277038574,3.074346423149109,52.25553894042969,81.74349212646484,95.0,False,,,,145.698974609375,36.0,-82.25793075561523,284,6,113.56,-170.44,bust
00-0038454,Keaton Mitchell,LAC,2026.0,RB,,3.624657232761383,57.99451572418213,11.481126441955567,52.253952503204346,3.2658720314502716,59.89628932952881,100.0869605255127,105.0,False,,,,140.47225277127183,24.0,-82.4777370470897,285,6,53.32,-231.68,bust
00-0039299,George Holani,SEA,2026.0,RB,,3.6040037136645777,57.664059418633244,10.189731224701063,52.56919380628271,3.2855746128926695,40.31163922176061,71.08185998972763,106.0,False,,,,140.47225277127183,24.0,-82.80819335263858,286,6,81.07,-204.93,bust
00-0035689,Dawson Knox,BUF,2026.0,TE,,3.5959784984588623,57.5356559753418,25.93478775024414,44.56826210021973,2.785516381263733,52.90952682495117,86.58781433105469,44.0,False,,,,140.54624938964844,12.0,-83.01059341430664,287,5,49.33,-237.67000000000002,bust
00-0038794,Jaleel McLaughlin,CLE,2026.0,RB,,3.5768314513337685,57.229303221340295,9.293104945358392,52.5827507486611,3.2864219217913186,43.847142569628744,66.60700413013957,107.0,False,,,,140.47225277127183,24.0,-83.24294954993152,288,6,81.7,-206.3,bust
,Zavion Thomas,CHI,,WR,,,62.321712920566775,,,,,,,True,3.0,89.0,False,145.698974609375,36.0,-83.37726168880823,289,6,135.4,-153.6,bust
00-0040667,Matthew Golden,GB,2026.0,WR,,3.885939598083496,62.17503356933594,25.426469802856445,49.461798667907715,3.091362416744232,50.27125930786133,85.20127868652344,96.0,False,,,,145.698974609375,36.0,-83.52394104003906,290,6,56.35,-233.65,bust
00-0039062,Jonathan Mingo,DAL,2026.0,WR,,3.862421989440918,61.79875183105469,20.292604446411133,51.65244960784912,3.22827810049057,34.72233963012695,59.60337829589844,97.0,False,,,,145.698974609375,36.0,-83.90022277832031,291,6,178.14,-112.86000000000001,bust
00-0036534,Shane Zylstra,NE,2026.0,TE,,3.5380477905273438,56.6087646484375,17.46561050415039,47.875959396362305,2.992247462272644,34.34956741333008,66.26507568359375,45.0,False,,,,140.54624938964844,12.0,-83.93748474121094,292,5,127.0,-165.0,bust
00-0037231,Kevin Austin Jr.,NO,2026.0,WR,,3.8424770832061768,61.47963333129883,16.702770233154297,53.12824821472168,3.320515513420105,43.25802993774414,76.00566864013672,98.0,False,,,,145.698974609375,36.0,-84.21934127807617,293,6,171.5,-121.5,bust
00-0039066,Michael Mayer,LV,2026.0,TE,,3.4665002822875977,55.46400451660156,22.378860473632812,44.274574279785156,2.7671608924865723,39.1284065246582,66.25234985351562,46.0,False,,,,140.54624938964844,12.0,-85.08224487304688,294,6,43.88,-250.12,bust
00-0038685,Chris Brooks,GB,2026.0,RB,,3.4336734742485118,54.93877558797619,18.759464313538412,45.55904343120698,2.8474402144504363,43.8722711957113,72.67074129129419,108.0,False,,,,140.47225277127183,24.0,-85.53347718329564,295,6,82.11,-212.89,bust
00-0040039,Amar Johnson,LAC,2026.0,RB,,3.4002000570297244,54.40320091247559,13.783448181152345,47.511476821899414,2.9694673013687134,42.17641441345215,84.17339294433594,109.0,False,,,,140.47225277127183,24.0,-86.06905185879623,296,6,,,
00-0041323,(unknown 00-0041323),NE,2026.0,RB,,3.3871826350688936,54.1949221611023,13.394245805740356,47.497799258232114,2.968612453639507,11.780284895896912,85.35736156463624,110.0,False,,,,140.47225277127183,24.0,-86.27733061016953,297,6,,,
00-0037197,Isiah Pacheco,DET,2026.0,RB,,3.381950937634376,54.11121500215002,5.634359346359744,51.294035328970146,3.205877208060634,39.09632882741606,67.53826887058935,111.0,False,,,,140.47225277127183,24.0,-86.36103776912181,298,6,50.09,-247.91,bust
00-0041129,(unknown 00-0041129),NE,2026.0,RB,,3.3762028443813326,54.01924551010132,15.661307363510131,46.188591828346254,2.886786989271641,13.523632926940918,89.33527397155761,112.0,False,,,,140.47225277127183,24.0,-86.45300726117051,299,6,,,
00-0035500,Greg Dortch,BUF,2026.0,WR,,3.696239471435547,59.13983154296875,19.857067108154297,49.2112979888916,3.075706124305725,45.30051803588867,76.81865692138672,99.0,False,,,,145.698974609375,36.0,-86.55914306640625,300,6,134.5,-165.5,bust
,Eli Raridon,NE,,TE,,,53.88529621739541,,,,,,,True,3.0,95.0,True,140.54624938964844,12.0,-86.66095317225303,301,6,52.6,-248.4,bust
00-0031610,Darren Waller,CAR,2026.0,TE,,3.3485522270202637,53.57683563232422,22.9118709564209,42.12090015411377,2.6325562596321106,34.30426025390625,73.28753662109375,47.0,False,,,,140.54624938964844,12.0,-86.96941375732422,302,6,45.29,-256.71,bust
00-0037801,KaVontae Turpin,DAL,2026.0,WR,,3.659615993499756,58.553855895996094,20.57547378540039,48.2661190032959,3.0166324377059937,42.11046600341797,71.02827453613281,100.0,False,,,,145.698974609375,36.0,-87.1451187133789,303,6,121.0,-182.0,bust
00-0040568,(unknown 00-0040568),NE,2026.0,RB,,3.3202541279792785,53.12406604766846,13.33099907875061,46.45856650829315,2.903660406768322,12.56985821723938,91.71199462890625,113.0,False,,,,140.47225277127183,24.0,-87.34818672360336,304,6,,,
00-0034869,Sam Darnold,SEA,2026.0,QB,13.043829,13.413530349731445,174.9637908935547,0.2568754553794861,174.83535316586494,10.927209572866559,157.71905517578125,204.8208465576172,22.0,False,,,,262.61468505859375,12.0,-87.65089416503906,305,3,22.69,-282.31,bust
00-0040241,Dominic Lovett,DET,2026.0,WR,,3.6129508018493652,57.807212829589844,21.28670883178711,47.16385841369629,2.947741150856018,30.54074478149414,61.818092346191406,101.0,False,,,,145.698974609375,36.0,-87.89176177978516,306,6,204.5,-101.5,bust
00-0031236,Brandin Cooks,BUF,2026.0,WR,,3.6120967864990234,57.793548583984375,23.440658569335938,46.073219299316406,2.8795762062072754,40.39378356933594,76.45377349853516,102.0,False,,,,145.698974609375,36.0,-87.90542602539062,307,6,301.0,-6.0,
00-0036924,Michael Carter,TEN,2026.0,RB,,3.267073533198835,52.27317653118136,14.758601126909092,44.893875967726814,2.805867247982926,37.84648115799086,82.01681141335698,114.0,False,,,,140.47225277127183,24.0,-88.19907624009046,308,6,98.73,-209.26999999999998,bust
,Ted Hurst,TB,,WR,,,57.41484799136756,,,,,,,True,3.0,84.0,False,145.698974609375,36.0,-88.28412661800743,309,6,,,
00-0039746,Will Shipley,PHI,2026.0,RB,,3.2373333501815797,51.797333602905276,8.633052320480347,47.4808074426651,2.967550465166569,15.709980268478393,56.501620025634764,115.0,False,,,,140.47225277127183,24.0,-88.67491916836656,310,6,94.06,-215.94,bust
00-0038679,Tyrell Shavers,BUF,2026.0,WR,,3.553112745285034,56.84980392456055,27.594940185546875,43.05233383178711,2.6907708644866943,45.4355583190918,78.64350891113281,103.0,False,,,,145.698974609375,36.0,-88.84917068481445,311,6,154.75,-156.25,bust
00-0034775,Christian Kirk,SF,2026.0,WR,,3.5522210597991943,56.83553695678711,24.525157928466797,44.57295799255371,2.785809874534607,33.90126419067383,83.36416625976562,104.0,False,,,,145.698974609375,36.0,-88.86343765258789,312,6,92.0,-220.0,bust
,Emmett Johnson,KC,,RB,,,51.38376998901367,,,,,,,True,5.0,161.0,False,140.47225277127183,24.0,-89.08848278225815,313,6,59.75,-253.25,bust
00-0033955,Jeremy McNichols,WAS,2026.0,RB,,3.20718656473336,51.31498503573376,13.013584207734533,44.8081929318665,2.8005120582416563,31.815498438371034,77.87294890824774,116.0,False,,,,140.47225277127183,24.0,-89.15726773553806,314,6,340.0,26.0,sleeper
00-0039391,Kimani Vidal,LAC,2026.0,RB,,3.203155048373299,51.25048077397278,14.66072431692271,43.92011861551143,2.745007413469464,51.77415781685623,88.01391710050298,117.0,False,,,,140.47225277127183,24.0,-89.22177199729904,315,6,60.09,-254.91,bust
00-0038393,Dontayvion Wicks,PHI,2026.0,WR,,3.5294504165649414,56.47120666503906,17.387950897216797,47.777231216430664,2.9860769510269165,40.0568733215332,75.55963897705078,105.0,False,,,,145.698974609375,36.0,-89.22776794433594,316,6,80.0,-236.0,bust
,Nate Boerkircher,JAX,,TE,,,51.08264795717986,,,,,,,True,2.0,56.0,False,140.54624938964844,12.0,-89.46360143246858,317,6,60.67,-256.33,bust
00-0037741,Jahan Dotson,ATL,2026.0,WR,,3.5005147457122803,56.008235931396484,17.43968391418457,47.2883939743042,2.9555246233940125,44.884490966796875,71.06195831298828,106.0,False,,,,145.698974609375,36.0,-89.69073867797852,318,6,105.67,-212.32999999999998,bust
00-0036165,Isaiah Hodgins,NYG,2026.0,WR,,3.498220205307007,55.97152328491211,26.10218620300293,42.920430183410645,2.6825268864631653,38.55207443237305,74.9071044921875,107.0,False,,,,145.698974609375,36.0,-89.72745132446289,319,6,166.0,-153.0,bust
,Matthew Hibner,BAL,,TE,,,50.28065811649446,,,,,,,True,4.0,133.0,False,140.54624938964844,12.0,-90.26559127315397,320,6,,,
00-0038394,Will Mallory,IND,2026.0,TE,,3.1219491958618164,49.95118713378906,20.54711151123047,39.67763137817383,2.4798519611358643,22.51080322265625,60.67890167236328,48.0,False,,,,140.54624938964844,12.0,-90.59506225585938,321,6,99.75,-221.25,bust
00-0039855,Jalen McMillan,TB,2026.0,WR,,3.4427762031555176,55.08441925048828,24.09912109375,43.03485870361328,2.68967866897583,48.757320404052734,78.10640716552734,108.0,False,,,,145.698974609375,36.0,-90.61455535888672,322,6,68.12,-253.88,bust
00-0033857,JuJu Smith-Schuster,KC,2026.0,WR,,3.4418742656707764,55.06998825073242,21.456809997558594,44.341583251953125,2.7713489532470703,42.04448318481445,65.82840728759766,109.0,False,,,,145.698974609375,36.0,-90.62898635864258,323,6,168.4,-154.6,bust
00-0033854,Dare Ogunbowale,LV,2026.0,RB,,3.0854434343170904,49.36709494907345,16.025367407632313,41.35441124525729,2.5846507028285806,33.126162529252795,61.51607625727617,118.0,False,,,,140.47225277127183,24.0,-91.10515782219838,324,6,139.0,-185.0,bust
00-0039356,Ja'Tavion Sanders,CAR,2026.0,TE,,3.078193187713623,49.25109100341797,12.404622077941895,43.04877996444702,2.690548747777939,32.08534622192383,64.53076171875,49.0,False,,,,140.54624938964844,12.0,-91.29515838623047,325,6,41.63,-283.37,bust
00-0032464,Kalif Raymond,CHI,2026.0,WR,,3.393148422241211,54.290374755859375,22.032812118530273,43.27396869659424,2.70462304353714,35.905887603759766,71.19271087646484,110.0,False,,,,145.698974609375,36.0,-91.40859985351562,326,6,122.2,-203.8,bust
00-0040259,Gage Larvadain,CLE,2026.0,WR,,3.3931097984313965,54.289756774902344,20.671804428100586,43.95385456085205,2.747115910053253,35.78831100463867,70.70240020751953,111.0,False,,,,145.698974609375,36.0,-91.40921783447266,327,6,,,
00-0036980,Elijah Moore,PHI,2026.0,WR,,3.390141487121582,54.24226379394531,24.048643112182617,42.217942237854004,2.6386213898658752,44.212459564208984,76.73295593261719,112.0,False,,,,145.698974609375,36.0,-91.45671081542969,328,6,131.56,-196.44,bust
00-0037258,Dameon Pierce,PHI,2026.0,RB,,3.056718710645432,48.90749937032691,7.159594258194832,45.327702241229495,2.8329813900768435,26.34406028071305,59.21308377223502,119.0,False,,,,140.47225277127183,24.0,-91.56475340094491,329,6,106.67,-222.32999999999998,bust
00-0035359,David Sills,TB,2026.0,WR,,3.347123861312866,53.55398178100586,23.259328842163086,41.924317359924316,2.6202698349952698,48.22135925292969,73.42723083496094,113.0,False,,,,145.698974609375,36.0,-92.14499282836914,330,6,,,
00-0039737,Tip Reiman,ARI,2026.0,TE,,3.01863169670105,48.2981071472168,16.830764770507812,39.88272476196289,2.4926702976226807,20.93290901184082,50.09015655517578,50.0,False,,,,140.54624938964844,12.0,-92.24814224243164,331,6,94.75,-236.25,bust
,Marlin Klein,HOU,,TE,,,48.129291786525556,,,,,,,True,2.0,59.0,False,140.54624938964844,12.0,-92.41695760312288,332,6,54.33,-277.67,bust
00-0035644,Noah Fant,NO,2026.0,TE,,2.9998717308044434,47.997947692871094,25.076833724975586,35.4595308303833,2.2162206768989563,32.18854904174805,64.85840606689453,51.0,False,,,,140.54624938964844,12.0,-92.54830169677734,333,6,48.6,-284.4,bust
00-0036212,Tua Tagovailoa,ATL,2026.0,QB,12.520638,13.567547798156738,169.87435913085938,0.004349275026470423,169.87218449334614,10.617011530834134,159.93020629882812,188.6691131591797,23.0,False,,,,262.61468505859375,12.0,-92.74032592773438,334,3,32.81,-301.19,bust
00-0040078,Brashard Smith,KC,2026.0,RB,,2.9441093802452087,47.10575008392334,19.624440174102784,37.293529996871946,2.3308456248044966,39.05993202209473,63.49043312072754,120.0,False,,,,140.47225277127183,24.0,-93.36650268734849,335,6,73.79,-261.21,bust
00-0040466,Raheim Sanders,CLE,2026.0,RB,,2.934042191505432,46.944675064086915,9.188396711349487,42.350476708412174,2.646904794275761,32.835090732574464,85.83938682556152,121.0,False,,,,140.47225277127183,24.0,-93.52757770718492,336,6,102.44,-233.56,bust
00-0038839,Mitchell Tinsley,HOU,2026.0,WR,,3.257831573486328,52.12530517578125,15.238700866699219,44.50595474243164,2.7816221714019775,38.74304962158203,68.58257293701172,114.0,False,,,,145.698974609375,36.0,-93.57366943359375,337,6,,,
00-0033119,Jacoby Brissett,ARI,2026.0,QB,12.362521,13.66569709777832,168.94247436523438,0.3040757477283478,168.7904364913702,10.549402280710638,165.7024688720703,200.6794891357422,24.0,False,,,,262.61468505859375,12.0,-93.67221069335938,338,3,26.67,-311.33,bust
00-0036906,Khalil Herbert,NYJ,2026.0,RB,,2.9224419006021933,46.75907040963509,6.616583415993593,43.45077870163829,2.7156736688523933,31.712309436158396,64.49104398843608,122.0,False,,,,140.47225277127183,24.0,-93.71318236163674,339,6,112.2,-226.8,bust
00-0040218,Jimmy Horn Jr.,CAR,2026.0,WR,,3.2423648834228516,51.877838134765625,18.636770248413086,42.55945301055908,2.6599658131599426,29.555601119995117,65.41558837890625,115.0,False,,,,145.698974609375,36.0,-93.82113647460938,340,6,157.43,-182.57,bust
,Chris Brazzell II,CAR,,WR,,,51.79036755313514,,,,,,,True,3.0,83.0,False,145.698974609375,36.0,-93.90860705623986,341,6,93.0,-248.0,bust
00-0035628,D'Ernest Johnson,NE,2026.0,RB,,2.895505811644286,46.328092986308576,11.08868457181253,40.78375070040231,2.5489844187751443,29.892577788883656,65.30192171288712,123.0,False,,,,140.47225277127183,24.0,-94.14415978496325,342,6,163.33,-178.67,bust
00-0040187,Mitchell Evans,CAR,2026.0,TE,,2.8911242485046387,46.25798797607422,15.922623634338379,38.29667615890503,2.3935422599315643,31.35606575012207,57.193485260009766,52.0,False,,,,140.54624938964844,12.0,-94.28826141357422,343,6,59.33,-283.67,bust
00-0039355,Luke McCaffrey,WAS,2026.0,WR,,3.1929924488067627,51.0878791809082,20.67641258239746,40.74967288970947,2.546854555606842,41.94522476196289,79.32107543945312,116.0,False,,,,145.698974609375,36.0,-94.6110954284668,344,6,112.11,-231.89,bust
,Kaelon Black,SF,,RB,,,45.83954589018951,,,,,,,True,3.0,90.0,False,140.47225277127183,24.0,-94.63270688108231,345,6,81.5,-263.5,bust
00-0040563,Efton Chism III,NE,2026.0,WR,,3.187563180923462,51.00101089477539,16.029504776000977,42.9862585067749,2.6866411566734314,26.161334991455078,57.57958984375,117.0,False,,,,145.698974609375,36.0,-94.69796371459961,346,6,158.4,-187.6,bust
00-0039739,Roman Wilson,PIT,2026.0,WR,,3.1663219928741455,50.66115188598633,18.253990173339844,41.534156799316406,2.5958847999572754,33.89613723754883,65.2528305053711,118.0,False,,,,145.698974609375,36.0,-95.03782272338867,347,6,139.5,-207.5,bust
00-0036626,Dyami Brown,WAS,2026.0,WR,,3.1497576236724854,50.396121978759766,20.543153762817383,40.124545097351074,2.507784068584442,45.15779113769531,78.13033294677734,119.0,False,,,,145.698974609375,36.0,-95.30285263061523,348,6,126.67,-221.32999999999998,bust
,Kaden Wetjen,PIT,,WR,,,50.33705882812501,,,,,,,True,4.0,121.0,False,145.698974609375,36.0,-95.36191578124999,349,6,152.6,-196.4,bust
00-0032392,Austin Hooper,ATL,2026.0,TE,,2.793919801712036,44.70271682739258,12.82039737701416,38.2925181388855,2.3932823836803436,28.849685668945312,52.760501861572266,53.0,False,,,,140.54624938964844,12.0,-95.84353256225586,350,6,58.33,-291.67,bust
00-0036637,Noah Gray,KC,2026.0,TE,,2.7844045162200928,44.550472259521484,11.222277641296387,38.93933343887329,2.4337083399295807,36.63807678222656,51.087093353271484,54.0,False,,,,140.54624938964844,12.0,-95.99577713012695,351,6,41.69,-309.31,bust
00-0040705,Chimere Dike,TEN,2026.0,WR,,3.069020986557007,49.10433578491211,26.284236907958984,35.96221733093262,2.2476385831832886,42.49989700317383,83.72598266601562,120.0,False,,,,145.698974609375,36.0,-96.59463882446289,352,6,76.38,-275.62,bust
00-0039589,Kameron Johnson,TB,2026.0,WR,,3.0425546169281006,48.68087387084961,10.17227840423584,43.59473466873169,2.7246709167957306,22.66421127319336,48.64004898071289,121.0,False,,,,145.698974609375,36.0,-97.01810073852539,353,6,,,
00-0039751,Jordan Whittington,LA,2026.0,WR,,3.038724422454834,48.619590759277344,19.223398208618164,39.00789165496826,2.4379932284355164,42.636268615722656,66.35271453857422,122.0,False,,,,145.698974609375,36.0,-97.07938385009766,354,6,126.0,-228.0,bust
00-0038573,Derius Davis,LAC,2026.0,WR,,3.033010482788086,48.528167724609375,17.331697463989258,39.862318992614746,2.4913949370384216,30.19485092163086,51.694297790527344,123.0,False,,,,145.698974609375,36.0,-97.17080688476562,355,6,212.5,-142.5,bust
00-0038440,Zavier Scott,CHI,2026.0,RB,,2.7061908039713787,43.29905286354206,15.168144297746663,35.71498071466873,2.2321862946667954,38.69226234483033,69.21639083376655,124.0,False,,,,140.47225277127183,24.0,-97.17319990772977,356,6,296.0,-60.0,bust
00-0037276,Ty Chandler,NO,2026.0,RB,,2.7039148678835088,43.26263788613614,5.770794349026795,40.37724071162274,2.5235775444764212,32.33165691850938,74.63145892311007,125.0,False,,,,140.47225277127183,24.0,-97.2096148851357,357,6,343.0,-14.0,
00-0036196,Gabe Davis,BUF,2026.0,WR,,3.0236551761627197,48.378482818603516,22.694244384765625,37.0313606262207,2.314460039138794,47.32149124145508,88.732666015625,124.0,False,,,,145.698974609375,36.0,-97.32049179077148,358,6,164.4,-193.6,bust
00-0038979,Cedric Tillman,NO,2026.0,WR,,3.0105092525482178,48.168148040771484,18.56475067138672,38.885772705078125,2.430360794067383,30.6217041015625,63.86859893798828,125.0,False,,,,145.698974609375,36.0,-97.53082656860352,359,6,111.36,-247.64,bust
00-0035535,Darius Slayton,NYG,2026.0,WR,,2.9896888732910156,47.83502197265625,17.219358444213867,39.225342750549316,2.4515839219093323,40.8594856262207,74.52729797363281,126.0,False,,,,145.698974609375,36.0,-97.86395263671875,360,6,98.71,-261.29,bust
00-0038938,Jalin Hyatt,NYG,2026.0,WR,,2.9751627445220947,47.602603912353516,16.014129638671875,39.59553909301758,2.4747211933135986,28.956756591796875,56.804779052734375,127.0,False,,,,145.698974609375,36.0,-98.09637069702148,361,6,151.33,-209.67,bust
00-0029604,Kirk Cousins,LV,2026.0,QB,11.58054,14.195267677307129,164.38885498046875,0.10555341839790344,164.3360782712698,10.271004891954362,150.6514129638672,182.69525146484375,25.0,False,,,,262.61468505859375,12.0,-98.225830078125,362,3,34.45,-327.55,bust
00-0040556,Corey Kiner,NE,2026.0,RB,,2.627681884765625,42.04291015625,12.595532188415527,35.745144062042236,2.2340715038776398,39.074591636657715,64.8464376449585,126.0,False,,,,140.47225277127183,24.0,-98.42934261502182,363,6,,,
00-0040547,Nate Carter,KC,2026.0,RB,,2.6170486545562746,41.87277847290039,8.622624387741089,37.561466279029844,2.3475916424393652,35.02796436309814,77.07582916259766,127.0,False,,,,140.47225277127183,24.0,-98.59947429837143,364,6,,,
00-0041585,(unknown 00-0041585),NYG,2026.0,RB,,2.608364522457123,41.733832359313965,13.31568018913269,35.07599226474762,2.192249516546726,13.142569379806519,58.670809020996096,128.0,False,,,,140.47225277127183,24.0,-98.73842041195786,365,6,,,
00-0040522,Xavier Restrepo,TEN,2026.0,WR,,2.915623188018799,46.64997100830078,18.53170394897461,37.38411903381348,2.3365074396133423,28.67668342590332,59.56529235839844,128.0,False,,,,145.698974609375,36.0,-99.04900360107422,366,6,297.0,-69.0,bust
00-0034270,Tyler Conklin,DET,2026.0,TE,,2.5665805339813232,41.06528854370117,11.956560134887695,35.087008476257324,2.1929380297660828,24.225374221801758,55.29250717163086,55.0,False,,,,140.54624938964844,12.0,-99.48096084594727,367,6,66.63,-300.37,bust
00-0037157,Bam Knight,ARI,2026.0,RB,,2.559702453260794,40.9552392521727,17.347990791025758,32.28124385665983,2.017577741041239,32.59345656667158,91.82243753207375,129.0,False,,,,140.47225277127183,24.0,-99.51701351909912,368,6,90.95,-277.05,bust
00-0032211,Tyler Lockett,LV,2026.0,WR,,2.876350164413452,46.021602630615234,27.258695602416992,32.39225482940674,2.024515926837921,28.55194091796875,102.9101791381836,129.0,False,,,,145.698974609375,36.0,-99.67737197875977,369,6,149.5,-219.5,bust
00-0037329,Brittain Brown,CHI,2026.0,RB,,2.5489475592450686,40.7831609479211,4.90963623239764,38.328342831722274,2.395521426982642,28.921648906731264,59.24071675012733,130.0,False,,,,140.47225277127183,24.0,-99.68909182335074,370,6,,,
00-0032104,Ameer Abdullah,JAX,2026.0,RB,,2.536044716835022,40.57671546936035,12.584647178649902,34.2843918800354,2.1427744925022125,27.78471279144287,57.068464279174805,131.0,False,,,,140.47225277127183,24.0,-99.89553730191147,371,6,132.0,-239.0,bust
00-0033246,Johnny Mundt,PHI,2026.0,TE,,2.5316455364227295,40.50632858276367,13.855545997619629,33.57855558395386,2.098659723997116,27.35486602783203,47.52897644042969,56.0,False,,,,140.54624938964844,12.0,-100.03992080688477,372,6,112.0,-260.0,bust
00-0037004,Hunter Long,ARI,2026.0,TE,,2.517051935195923,40.272830963134766,11.293354034423828,34.62615394592285,2.1641346216201782,23.243757247924805,49.36460876464844,57.0,False,,,,140.54624938964844,12.0,-100.27341842651367,373,6,76.0,-297.0,bust
00-0037112,Jake Tonges,SF,2026.0,TE,,2.5160412788391113,40.25666046142578,14.990092277526855,32.76161432266235,2.047600895166397,38.09777069091797,62.17478561401367,58.0,False,,,,140.54624938964844,12.0,-100.28958892822266,374,6,34.4,-339.6,bust
00-0034272,Marquez Valdes-Scantling,PIT,2026.0,WR,,2.8167247772216797,45.067596435546875,19.89010238647461,35.12254524230957,2.195159077644348,32.90547561645508,65.76510620117188,130.0,False,,,,145.698974609375,36.0,-100.63137817382812,375,6,182.25,-192.75,bust
00-0034983,Hunter Renfrow,CAR,2026.0,WR,,2.805643081665039,44.890289306640625,17.808399200439453,35.9860897064209,2.249130606651306,36.26704788208008,70.98583984375,131.0,False,,,,145.698974609375,36.0,-100.80868530273438,376,6,216.0,-160.0,bust
00-0039144,Luke Musgrave,GB,2026.0,TE,,2.4529407024383545,39.24705123901367,19.838483810424805,29.32780933380127,1.8329880833625793,30.12514877319336,50.15683364868164,59.0,False,,,,140.54624938964844,12.0,-101.29919815063477,377,6,52.17,-324.83,bust
00-0036309,Darnell Mooney,NYG,2026.0,WR,,2.7741615772247314,44.3865852355957,15.678519248962402,36.5473256111145,2.2842078506946564,36.80343246459961,83.36876678466797,132.0,False,,,,145.698974609375,36.0,-101.3123893737793,378,6,77.91,-300.09000000000003,bust
00-0038728,Jared Wayne,HOU,2026.0,WR,,2.745553731918335,43.92885971069336,16.79108428955078,35.53331756591797,2.220832347869873,19.120594024658203,71.2197265625,133.0,False,,,,145.698974609375,36.0,-101.77011489868164,379,6,170.5,-208.5,bust
,Elijah Sarratt,BAL,,WR,,,43.75849132324219,,,,,,,True,4.0,115.0,False,145.698974609375,36.0,-101.9404832861328,380,6,93.76,-286.24,bust
00-0035208,Olamide Zaccheaus,ATL,2026.0,WR,,2.7287356853485107,43.65977096557617,17.42275619506836,34.94839286804199,2.1842745542526245,35.23017501831055,67.46566009521484,134.0,False,,,,145.698974609375,36.0,-102.03920364379883,381,6,116.83,-264.17,bust
00-0037594,Julius Chestnut,TEN,2026.0,RB,,2.391669168198133,38.26670669117013,7.608334886040449,34.46253924814991,2.1539087030093693,22.989407355055917,57.196566171796256,132.0,False,,,,140.47225277127183,24.0,-102.2055460801017,382,6,159.33,-222.67,bust
00-0037524,Tay Martin,DET,2026.0,WR,,2.715167284011841,43.44267654418945,14.508429527282715,36.188461780548096,2.261778861284256,21.6749210357666,66.0162124633789,135.0,False,,,,145.698974609375,36.0,-102.25629806518555,383,6,,,
00-0037086,Grant Calcaterra,PHI,2026.0,TE,,2.3675241470336914,37.88038635253906,13.532276153564453,31.114248275756836,1.9446405172348022,24.85423469543457,45.63996124267578,60.0,False,,,,140.54624938964844,12.0,-102.66586303710938,384,6,73.0,-311.0,bust
00-0040429,Josh Williams,TB,2026.0,RB,,2.357508290220335,37.72013264352536,9.825652838947837,32.807306224051445,2.0504566390032153,24.123263592755933,49.155001410367476,133.0,False,,,,140.47225277127183,24.0,-102.75212012774647,385,6,,,
00-0041027,(unknown 00-0041027),ARI,2026.0,RB,,2.355296051502228,37.684736824035646,11.105538754463195,32.13196744680405,2.008247965425253,30.516200294494627,68.5423762512207,134.0,False,,,,140.47225277127183,24.0,-102.78751594723619,386,6,,,
,Joe Royer,CLE,,TE,,,37.683589935302734,,,,,,,True,5.0,170.0,False,140.54624938964844,12.0,-102.8626594543457,387,6,58.0,-329.0,bust
00-0038738,Hunter Luepke,DAL,2026.0,RB,,2.342709743589836,37.48335589743738,13.862897676615418,30.551907059129665,1.909494191195604,23.819267074746843,52.919608559526864,135.0,False,,,,140.47225277127183,24.0,-102.98889687383445,388,6,,,
00-0039266,Kendall Milton,CIN,2026.0,RB,,2.3331075191497805,37.32972030639649,8.669656171798707,32.994892220497135,2.062180763781071,31.72113094329834,57.406520195007325,136.0,False,,,,140.47225277127183,24.0,-103.14253246487533,389,6,161.0,-228.0,bust
00-0037348,Tanner Conner,MIA,2026.0,TE,,2.3164522647857666,37.063236236572266,16.412220001220703,28.857126235961914,1.8035703897476196,27.570308685302734,52.3957633972168,61.0,False,,,,140.54624938964844,12.0,-103.48301315307617,390,6,,,
00-0038891,Shedrick Jackson,LV,2026.0,WR,,2.63474178314209,42.15586853027344,20.11098861694336,32.10037422180176,2.00627338886261,25.212528228759766,74.4567642211914,136.0,False,,,,145.698974609375,36.0,-103.54310607910156,391,6,192.5,-198.5,bust
00-0040628,Drake Dabney,GB,2026.0,TE,,2.304821014404297,36.87713623046875,12.996789932250977,30.37874126434326,1.8986713290214539,22.73870277404785,44.4144401550293,62.0,False,,,,140.54624938964844,12.0,-103.66911315917969,392,6,,,
00-0035924,Jonathan Ward,BAL,2026.0,RB,,2.274094731003189,36.38551569605102,9.70524407245785,31.5328936598221,1.9708058537388813,9.903951953552426,61.622240769936575,137.0,False,,,,140.47225277127183,24.0,-104.08673707522081,393,6,,,
00-0038458,Owen Wright,HOU,2026.0,RB,,2.257817382254395,36.12507811607032,9.1414141947337,31.554371018703467,1.9721481886689667,16.96129547889391,45.55444346446847,138.0,False,,,,140.47225277127183,24.0,-104.34717465520151,394,6,,,
00-0039363,Isaac Guerendo,SF,2026.0,RB,,2.242641718774361,35.88226750038977,8.503089644401388,31.630722678189077,1.9769201673868173,23.817709354019424,52.6090618616061,139.0,False,,,,140.47225277127183,24.0,-104.58998527088205,395,6,84.75,-310.25,bust
00-0033375,Tim Patrick,NYJ,2026.0,WR,,2.547661542892456,40.7625846862793,17.092500686645508,32.21633434295654,2.013520896434784,29.643478393554688,57.78593826293945,137.0,False,,,,145.698974609375,36.0,-104.9363899230957,396,6,190.5,-205.5,bust
00-0039074,Davis Allen,LA,2026.0,TE,,2.2110555171966553,35.376888275146484,12.80416488647461,28.97480583190918,1.8109253644943237,26.875564575195312,43.43507385253906,63.0,False,,,,140.54624938964844,12.0,-105.16936111450195,397,6,82.0,-315.0,bust
00-0040205,Kalel Mullings,TEN,2026.0,RB,,2.2040269804000854,35.264431686401366,8.218251237869262,31.155306067466736,1.947206629216671,20.32092706680298,66.84258522033691,140.0,False,,,,140.47225277127183,24.0,-105.20782108487046,398,6,127.5,-270.5,bust
00-0039041,Elijah Higgins,ARI,2026.0,TE,,2.179833173751831,34.8773307800293,17.545495986938477,26.10458278656006,1.6315364241600037,33.19456100463867,47.08930587768555,64.0,False,,,,140.54624938964844,12.0,-105.66891860961914,399,6,54.0,-345.0,bust
00-0034837,Calvin Ridley,TEN,2026.0,WR,,2.497995138168335,39.96792221069336,17.631967544555664,31.151938438415527,1.9469961524009705,33.7067756652832,60.62486267089844,138.0,False,,,,145.698974609375,36.0,-105.73105239868164,400,6,77.68,-322.32,bust
,Tanner Koziol,JAX,,TE,,,34.76525115966797,,,,,,,True,5.0,164.0,False,140.54624938964844,12.0,-105.78099822998047,401,6,66.5,-334.5,bust
00-0037304,(unknown 00-0037304),LV,2026.0,RB,,2.1680044279369404,34.688070846991046,6.6891423209214524,31.343499686530322,1.9589687304081451,16.656075222020604,57.931540635204904,141.0,False,,,,140.47225277127183,24.0,-105.78418192428077,402,6,,,
,Jonah Coleman,DEN,,RB,,,34.332126713679386,,,,,,,True,4.0,108.0,False,140.47225277127183,24.0,-106.14012605759244,403,6,52.21,-350.79,bust
,Oscar Delp,NO,,TE,,,34.28562504429971,,,,,,,True,3.0,73.0,False,140.54624938964844,12.0,-106.26062434534873,404,6,49.29,-354.71,bust
00-0039912,Ben Sinnott,WAS,2026.0,TE,,2.139383316040039,34.230133056640625,14.176719665527344,27.141773223876953,1.6963608264923096,22.312400817871094,49.52336883544922,65.0,False,,,,140.54624938964844,12.0,-106.31611633300781,405,6,46.83,-358.17,bust
00-0037005,Tommy Tremble,CAR,2026.0,TE,,2.12422776222229,33.98764419555664,14.064112663269043,26.95558786392212,1.6847242414951324,38.001163482666016,60.6895751953125,66.0,False,,,,140.54624938964844,12.0,-106.5586051940918,406,6,57.33,-348.67,bust
00-0030564,DeAndre Hopkins,BAL,2026.0,WR,,2.443051815032959,39.088829040527344,14.476201057434082,31.850728511810303,1.990670531988144,23.566972732543945,57.200706481933594,139.0,False,,,,145.698974609375,36.0,-106.61014556884766,407,6,140.5,-266.5,bust
00-0039814,Erick All,CIN,2026.0,TE,,2.1193253993988037,33.90920639038086,14.720769882202148,26.548821449279785,1.6593013405799866,16.185108184814453,57.55277633666992,67.0,False,,,,140.54624938964844,12.0,-106.63704299926758,408,6,,,
00-0034959,(unknown 00-0034959),NYJ,2026.0,RB,,2.073202297026617,33.17123675242587,6.072420761648879,30.135026371601427,1.8834391482250892,14.64636377730164,52.44003933195706,142.0,False,,,,140.47225277127183,24.0,-107.30101601884596,409,6,,,
00-0038589,Josh Whyle,GB,2026.0,TE,,2.071824312210083,33.14918899536133,9.997245788574219,28.15056610107422,1.7594103813171387,18.0301456451416,36.13496017456055,68.0,False,,,,140.54624938964844,12.0,-107.39706039428711,410,6,89.0,-321.0,bust
00-0032775,Demarcus Robinson,SF,2026.0,WR,,2.385603189468384,38.16965103149414,26.788291931152344,24.77550506591797,1.548469066619873,40.040225982666016,71.54862213134766,140.0,False,,,,145.698974609375,36.0,-107.52932357788086,411,6,142.75,-268.25,bust
,Brenen Thompson,LAC,,WR,,,37.93340587402344,,,,,,,True,4.0,105.0,False,145.698974609375,36.0,-107.76556873535156,412,6,117.0,-295.0,bust
00-0039394,Casey Washington,CAR,2026.0,WR,,2.3686342239379883,37.89814758300781,9.594836235046387,33.10072946548462,2.0687955915927887,25.144603729248047,55.46536636352539,141.0,False,,,,145.698974609375,36.0,-107.80082702636719,413,6,201.5,-211.5,bust
00-0038647,Ronnie Bell,LV,2026.0,WR,,2.36814022064209,37.89024353027344,15.56118392944336,30.109651565551758,1.8818532228469849,26.300880432128906,50.937652587890625,142.0,False,,,,145.698974609375,36.0,-107.80873107910156,414,6,163.5,-250.5,bust
00-0040332,(unknown 00-0040332),PHI,2026.0,RB,,2.032401978969574,32.518431663513184,10.32227723121643,27.357293047904967,1.7098308154940605,8.03619511127472,49.414877090454105,143.0,False,,,,140.47225277127183,24.0,-107.95382110775864,415,6,,,
00-0038809,Ben Sims,MIA,2026.0,TE,,2.0129525661468506,32.20724105834961,12.257220268249512,26.078630924224854,1.6299144327640533,18.155099868774414,40.806434631347656,69.0,False,,,,140.54624938964844,12.0,-108.33900833129883,416,6,,,
00-0033891,Zay Jones,ARI,2026.0,WR,,2.318192481994629,37.09107971191406,8.846688270568848,32.66773557662964,2.0417334735393524,25.9910945892334,47.76686096191406,143.0,False,,,,145.698974609375,36.0,-108.60789489746094,417,6,187.6,-229.4,bust
00-0040311,Theo Wease Jr.,LAC,2026.0,WR,,2.311584711074829,36.985355377197266,19.195737838745117,27.387486457824707,1.7117179036140442,32.10390090942383,73.42269897460938,144.0,False,,,,145.698974609375,36.0,-108.71361923217773,418,6,293.0,-125.0,bust
00-0034159,Will Dissly,LAC,2026.0,TE,,1.9654676914215088,31.44748306274414,9.648008346557617,26.623478889465332,1.6639674305915833,23.541654586791992,43.92404556274414,70.0,False,,,,140.54624938964844,12.0,-109.0987663269043,419,6,80.0,-339.0,bust
00-0030035,Adam Thielen,MIN,2026.0,WR,,2.2750959396362305,36.40153503417969,23.149282455444336,24.82689380645752,1.551680862903595,38.217864990234375,79.01167297363281,145.0,False,,,,145.698974609375,36.0,-109.29743957519531,420,6,,,
00-0032385,Sterling Shepard,TB,2026.0,WR,,2.2702794075012207,36.32447052001953,18.459564208984375,27.094688415527344,1.693418025970459,29.29368782043457,56.546287536621094,146.0,False,,,,145.698974609375,36.0,-109.37450408935547,421,6,163.5,-257.5,bust
00-0034365,Ian Thomas,LV,2026.0,TE,,1.9479026794433594,31.16644287109375,13.141003608703613,24.595941066741943,1.5372463166713715,18.18034553527832,41.77521514892578,71.0,False,,,,140.54624938964844,12.0,-109.37980651855469,422,6,128.0,-294.0,bust
00-0035249,Josh Oliver,MIN,2026.0,TE,,1.9440436363220215,31.104698181152344,11.692449569702148,25.25847339630127,1.5786545872688293,26.08965492248535,46.740474700927734,72.0,False,,,,140.54624938964844,12.0,-109.4415512084961,423,6,74.38,-348.62,bust
00-0040244,Moliki Matavao,NO,2026.0,TE,,1.925331473350525,30.8053035736084,15.590096473693848,23.010255336761475,1.4381409585475922,27.620986938476562,50.05402755737305,73.0,False,,,,140.54624938964844,12.0,-109.74094581604004,424,6,108.5,-315.5,bust
00-0040526,(unknown 00-0040526),ARI,2026.0,RB,,1.9195066076517104,30.712105722427367,9.115297732353211,26.154456856250764,1.6346535535156728,27.5332594203949,52.88105560302734,144.0,False,,,,140.47225277127183,24.0,-109.76014704884446,425,6,,,
00-0036727,(unknown 00-0036727),DEN,2026.0,RB,,1.8903356811496024,30.245370898393638,6.770725985474166,26.860007905656555,1.6787504941035347,15.148222252221078,55.067819032297,145.0,False,,,,140.47225277127183,24.0,-110.22688187287818,426,6,,,
00-0035125,(unknown 00-0035125),LAC,2026.0,RB,,1.8709616781015415,29.935386849624663,4.956875581731541,27.45694905875889,1.7160593161724307,9.788296221433479,46.54173703208678,146.0,False,,,,140.47225277127183,24.0,-110.53686592164716,427,6,,,
,Eli Heidenreich,PIT,,RB,,,29.918224334716797,,,,,,,True,7.0,230.0,True,140.47225277127183,24.0,-110.55402843655503,428,6,91.0,-337.0,bust
00-0038128,Malik Willis,MIA,2026.0,QB,12.182714,12.48002815246582,152.04061889648438,0.47544312477111816,151.80289733409882,9.487681083381176,121.57596588134766,199.13206481933594,26.0,False,,,,262.61468505859375,12.0,-110.57406616210938,429,3,19.03,-409.97,bust
00-0038547,Luke Schoonmaker,DAL,2026.0,TE,,1.8652374744415283,29.843799591064453,12.304152488708496,23.691723346710205,1.4807327091693878,22.378870010375977,41.97028732299805,74.0,False,,,,140.54624938964844,12.0,-110.70244979858398,430,6,341.0,-89.0,bust
00-0034613,Tanner Hudson,CIN,2026.0,TE,,1.862767219543457,29.804275512695312,7.876829147338867,25.86586093902588,1.6166163086891174,19.016691207885742,41.717552185058594,75.0,False,,,,140.54624938964844,12.0,-110.74197387695312,431,6,83.4,-347.6,bust
00-0040277,Jahdae Walker,CHI,2026.0,WR,,2.169269561767578,34.70831298828125,17.278982162475586,26.068821907043457,1.629301369190216,20.220561981201172,58.50754165649414,147.0,False,,,,145.698974609375,36.0,-110.99066162109375,432,6,148.25,-283.75,bust
00-0034981,Foster Moreau,HOU,2026.0,TE,,1.839353084564209,29.429649353027344,13.390582084655762,22.734358310699463,1.4208973944187164,22.98957633972168,47.38932418823242,76.0,False,,,,140.54624938964844,12.0,-111.1166000366211,433,6,83.67,-349.33,bust
00-0038115,Daniel Bellinger,TEN,2026.0,TE,,1.7950804233551025,28.72128677368164,17.23488426208496,20.10384464263916,1.2564902901649475,35.65313720703125,57.12017059326172,77.0,False,,,,140.54624938964844,12.0,-111.8249626159668,434,6,51.25,-382.75,bust
00-0035631,Drew Sample,CIN,2026.0,TE,,1.789947748184204,28.639163970947266,12.242349624633789,22.51798915863037,1.4073743224143982,20.12564468383789,43.490055084228516,78.0,False,,,,140.54624938964844,12.0,-111.90708541870117,435,6,115.5,-319.5,bust
,Will Kacmarek,MIA,,TE,,,28.597143522693266,,,,,,,True,3.0,87.0,False,140.54624938964844,12.0,-111.94910586695516,436,6,70.29,-365.71,bust
00-0038614,(unknown 00-0038614),LAC,2026.0,RB,,1.7759594275737607,28.41535084118017,6.0031935289410345,25.413754076709655,1.5883596297943534,15.429873677605556,45.03878232223542,147.0,False,,,,140.47225277127183,24.0,-112.05690193009166,437,6,,,
00-0037306,John FitzPatrick,GB,2026.0,TE,,1.7796083688735962,28.47373390197754,14.105700492858887,21.420883655548096,1.338805228471756,27.999164581298828,43.13795852661133,79.0,False,,,,140.54624938964844,12.0,-112.0725154876709,438,6,,,
,Sam Roush,CHI,,TE,,,28.45224529881631,,,,,,,True,3.0,69.0,False,140.54624938964844,12.0,-112.09400409083213,439,6,60.25,-378.75,bust
00-0037614,John Metchie III,CAR,2026.0,WR,,2.0982253551483154,33.57160568237305,14.935898780822754,26.10365629196167,1.6314785182476044,26.659019470214844,59.687435150146484,148.0,False,,,,145.698974609375,36.0,-112.12736892700195,440,6,118.7,-321.3,bust
00-0036187,Reggie Gilliam,NE,2026.0,RB,,1.7516585094360846,28.026536150977353,11.61528192856963,22.21889518669254,1.3886809491682837,12.819332646050738,49.21663288085123,148.0,False,,,,140.47225277127183,24.0,-112.44571662029448,441,6,,,
00-0040024,Darius Cooper,PHI,2026.0,WR,,2.0717766284942627,33.1484260559082,12.880770683288574,26.708040714263916,1.6692525446414948,16.156845092773438,45.708770751953125,149.0,False,,,,145.698974609375,36.0,-112.5505485534668,442,6,167.0,-275.0,bust
00-0039386,Bub Means,CLE,2026.0,WR,,2.067629814147949,33.08207702636719,11.9952392578125,27.084457397460938,1.6927785873413086,17.38424301147461,39.917850494384766,150.0,False,,,,145.698974609375,36.0,-112.61689758300781,443,6,200.75,-242.25,bust
00-0038098,Pierre Strong,GB,2026.0,RB,,1.7366310268946497,27.786096430314394,5.99239475539088,24.789899052618956,1.5493686907886848,17.062035256372095,51.785381296302745,149.0,False,,,,140.47225277127183,24.0,-112.68615634095744,444,6,,,
00-0036841,Austin Trammell,JAX,2026.0,WR,,2.0562584400177,32.9001350402832,9.29384708404541,28.253211498260498,1.7658257186412811,18.5756893157959,43.606285095214844,151.0,False,,,,145.698974609375,36.0,-112.7988395690918,445,6,,,
00-0037282,James Mitchell,DAL,2026.0,TE,,1.7238214015960693,27.58114242553711,7.926421165466309,23.617931842803955,1.4761207401752472,15.279426574707031,38.66621398925781,80.0,False,,,,140.54624938964844,12.0,-112.96510696411133,446,6,124.5,-321.5,bust
00-0039907,Ja'Lynn Polk,NO,2026.0,WR,,2.0379953384399414,32.60792541503906,12.029462814331055,26.593194007873535,1.662074625492096,18.262392044067383,50.36858367919922,152.0,False,,,,145.698974609375,36.0,-113.09104919433594,447,6,144.57,-302.43,bust
,Bauer Sharp,TB,,TE,,,27.420284271240234,,,,,,,True,6.0,185.0,False,140.54624938964844,12.0,-113.1259651184082,448,6,88.5,-359.5,bust
00-0037557,Ronnie Rivers,LA,2026.0,RB,,1.7023639473875936,27.237823158201497,6.233732028036881,24.120957144183055,1.507559821511441,11.513982421188302,40.05346489453952,150.0,False,,,,140.47225277127183,24.0,-113.23442961307033,449,6,141.0,-308.0,bust
00-0034419,Braxton Berrios,NYG,2026.0,WR,,2.0286335945129395,32.45813751220703,12.256147384643555,26.330063819885254,1.6456289887428284,20.462400436401367,40.8138542175293,153.0,False,,,,145.698974609375,36.0,-113.24083709716797,450,6,221.0,-229.0,bust
00-0033282,Curtis Samuel,BUF,2026.0,WR,,2.0266644954681396,32.426631927490234,21.15232276916504,21.850470542907715,1.3656544089317322,28.68391227722168,59.90533447265625,154.0,False,,,,145.698974609375,36.0,-113.27234268188477,451,6,156.8,-294.2,bust
00-0039050,Payne Durham,TB,2026.0,TE,,1.6936177015304565,27.097883224487305,8.18069839477539,23.00753402709961,1.4379708766937256,16.216386795043945,29.116329193115234,81.0,False,,,,140.54624938964844,12.0,-113.44836616516113,452,6,99.25,-352.75,bust
00-0039379,Jamari Thrash,CLE,2026.0,WR,,2.015427350997925,32.2468376159668,10.243691444396973,27.12499189376831,1.6953119933605194,17.49686050415039,48.98518371582031,155.0,False,,,,145.698974609375,36.0,-113.4521369934082,453,6,181.0,-272.0,bust
,Kendrick Law,DET,,WR,,,32.182579040527344,,,,,,,True,5.0,168.0,False,145.698974609375,36.0,-113.51639556884766,454,6,153.6,-300.4,bust
00-0033455,Anthony Firkser,DET,2026.0,TE,,1.6866902112960815,26.987043380737305,8.11376667022705,22.93016004562378,1.4331350028514862,13.871196746826172,36.00931167602539,82.0,False,,,,140.54624938964844,12.0,-113.55920600891113,455,6,,,
00-0040729,Jack Bech,LV,2026.0,WR,,2.0008368492126465,32.013389587402344,13.423760414123535,25.301509380340576,1.581344336271286,23.06671142578125,70.16392517089844,156.0,False,,,,145.698974609375,36.0,-113.68558502197266,456,6,94.13,-361.87,bust
00-0036422,Adam Trautman,DEN,2026.0,TE,,1.675034999847412,26.800559997558594,11.366768836975098,21.117175579071045,1.3198234736919403,20.35360336303711,36.285797119140625,83.0,False,,,,140.54624938964844,12.0,-113.74568939208984,457,6,81.5,-375.5,bust
00-0038359,Xavier Smith,LA,2026.0,WR,,1.9966620206832886,31.946592330932617,14.231964111328125,24.830610275268555,1.5519131422042847,26.546480178833008,51.96275329589844,157.0,False,,,,145.698974609375,36.0,-113.75238227844238,458,6,181.0,-277.0,bust
00-0040317,Jacoby Jones,WAS,2026.0,WR,,1.988968849182129,31.823501586914062,12.218358993530273,25.714322090148926,1.6071451306343079,21.03424835205078,58.34566879272461,158.0,False,,,,145.698974609375,36.0,-113.87547302246094,459,6,,,
00-0040361,(unknown 00-0040361),BUF,2026.0,WR,,1.9852609634399414,31.764175415039062,8.668888092041016,27.429731369018555,1.7143582105636597,17.784181594848633,53.57195281982422,159.0,False,,,,145.698974609375,36.0,-113.93479919433594,460,6,,,
00-0041436,(unknown 00-0041436),MIA,2026.0,RB,,1.630103104710579,26.081649675369263,7.168178791999817,22.497560279369353,1.4060975174605845,11.36822154045105,51.28305244445801,151.0,False,,,,140.47225277127183,24.0,-114.39060309590256,461,6,,,
00-0040432,Beaux Collins,ATL,2026.0,WR,,1.9483988285064697,31.174381256103516,12.15746021270752,25.095651149749756,1.5684781968593597,19.603260040283203,41.44404602050781,160.0,False,,,,145.698974609375,36.0,-114.52459335327148,462,6,,,
00-0039623,Mason Tipton,NO,2026.0,WR,,1.9446744918823242,31.114791870117188,9.817521095275879,26.206031322479248,1.637876957654953,22.7365665435791,51.357994079589844,161.0,False,,,,145.698974609375,36.0,-114.58418273925781,463,6,,,
00-0036842,Kene Nwangwu,NYJ,2026.0,RB,,1.6172222708333934,25.875556333334295,4.0173608987352605,23.866875883966664,1.4916797427479165,16.26454763028656,39.377926462501144,152.0,False,,,,140.47225277127183,24.0,-114.59669643793754,464,6,173.5,-290.5,bust
00-0038397,Evan Hull,ARI,2026.0,RB,,1.6103041830885338,25.76486692941654,5.995288559302004,22.767222649765536,1.422951415610346,16.916236001575427,46.82976164996012,153.0,False,,,,140.47225277127183,24.0,-114.70738584185528,465,6,142.5,-322.5,bust
00-0036265,AJ Dillon,CAR,2026.0,RB,,1.6098967334450638,25.75834773512102,5.746727898419516,22.884983785911263,1.430311486619454,16.663597020887497,40.65121049798734,154.0,False,,,,140.47225277127183,24.0,-114.7139050361508,466,6,122.4,-343.6,bust
00-0037098,Samori Toure,PHI,2026.0,WR,,1.9355993270874023,30.969589233398438,9.352334022521973,26.29342222213745,1.6433388888835907,19.463708877563477,49.129676818847656,162.0,False,,,,145.698974609375,36.0,-114.72938537597656,467,6,243.5,-223.5,bust
00-0033217,Mo Alie-Cox,IND,2026.0,TE,,1.6109633445739746,25.775413513183594,10.755411148071289,20.39770793914795,1.2748567461967468,20.622303009033203,42.897464752197266,84.0,False,,,,140.54624938964844,12.0,-114.77083587646484,468,6,102.33,-365.67,bust
00-0041081,(unknown 00-0041081),MIN,2026.0,RB,,1.5973201835155486,25.557122936248778,6.679842851161957,22.217201510667802,1.3885750944167377,14.73046763896942,51.60797302246094,155.0,False,,,,140.47225277127183,24.0,-114.91512983502305,469,6,,,
00-0039359,Cade Stover,HOU,2026.0,TE,,1.5972340106964111,25.555744171142578,10.661334037780762,20.225077152252197,1.2640673220157623,17.5584716796875,40.99414825439453,85.0,False,,,,140.54624938964844,12.0,-114.99050521850586,470,6,65.9,-404.1,bust
00-0038498,E.J. Jenkins,PHI,2026.0,TE,,1.5886517763137817,25.418428421020508,7.165764808654785,21.835546016693115,1.3647216260433197,10.765901565551758,50.26741409301758,86.0,False,,,,140.54624938964844,12.0,-115.12782096862793,471,6,,,
00-0036628,John Bates,WAS,2026.0,TE,,1.5791540145874023,25.266464233398438,9.160356521606445,20.686285972595215,1.292892873287201,17.03156280517578,38.69517517089844,87.0,False,,,,140.54624938964844,12.0,-115.27978515625,472,6,43.8,-428.2,bust
00-0041274,(unknown 00-0041274),BUF,2026.0,WR,,1.8963927030563354,30.342283248901367,9.075721740722656,25.80442237854004,1.6127763986587524,17.627119064331055,51.89991760253906,163.0,False,,,,145.698974609375,36.0,-115.35669136047363,473,6,,,
00-0034407,Ray-Ray McCloud,CHI,2026.0,WR,,1.8954699039459229,30.327518463134766,7.328392505645752,26.66332221031189,1.666457638144493,19.787574768066406,48.49210739135742,164.0,False,,,,145.698974609375,36.0,-115.37145614624023,474,6,,,
00-0037475,Stone Smartt,NO,2026.0,TE,,1.5712333917617798,25.139734268188477,7.603305816650391,21.33808135986328,1.333630084991455,14.887567520141602,34.43132019042969,88.0,False,,,,140.54624938964844,12.0,-115.40651512145996,475,6,90.2,-384.8,bust
00-0040172,Jordan Watkins,SF,2026.0,WR,,1.889182448387146,30.226919174194336,10.988472938537598,24.732682704925537,1.545792669057846,14.694599151611328,35.29623794555664,165.0,False,,,,145.698974609375,36.0,-115.47205543518066,476,6,154.5,-321.5,bust
00-0038911,Malik Cunningham,DET,2026.0,WR,,1.8788037300109863,30.06085968017578,9.058314323425293,25.531702518463135,1.595731407403946,15.303974151611328,34.13895797729492,166.0,False,,,,145.698974609375,36.0,-115.63811492919922,477,6,,,
00-0036427,Tyler Johnson,NYJ,2026.0,WR,,1.8704814910888672,29.927703857421875,17.148597717285156,21.353404998779297,1.334587812423706,18.115652084350586,47.75498962402344,167.0,False,,,,145.698974609375,36.0,-115.77127075195312,478,6,196.0,-282.0,bust
00-0041446,(unknown 00-0041446),DET,2026.0,WR,,1.8622522354125977,29.796035766601562,10.880882263183594,24.355594635009766,1.5222246646881104,15.010714530944824,39.40116500854492,169.0,False,,,,145.698974609375,36.0,-115.90293884277344,479,6,,,
00-0036491,Tarik Black,DET,2026.0,WR,,1.8622522354125977,29.796035766601562,10.880882263183594,24.355594635009766,1.5222246646881104,15.010714530944824,39.40116500854492,168.0,False,,,,145.698974609375,36.0,-115.90293884277344,480,6,,,
00-0041272,(unknown 00-0041272),BUF,2026.0,WR,,1.8512001037597656,29.61920166015625,9.16622257232666,25.03609037399292,1.5647556483745575,17.98495101928711,53.790191650390625,171.0,False,,,,145.698974609375,36.0,-116.07977294921875,481,6,,,
00-0041443,(unknown 00-0041443),BUF,2026.0,WR,,1.8512001037597656,29.61920166015625,9.16622257232666,25.03609037399292,1.5647556483745575,17.98495101928711,53.790191650390625,170.0,False,,,,145.698974609375,36.0,-116.07977294921875,482,6,,,
00-0040247,(unknown 00-0040247),NYJ,2026.0,WR,,1.8485525846481323,29.576841354370117,15.073521614074707,22.040080547332764,1.3775050342082977,12.745915412902832,42.03227996826172,172.0,False,,,,145.698974609375,36.0,-116.12213325500488,483,6,,,
00-0037539,Lucas Krull,DEN,2026.0,TE,,1.5249176025390625,24.398681640625,7.400474548339844,20.698444366455078,1.2936527729034424,18.262935638427734,34.98029708862305,89.0,False,,,,140.54624938964844,12.0,-116.14756774902344,484,6,108.0,-376.0,bust
00-0040937,(unknown 00-0040937),NYJ,2026.0,RB,,1.5157782047986985,24.252451276779176,5.450034651756287,21.52743395090103,1.3454646219313144,12.785068116188048,42.83898895263672,156.0,False,,,,140.47225277127183,24.0,-116.21980149449266,485,6,,,
00-0036176,Mason Kinsey,TEN,2026.0,WR,,1.8344460725784302,29.351137161254883,14.045516967773438,22.328378677368164,1.3955236673355103,15.733341217041016,41.45580291748047,173.0,False,,,,145.698974609375,36.0,-116.34783744812012,486,6,,,
00-0038640,Jalen Brooks,ARI,2026.0,WR,,1.8305845260620117,29.289352416992188,9.087287902832031,24.745708465576172,1.5466067790985107,17.08845329284668,39.637657165527344,174.0,False,,,,145.698974609375,36.0,-116.40962219238281,487,6,,,
00-0036331,Devin Duvernay,ARI,2026.0,WR,,1.825042486190796,29.200679779052734,11.219949722290039,23.590704917907715,1.4744190573692322,20.273590087890625,37.86616134643555,175.0,False,,,,145.698974609375,36.0,-116.49829483032227,488,6,209.0,-279.0,bust
00-0031687,Raheem Mostert,LV,2026.0,RB,,1.4977328181266785,23.963725090026855,12.19392728805542,17.866761445999146,1.1166725903749466,32.0597620010376,62.11567497253418,157.0,False,,,,140.47225277127183,24.0,-116.50852768124497,489,6,112.0,-377.0,bust
00-0039052,Trey Palmer,NO,2026.0,WR,,1.8117344379425049,28.987751007080078,10.992563247680664,23.491469383239746,1.4682168364524841,15.961987495422363,45.88459014892578,176.0,False,,,,145.698974609375,36.0,-116.71122360229492,490,6,174.67,-315.33000000000004,bust
00-0036984,Trey Sermon,ATL,2026.0,RB,,1.4829669623722532,23.72747139795605,4.879301413941433,21.287820690985335,1.3304887931865834,12.40972680573591,43.80273268823017,158.0,False,,,,140.47225277127183,24.0,-116.74478137331577,491,6,132.0,-359.0,bust
00-0039021,Roschon Johnson,CHI,2026.0,RB,,1.4642414320347492,23.427862912555987,7.167383641511264,19.844171091800355,1.2402606932375222,16.378312961335546,44.050489862743596,159.0,False,,,,140.47225277127183,24.0,-117.04438985871585,492,6,104.5,-387.5,bust
00-0039451,Isaiah Williams,NYJ,2026.0,WR,,1.7887228727340698,28.619565963745117,12.974593162536621,22.132269382476807,1.3832668364048004,19.682262420654297,60.65911102294922,177.0,False,,,,145.698974609375,36.0,-117.07940864562988,493,6,153.75,-339.25,bust
00-0039325,Carson Steele,PHI,2026.0,RB,,1.457999303340912,23.327988853454592,6.744246344566346,19.955865681171417,1.2472416050732136,12.354301767349243,51.79387203216553,160.0,False,,,,140.47225277127183,24.0,-117.14426391781723,494,6,146.33,-347.66999999999996,bust
00-0038040,Zamir White,NO,2026.0,RB,,1.4579705467385677,23.327528747817084,6.979351834379427,19.837852830627373,1.2398658019142108,17.117219602870748,50.976142061848414,161.0,False,,,,140.47225277127183,24.0,-117.14472402345474,495,6,117.5,-377.5,bust
00-0038396,Eric Gray,NYG,2026.0,RB,,1.4447027363122773,23.115243780996437,7.734587478409231,19.247950041791825,1.202996877611989,13.4898294117906,41.855052965883516,162.0,False,,,,140.47225277127183,24.0,-117.35700899027539,496,6,130.0,-366.0,bust
00-0038489,Ben VanSumeren,KC,2026.0,RB,,1.4394988222941398,23.031981156706237,6.4291963069427505,19.817383003234863,1.238586437702179,10.901398299371927,53.95979839069071,163.0,False,,,,140.47225277127183,24.0,-117.44027161456559,497,6,,,
00-0041239,(unknown 00-0041239),NYJ,2026.0,RB,,1.4260379159450531,22.81660665512085,3.566082719564438,21.03356529533863,1.3145978309586643,12.714338564872742,40.241935863494874,164.0,False,,,,140.47225277127183,24.0,-117.65564611615098,498,6,,,
00-0037654,Tucker Fisk,LAC,2026.0,TE,,1.4276238679885864,22.841981887817383,7.696958541870117,18.993502616882324,1.1870939135551453,13.645523071289062,24.299222946166992,90.0,False,,,,140.54624938964844,12.0,-117.70426750183105,499,6,,,
00-0036264,Jordan Love,GB,2026.0,QB,11.648604,12.438206672668457,144.88775634765625,0.5189079642295837,144.62830236554146,9.039268897846341,138.34840393066406,166.9335174560547,27.0,False,,,,262.61468505859375,12.0,-117.7269287109375,500,3,18.33,-481.67,bust
00-0036630,Tylan Wallace,CLE,2026.0,WR,,1.7471562623977661,27.954500198364258,10.969290733337402,22.469854831695557,1.4043659269809723,16.618396759033203,40.086978912353516,178.0,False,,,,145.698974609375,36.0,-117.74447441101074,501,6,187.0,-314.0,bust
00-0040886,(unknown 00-0040886),TEN,2026.0,RB,,1.40869167804718,22.53906684875488,4.152574677467346,20.46277951002121,1.2789237193763257,13.193909935951233,38.84531332015991,165.0,False,,,,140.47225277127183,24.0,-117.93318592251694,502,6,,,
00-0035891,Cody White,LV,2026.0,WR,,1.7324090003967285,27.718544006347656,8.577102661132812,23.42999267578125,1.4643745422363281,19.71833610534668,48.839141845703125,179.0,False,,,,145.698974609375,36.0,-117.98043060302734,503,6,,,
00-0040400,(unknown 00-0040400),MIA,2026.0,RB,,1.3988403570652008,22.381445713043213,6.639227356910705,19.061832034587862,1.1913645021617414,12.6411976146698,60.598524551391606,166.0,False,,,,140.47225277127183,24.0,-118.09080705822862,504,6,,,
00-0038783,Nate Adkins,DEN,2026.0,TE,,1.4003009796142578,22.404815673828125,7.254251003265381,18.777690172195435,1.1736056357622147,17.67656898498535,32.69540786743164,91.0,False,,,,140.54624938964844,12.0,-118.14143371582031,505,6,,,
,Reggie Virgil,ARI,,WR,,,27.49082374572754,,,,,,,True,5.0,143.0,False,145.698974609375,36.0,-118.20815086364746,506,6,143.0,-363.0,bust
00-0036754,Brock Wright,DET,2026.0,TE,,1.394792079925537,22.316673278808594,9.071953773498535,17.780696392059326,1.1112935245037079,17.37534523010254,33.522483825683594,92.0,False,,,,140.54624938964844,12.0,-118.22957611083984,507,6,87.6,-419.4,bust
,Jaren Kanak,TEN,,TE,,,22.30775260925293,,,,,,,True,7.0,225.0,True,140.54624938964844,12.0,-118.23849678039551,508,6,80.2,-427.8,bust
00-0039150,Bryce Young,CAR,2026.0,QB,12.200488,11.819907188415527,144.20863342285156,0.014488446526229382,144.20138919958845,9.012586824974278,142.18495178222656,178.35586547851562,28.0,False,,,,262.61468505859375,12.0,-118.40605163574219,509,3,24.47,-484.53,bust
00-0038824,Ryan Miller,MIA,2026.0,WR,,1.6972301006317139,27.155681610107422,7.636693477630615,23.337334871292114,1.4585834294557571,7.180829048156738,28.739639282226562,180.0,False,,,,145.698974609375,36.0,-118.54329299926758,510,6,,,
00-0039407,Dylan Laube,LV,2026.0,RB,,1.368826990524112,21.90123184838579,5.483045467948522,19.15970911441153,1.1974818196507206,15.754477650722684,48.99250697658782,167.0,False,,,,140.47225277127183,24.0,-118.57102092288604,511,6,326.0,-185.0,bust
00-0037120,Tyler Goodson,ATL,2026.0,RB,,1.3463684530547022,21.541895248875235,3.310523641292238,19.886633428229118,1.2429145892643199,12.11758440462226,32.75688689624178,168.0,False,,,,140.47225277127183,24.0,-118.93035752239659,512,6,123.25,-388.75,bust
00-0041438,(unknown 00-0041438),TEN,2026.0,WR,,1.6730163097381592,26.768260955810547,14.39400577545166,19.571258068084717,1.2232036292552948,11.624796867370605,44.51534652709961,181.0,False,,,,145.698974609375,36.0,-118.93071365356445,513,6,,,
00-0038953,Dylan Drummond,ATL,2026.0,WR,,1.6611462831497192,26.578340530395508,7.147340774536133,23.00467014312744,1.437791883945465,16.93233299255371,37.213443756103516,182.0,False,,,,145.698974609375,36.0,-119.12063407897949,514,6,,,
00-0035298,Scott Miller,CHI,2026.0,WR,,1.6528255939483643,26.445209503173828,6.426228046417236,23.23209547996521,1.4520059674978256,8.170427322387695,40.09304428100586,183.0,False,,,,145.698974609375,36.0,-119.25376510620117,515,6,,,
00-0037093,Dareke Young,LV,2026.0,WR,,1.6503689289093018,26.405902862548828,6.142366886138916,23.33471941947937,1.4584199637174606,12.543924331665039,38.98362350463867,184.0,False,,,,145.698974609375,36.0,-119.29307174682617,516,6,,,
00-0038496,Xavier Gipson,NYG,2026.0,WR,,1.6498916149139404,26.398265838623047,8.680503845214844,22.058013916015625,1.3786258697509766,15.320913314819336,52.3736686706543,185.0,False,,,,145.698974609375,36.0,-119.30070877075195,517,6,229.0,-288.0,bust
00-0037617,Hassan Haskins,NE,2026.0,RB,,1.3230492830031708,21.168788528050733,5.361835496283655,18.487870779908903,1.1554919237443064,9.077022839982897,29.20875836158925,169.0,False,,,,140.47225277127183,24.0,-119.3034642432211,518,6,125.75,-392.25,bust
00-0038720,Julian Hill,NE,2026.0,TE,,1.3262693881988525,21.22031021118164,10.590662956237793,15.924978733062744,0.9953111708164215,17.602914810180664,39.02313232421875,93.0,False,,,,140.54624938964844,12.0,-119.3259391784668,519,6,86.5,-432.5,bust
00-0039530,Brevyn Spann-Ford,DAL,2026.0,TE,,1.3246345520019531,21.19415283203125,6.831858158111572,17.778223752975464,1.1111389845609665,12.943902969360352,35.67051696777344,94.0,False,,,,140.54624938964844,12.0,-119.35209655761719,520,6,109.67,-410.33,bust
00-0039631,Cam Grandy,MIN,2026.0,TE,,1.316385269165039,21.062164306640625,8.744650840759277,16.689838886260986,1.0431149303913116,7.002318859100342,29.28584098815918,95.0,False,,,,140.54624938964844,12.0,-119.48408508300781,521,6,,,
00-0040208,Tahj Brooks,CIN,2026.0,RB,,1.3108705139160157,20.97392822265625,4.991260361671448,18.478298041820526,1.154893627613783,13.389764251708984,40.08388114929199,170.0,False,,,,140.47225277127183,24.0,-119.49832454861557,522,6,90.86,-431.14,bust
00-0040394,(unknown 00-0040394),CAR,2026.0,RB,,1.3071999621391297,20.915199394226075,4.5500053739547734,18.640196707248688,1.165012294203043,12.419819164276124,67.13264991760254,171.0,False,,,,140.47225277127183,24.0,-119.55705337704575,523,6,,,
00-0036887,Luke Farrell,SF,2026.0,TE,,1.3091315031051636,20.946104049682617,6.657027721405029,17.617590188980103,1.1010993868112564,12.655941009521484,29.6962890625,96.0,False,,,,140.54624938964844,12.0,-119.60014533996582,524,6,95.67,-428.33,bust
00-0038840,Brycen Tremayne,CAR,2026.0,WR,,1.6300594806671143,26.080951690673828,13.47882080078125,19.341541290283203,1.2088463306427002,13.779497146606445,36.94068908691406,186.0,False,,,,145.698974609375,36.0,-119.61802291870117,525,6,,,
00-0032398,Chris Moore,BAL,2026.0,WR,,1.621853232383728,25.94965171813965,9.542448997497559,21.17842721939087,1.3236517012119293,10.666871070861816,45.317962646484375,187.0,False,,,,145.698974609375,36.0,-119.74932289123535,526,6,500.0,-26.0,bust
00-0039920,Malachi Corley,CLE,2026.0,WR,,1.6195217370986938,25.9123477935791,8.120587348937988,21.852054119110107,1.3657533824443817,21.46881866455078,56.30177307128906,188.0,False,,,,145.698974609375,36.0,-119.7866268157959,527,6,166.17,-360.83000000000004,bust
00-0031235,Odell Beckham Jr.,NYG,2026.0,WR,,1.610784649848938,25.772554397583008,12.750747680664062,19.397180557250977,1.212323784828186,22.513452529907227,39.428260803222656,189.0,False,,,,145.698974609375,36.0,-119.92642021179199,528,6,246.0,-282.0,bust
00-0033576,Eric Saubert,SEA,2026.0,TE,,1.2837753295898438,20.5404052734375,8.219250679016113,16.430779933929443,1.0269237458705902,13.441201210021973,28.598695755004883,97.0,False,,,,140.54624938964844,12.0,-120.00584411621094,529,6,119.0,-410.0,bust
00-0040506,Myles Price,MIN,2026.0,WR,,1.600584864616394,25.609357833862305,9.3130464553833,20.952834606170654,1.309552162885666,6.749533176422119,38.02985382080078,190.0,False,,,,145.698974609375,36.0,-120.0896167755127,530,6,,,
00-0037805,Jeremy Ruckert,NYJ,2026.0,TE,,1.2756741046905518,20.410785675048828,15.22669792175293,12.797436714172363,0.7998397946357727,16.471330642700195,39.99552917480469,98.0,False,,,,140.54624938964844,12.0,-120.13546371459961,531,6,78.71,-452.29,bust
00-0023459,Aaron Rodgers,PIT,2026.0,QB,9.252335,15.388175010681152,142.3765411376953,0.06758645176887512,142.34274791181087,8.89642174448818,129.57308959960938,148.26473999023438,29.0,False,,,,262.61468505859375,12.0,-120.23814392089844,532,3,30.59,-501.41,bust
00-0041241,(unknown 00-0041241),CIN,2026.0,RB,,1.2632348346710205,20.211757354736328,3.195284199714661,18.614115254878996,1.1633822034299373,9.941317510604858,34.049500923156735,172.0,False,,,,140.47225277127183,24.0,-120.26049541653549,533,6,,,
00-0035021,Ashton Dulin,IND,2026.0,WR,,1.578277587890625,25.25244140625,6.335115432739258,22.08488368988037,1.3803052306175232,19.368114471435547,44.41695022583008,191.0,False,,,,145.698974609375,36.0,-120.446533203125,534,6,178.0,-356.0,bust
00-0041244,(unknown 00-0041244),CIN,2026.0,RB,,1.2475431329011917,19.960690126419067,5.585817399024964,17.167781426906586,1.0729863391816616,12.354482116699218,37.9908614730835,173.0,False,,,,140.47225277127183,24.0,-120.51156264485276,535,6,,,
00-0040597,(unknown 00-0040597),LA,2026.0,WR,,1.567694902420044,25.083118438720703,5.765483856201172,22.200376510620117,1.3875235319137573,9.276341438293457,34.7525634765625,192.0,False,,,,145.698974609375,36.0,-120.6158561706543,536,6,,,
00-0036590,Quintin Morris,JAX,2026.0,TE,,1.2441917657852173,19.907068252563477,8.264209747314453,15.77496337890625,0.9859352111816406,13.395687103271484,27.80306053161621,99.0,False,,,,140.54624938964844,12.0,-120.63918113708496,537,6,95.0,-442.0,bust
00-0036741,Jack Stoll,NO,2026.0,TE,,1.2439817190170288,19.90370750427246,8.020456314086914,15.893479347229004,0.9933424592018127,13.805940628051758,24.03310775756836,100.0,False,,,,140.54624938964844,12.0,-120.64254188537598,538,6,120.5,-417.5,bust
00-0036646,Simi Fehoko,ARI,2026.0,WR,,1.5614447593688965,24.983116149902344,12.533634185791016,18.716299057006836,1.1697686910629272,12.304742813110352,34.97047424316406,193.0,False,,,,145.698974609375,36.0,-120.71585845947266,539,6,,,
00-0036635,Ihmir Smith-Marsette,ARI,2026.0,WR,,1.5552278757095337,24.88364601135254,9.383766174316406,20.191762924194336,1.261985182762146,17.484989166259766,33.788841247558594,194.0,False,,,,145.698974609375,36.0,-120.81532859802246,540,6,,,
00-0041005,(unknown 00-0041005),LV,2026.0,WR,,1.5493823289871216,24.790117263793945,10.834111213684082,19.373061656951904,1.210816353559494,7.5294389724731445,46.82916259765625,195.0,False,,,,145.698974609375,36.0,-120.90885734558105,541,6,,,
00-0040894,(unknown 00-0040894),LV,2026.0,WR,,1.5493823289871216,24.790117263793945,10.834111213684082,19.373061656951904,1.210816353559494,7.5294389724731445,46.82916259765625,196.0,False,,,,145.698974609375,36.0,-120.90885734558105,542,6,,,
00-0040582,Arian Smith,NYJ,2026.0,WR,,1.5452543497085571,24.724069595336914,8.5374116897583,20.455363750457764,1.2784602344036102,13.805563926696777,38.731624603271484,197.0,False,,,,145.698974609375,36.0,-120.97490501403809,543,6,167.2,-375.8,bust
00-0036876,Kylen Granson,TEN,2026.0,TE,,1.2211976051330566,19.539161682128906,9.771794319152832,14.65326452255249,0.9158290326595306,17.716663360595703,30.72433853149414,101.0,False,,,,140.54624938964844,12.0,-121.00708770751953,544,6,83.6,-460.4,bust
00-0032394,Nick Vannett,BAL,2026.0,TE,,1.2141225337982178,19.425960540771484,6.903888702392578,15.974016189575195,0.9983760118484497,10.062788009643555,29.697298049926758,102.0,False,,,,140.54624938964844,12.0,-121.12028884887695,545,6,,,
00-0036959,Michael Bandy,DEN,2026.0,WR,,1.5330463647842407,24.52874183654785,10.06357192993164,19.49695587158203,1.218559741973877,14.309832572937012,44.4568977355957,198.0,False,,,,145.698974609375,36.0,-121.17023277282715,546,6,191.5,-354.5,bust
00-0041011,(unknown 00-0041011),LV,2026.0,WR,,1.531982421875,24.51171875,11.451937675476074,18.785749912261963,1.1741093695163727,4.933557987213135,50.5841064453125,199.0,False,,,,145.698974609375,36.0,-121.187255859375,547,6,,,
00-0041004,(unknown 00-0041004),LV,2026.0,WR,,1.531982421875,24.51171875,11.451937675476074,18.785749912261963,1.1741093695163727,4.933557987213135,50.5841064453125,200.0,False,,,,145.698974609375,36.0,-121.187255859375,548,6,,,
00-0037742,Treylon Burks,WAS,2026.0,WR,,1.5269030332565308,24.430448532104492,13.992646217346191,17.434125423431396,1.0896328389644623,26.441295623779297,61.12172317504883,201.0,False,,,,145.698974609375,36.0,-121.26852607727051,549,6,119.43,-429.57,bust
00-0040058,Nick Kallerup,SEA,2026.0,TE,,1.1981098651885986,19.169757843017578,7.576473712921143,15.381520986557007,0.9613450616598129,10.222825050354004,23.081308364868164,103.0,False,,,,140.54624938964844,12.0,-121.37649154663086,550,6,,,
00-0035291,Trayveon Williams,CLE,2026.0,RB,,1.1879133235494377,19.006613176791003,6.192421667264146,15.91040234315893,0.9944001464474331,10.795251754320786,31.39553160409581,174.0,False,,,,140.47225277127183,24.0,-121.46563959448082,551,6,177.67,-373.33000000000004,bust
00-0040534,Ke'Shawn Williams,CIN,2026.0,WR,,1.5132503509521484,24.212005615234375,9.914077758789062,19.254966735839844,1.2034354209899902,15.299490928649902,31.141265869140625,202.0,False,,,,145.698974609375,36.0,-121.48696899414062,552,6,,,
00-0036429,Charlie Woerner,ATL,2026.0,TE,,1.181532621383667,18.904521942138672,11.815695762634277,12.996674060821533,0.8122921288013458,15.211073875427246,34.410011291503906,104.0,False,,,,140.54624938964844,12.0,-121.64172744750977,553,6,,,
,Riley Nowakowski,PIT,,TE,,,18.772132873535156,,,,,,,True,5.0,169.0,False,140.54624938964844,12.0,-121.77411651611328,554,6,68.25,-485.75,bust
00-0036425,DeeJay Dallas,MIN,2026.0,RB,,1.16675190101822,18.66803041629152,9.119368806071352,14.108346013255842,0.8817716258284901,14.581420053668745,32.77395255640384,175.0,False,,,,140.47225277127183,24.0,-121.80422235498031,555,6,144.5,-410.5,bust
00-0040375,(unknown 00-0040375),CIN,2026.0,WR,,1.4892292022705078,23.827667236328125,8.698699951171875,19.478317260742188,1.2173948287963867,10.070176124572754,33.86867904663086,203.0,False,,,,145.698974609375,36.0,-121.87130737304688,556,6,,,
00-0040194,Jackson Hawes,BUF,2026.0,TE,,1.1619372367858887,18.59099578857422,7.346319675445557,14.91783595085144,0.932364746928215,17.816776275634766,42.61467742919922,105.0,False,,,,140.54624938964844,12.0,-121.95525360107422,557,6,61.0,-496.0,bust
00-0041312,(unknown 00-0041312),HOU,2026.0,RB,,1.1555456340312957,18.48873014450073,3.709252462387085,16.63410391330719,1.0396314945816993,7.780551447868347,31.25412459373474,176.0,False,,,,140.47225277127183,24.0,-121.98352262677109,558,6,,,
00-0036232,Harrison Bryant,HOU,2026.0,TE,,1.1586205959320068,18.53792953491211,6.987834453582764,15.044012308120728,0.9402507692575455,16.2890567779541,35.25755310058594,106.0,False,,,,140.54624938964844,12.0,-122.00831985473633,559,6,90.67,-468.33,bust
00-0031484,Chris Manhertz,NYG,2026.0,TE,,1.1572681665420532,18.51629066467285,3.175842523574829,16.928369402885437,1.0580230876803398,9.58346939086914,24.47488021850586,107.0,False,,,,140.54624938964844,12.0,-122.02995872497559,560,6,,,
00-0036133,James Proche,TEN,2026.0,WR,,1.4768545627593994,23.62967300415039,10.836958885192871,18.211193561553955,1.1381995975971222,14.734055519104004,44.677345275878906,204.0,False,,,,145.698974609375,36.0,-122.06930160522461,561,6,,,
,Seydou Traore,MIA,,TE,,,18.225858688354492,,,,,,,True,5.0,180.0,False,140.54624938964844,12.0,-122.32039070129395,562,6,78.0,-484.0,bust
00-0040692,(unknown 00-0040692),MIA,2026.0,RB,,1.1294225442409516,18.070760707855225,5.966331009864807,15.087595202922822,0.9429747001826764,9.244421310424805,56.16492038726807,177.0,False,,,,140.47225277127183,24.0,-122.4014920634166,563,6,,,
,Barion Brown,NO,,WR,,,23.073781967163086,,,,,,,True,6.0,190.0,False,145.698974609375,36.0,-122.62519264221191,564,6,138.86,-425.14,bust
00-0038710,Blake Whiteheart,CLE,2026.0,TE,,1.1198806762695312,17.9180908203125,5.746495246887207,15.044843196868896,0.940302699804306,10.557411193847656,25.081680297851562,108.0,False,,,,140.54624938964844,12.0,-122.62815856933594,565,6,,,
00-0041595,(unknown 00-0041595),TB,2026.0,RB,,1.112454628944397,17.799274063110353,5.276622090339661,15.16096301794052,0.9475601886212826,10.13329351902008,34.3469525718689,178.0,False,,,,140.47225277127183,24.0,-122.67297870816148,566,6,,,
00-0040609,(unknown 00-0040609),LA,2026.0,WR,,1.4291694164276123,22.866710662841797,6.442788600921631,19.64531636238098,1.2278322726488113,10.683555603027344,29.48377799987793,205.0,False,,,,145.698974609375,36.0,-122.8322639465332,567,6,,,
00-0038090,Skyy Moore,GB,2026.0,WR,,1.42146635055542,22.74346160888672,6.207363605499268,19.639779806137085,1.2274862378835678,15.657477378845215,30.84368324279785,206.0,False,,,,145.698974609375,36.0,-122.95551300048828,568,6,186.8,-381.2,bust
00-0034521,Allen Lazard,NYJ,2026.0,WR,,1.4042510986328125,22.468017578125,12.314069747924805,16.310982704162598,1.0194364190101624,19.752288818359375,53.37289810180664,207.0,False,,,,145.698974609375,36.0,-123.23095703125,569,6,197.0,-372.0,bust
00-0041496,(unknown 00-0041496),DEN,2026.0,RB,,1.075380043387413,17.206080694198608,2.898717405796051,15.756721991300584,0.9847951244562865,7.705548973083496,32.802513256073,179.0,False,,,,140.47225277127183,24.0,-123.26617207707322,570,6,,,
00-0036387,Jalen Reagor,MIA,2026.0,WR,,1.3955117464065552,22.328187942504883,11.190326690673828,16.73302459716797,1.045814037322998,12.40777587890625,32.672035217285156,208.0,False,,,,145.698974609375,36.0,-123.37078666687012,571,6,239.5,-331.5,bust
00-0041598,(unknown 00-0041598),PIT,2026.0,RB,,1.0659678453207015,17.055485525131225,4.615290632247925,14.747840209007263,0.921740013062954,11.280966792106629,43.26320684432984,180.0,False,,,,140.47225277127183,24.0,-123.41676724614061,572,6,,,
00-0039754,Devin Culp,TB,2026.0,TE,,1.0684024095535278,17.094438552856445,8.623714447021484,12.782581329345703,0.7989113330841064,11.997973442077637,27.385889053344727,109.0,False,,,,140.54624938964844,12.0,-123.45181083679199,573,6,101.0,-472.0,bust
00-0040265,(unknown 00-0040265),CAR,2026.0,WR,,1.3896148204803467,22.233837127685547,12.71373462677002,15.876969814300537,0.9923106133937836,11.909049987792969,41.41081237792969,209.0,False,,,,145.698974609375,36.0,-123.46513748168945,574,6,,,
00-0041042,(unknown 00-0041042),NYG,2026.0,WR,,1.3887377977371216,22.219804763793945,7.603648662567139,18.417980432510376,1.1511237770318985,11.594307899475098,29.192745208740234,210.0,False,,,,145.698974609375,36.0,-123.47916984558105,575,6,,,
00-0040431,Dalen Cambre,NYG,2026.0,WR,,1.386368989944458,22.181903839111328,6.839426517486572,18.762190580368042,1.1726369112730026,9.674020767211914,25.220096588134766,211.0,False,,,,145.698974609375,36.0,-123.51707077026367,576,6,,,
,Kevin Coleman Jr.,MIA,,WR,,,22.146547317504883,,,,,,,True,5.0,177.0,False,145.698974609375,36.0,-123.55242729187012,577,6,118.5,-458.5,bust
00-0036415,Van Jefferson,WAS,2026.0,WR,,1.3831814527511597,22.130903244018555,12.621918678283691,15.819943904876709,0.9887464940547943,20.564868927001953,53.114200592041016,212.0,False,,,,145.698974609375,36.0,-123.56807136535645,578,6,166.14,-411.86,bust
00-0040769,(unknown 00-0040769),DAL,2026.0,WR,,1.3769365549087524,22.03098487854004,6.150021076202393,18.955974340438843,1.1847483962774277,9.729551315307617,30.99592399597168,213.0,False,,,,145.698974609375,36.0,-123.66798973083496,579,6,,,
00-0040184,KeAndre Lambert-Smith,LAC,2026.0,WR,,1.3757712841033936,22.012340545654297,7.439420700073242,18.292630195617676,1.1432893872261047,16.128780364990234,32.68769073486328,214.0,False,,,,145.698974609375,36.0,-123.6866340637207,580,6,136.08,-443.91999999999996,bust
00-0041052,(unknown 00-0041052),SF,2026.0,RB,,1.0465590417385102,16.744944667816164,4.97176233291626,14.259063501358032,0.891191468834877,8.697638678550721,36.615027561187745,181.0,False,,,,140.47225277127183,24.0,-123.72730810345567,581,6,,,
00-0038576,Charlie Jones,NYG,2026.0,WR,,1.365034818649292,21.840557098388672,11.540335655212402,16.07038927078247,1.0043993294239044,16.176959991455078,34.43475341796875,215.0,False,,,,145.698974609375,36.0,-123.85841751098633,582,6,192.5,-389.5,bust
00-0041399,(unknown 00-0041399),LA,2026.0,WR,,1.3575013875961304,21.720022201538086,7.413053035736084,18.013495683670044,1.1258434802293777,10.01518726348877,31.450618743896484,216.0,False,,,,145.698974609375,36.0,-123.97895240783691,583,6,,,
,Skyler Bell,BUF,,WR,,,21.617616079101563,,,,,,,True,4.0,125.0,False,145.698974609375,36.0,-124.08135853027343,584,6,96.79,-487.21,bust
,Max Bredeson,MIN,,TE,,,16.429899215698242,,,,,,,True,5.0,159.0,False,140.54624938964844,12.0,-124.1163501739502,585,6,86.71,-498.29,bust
00-0040528,(unknown 00-0040528),IND,2026.0,TE,,1.0145167112350464,16.232267379760742,6.333081245422363,13.06572675704956,0.8166079223155975,9.465437889099121,22.864667892456055,110.0,False,,,,140.54624938964844,12.0,-124.3139820098877,586,6,,,
00-0041317,(unknown 00-0041317),NE,2026.0,WR,,1.3359332084655762,21.37493133544922,6.85834264755249,17.945760011672974,1.1216100007295609,8.812785148620605,37.263206481933594,217.0,False,,,,145.698974609375,36.0,-124.32404327392578,587,6,,,
00-0041322,(unknown 00-0041322),NE,2026.0,WR,,1.3359332084655762,21.37493133544922,6.85834264755249,17.945760011672974,1.1216100007295609,8.812785148620605,37.263206481933594,218.0,False,,,,145.698974609375,36.0,-124.32404327392578,588,6,,,
,Jack Endries,CIN,,TE,,,16.19862174987793,,,,,,,True,7.0,221.0,False,140.54624938964844,12.0,-124.34762763977051,589,6,63.5,-525.5,bust
00-0036556,Brevin Jordan,HOU,2026.0,TE,,1.0109578371047974,16.175325393676758,2.939286947250366,14.705681920051575,0.9191051200032234,12.77152156829834,27.378387451171875,111.0,False,,,,140.54624938964844,12.0,-124.37092399597168,590,6,80.4,-509.6,bust
00-0040887,(unknown 00-0040887),BAL,2026.0,TE,,1.0011539459228516,16.018463134765625,5.155766010284424,13.440580129623413,0.8400362581014633,8.065826416015625,24.98270034790039,112.0,False,,,,140.54624938964844,12.0,-124.52778625488281,591,6,,,
00-0040879,(unknown 00-0040879),BAL,2026.0,TE,,1.0011539459228516,16.018463134765625,5.155766010284424,13.440580129623413,0.8400362581014633,8.065826416015625,24.98270034790039,113.0,False,,,,140.54624938964844,12.0,-124.52778625488281,592,6,,,
,Kaytron Allen,WAS,,RB,,,15.935579299926758,,,,,,,True,6.0,187.0,False,140.47225277127183,24.0,-124.53667347134507,593,6,62.72,-530.28,bust
00-0040959,(unknown 00-0040959),KC,2026.0,RB,,0.9955806118249894,15.92928978919983,2.812274683713913,14.523152447342872,0.9076970279589295,6.235029430389404,29.894012155532838,182.0,False,,,,140.47225277127183,24.0,-124.542962982072,594,6,,,
00-0033589,David Moore,CAR,2026.0,WR,,1.317656397819519,21.082502365112305,10.517936706542969,15.82353401184082,0.9889708757400513,17.099498748779297,38.52442932128906,219.0,False,,,,145.698974609375,36.0,-124.6164722442627,595,6,198.5,-396.5,bust
00-0040646,Jalen Royals,KC,2026.0,WR,,1.3169413805007935,21.071062088012695,13.332825660705566,14.404649257659912,0.9002905786037445,15.669856071472168,38.40068817138672,220.0,False,,,,145.698974609375,36.0,-124.6279125213623,596,6,108.38,-487.62,bust
00-0039397,(unknown 00-0039397),NE,2026.0,WR,,1.3118979930877686,20.990367889404297,6.743129730224609,17.618803024291992,1.1011751890182495,8.44960880279541,34.330039978027344,221.0,False,,,,145.698974609375,36.0,-124.7086067199707,597,6,,,
00-0038678,Jordan Mims,PHI,2026.0,RB,,0.983495002091543,15.735920033464687,3.6520018731201453,13.909919096904614,0.8693699435565384,13.866438423015744,34.740326911905385,183.0,False,,,,140.47225277127183,24.0,-124.73633273780715,598,6,,,
00-0040498,(unknown 00-0040498),MIN,2026.0,WR,,1.3100007772445679,20.960012435913086,8.088323593139648,16.91585063934326,1.0572406649589539,6.2101287841796875,31.695079803466797,222.0,False,,,,145.698974609375,36.0,-124.73896217346191,599,6,,,
00-0041490,(unknown 00-0041490),PIT,2026.0,RB,,0.9809403571486474,15.695045714378358,2.5681154906749724,14.410987969040871,0.9006867480650544,9.991539306640625,37.74565658569336,184.0,False,,,,140.47225277127183,24.0,-124.77720705689347,600,6,,,
00-0041319,(unknown 00-0041319),NE,2026.0,WR,,1.3075708150863647,20.921133041381836,6.743129730224609,17.54956817626953,1.0968480110168457,9.7965087890625,35.33631134033203,224.0,False,,,,145.698974609375,36.0,-124.77784156799316,601,6,,,
00-0041318,(unknown 00-0041318),NE,2026.0,WR,,1.3075708150863647,20.921133041381836,6.743129730224609,17.54956817626953,1.0968480110168457,9.7965087890625,35.33631134033203,223.0,False,,,,145.698974609375,36.0,-124.77784156799316,602,6,,,
00-0040964,(unknown 00-0040964),KC,2026.0,RB,,0.9798890879750252,15.678225407600403,5.007948386669159,13.174251214265823,0.8233907008916139,7.384456281661987,33.80024610519409,186.0,False,,,,140.47225277127183,24.0,-124.79402736367142,603,6,,,
00-0041013,(unknown 00-0041013),KC,2026.0,RB,,0.9798890879750252,15.678225407600403,5.007948386669159,13.174251214265823,0.8233907008916139,7.384456281661987,33.80024610519409,185.0,False,,,,140.47225277127183,24.0,-124.79402736367142,604,6,,,
00-0039824,Jared Wiley,KC,2026.0,TE,,0.9775814414024353,15.641303062438965,4.915863513946533,13.183371305465698,0.8239607065916061,7.9654645919799805,20.310108184814453,114.0,False,,,,140.54624938964844,12.0,-124.90494632720947,605,6,296.0,-309.0,bust
00-0039796,Rasheen Ali,BAL,2026.0,RB,,0.9683252314665316,15.493203703464506,7.555580564184926,11.715413421372043,0.7322133388357527,17.62386195452388,50.18061926657006,187.0,False,,,,140.47225277127183,24.0,-124.97904906780732,606,6,279.0,-327.0,bust
00-0033943,Josh Reynolds,NYJ,2026.0,WR,,1.2924033403396606,20.67845344543457,12.42204761505127,14.467429637908936,0.9042143523693085,22.864492416381836,58.299232482910156,225.0,False,,,,145.698974609375,36.0,-125.02052116394043,607,6,173.5,-433.5,bust
00-0032918,(unknown 00-0032918),MIN,2026.0,RB,,0.9635094702243805,15.416151523590088,3.6907557249069214,13.570773661136627,0.8481733538210392,10.78441071510315,40.61279296875,188.0,False,,,,140.47225277127183,24.0,-125.05610124768174,608,6,,,
,Adam Randall,BAL,,RB,,,15.255887031555176,,,,,,,True,5.0,174.0,False,140.47225277127183,24.0,-125.21636573971665,609,6,77.78,-531.22,bust
00-0038409,Lew Nichols III,PIT,2026.0,RB,,0.9497648805057571,15.196238088092114,2.9473768791003563,13.722549648541936,0.857659353033871,9.652886014536259,40.77995008992138,189.0,False,,,,140.47225277127183,24.0,-125.27601468317971,610,6,196.5,-413.5,bust
00-0041217,(unknown 00-0041217),JAX,2026.0,RB,,0.9492784497141838,15.188455195426942,3.556905138492584,13.410002626180649,0.8381251641362906,7.941953706741333,30.680848760604857,190.0,False,,,,140.47225277127183,24.0,-125.28379757584489,611,6,,,
00-0038389,Israel Abanikanda,DAL,2026.0,RB,,0.9460620051622392,15.136992082595826,4.172886691093445,13.050548737049104,0.815659296065569,9.17691282272339,48.90726779937744,191.0,False,,,,140.47225277127183,24.0,-125.335260688676,612,6,150.0,-462.0,bust
00-0034798,Durham Smythe,BAL,2026.0,TE,,0.9479464888572693,15.167143821716309,5.126445293426514,12.603921175003052,0.7877450734376907,12.421961784362793,26.271312713623047,115.0,False,,,,140.54624938964844,12.0,-125.37910556793213,613,6,313.0,-300.0,bust
00-0039364,Sione Vaki,DET,2026.0,RB,,0.9321231468747038,14.91397034999526,8.252900597593866,10.787520051198328,0.6742200031998955,12.069403991033408,30.099164868027763,192.0,False,,,,140.47225277127183,24.0,-125.55828242127657,614,6,,,
00-0037292,Andrew Ogletree,IND,2026.0,TE,,0.9357823729515076,14.972517967224121,7.0257697105407715,11.459633111953735,0.7162270694971085,11.641845703125,22.828081130981445,116.0,False,,,,140.54624938964844,12.0,-125.57373142242432,615,6,,,
00-0040405,(unknown 00-0040405),NYJ,2026.0,WR,,1.2525500059127808,20.040800094604492,9.43036937713623,15.325615406036377,0.9578509628772736,8.031100273132324,35.5644645690918,226.0,False,,,,145.698974609375,36.0,-125.65817451477051,616,6,,,
00-0040934,(unknown 00-0040934),DAL,2026.0,WR,,1.249184489250183,19.98695182800293,7.659700870513916,16.15710139274597,1.0098188370466232,10.15249252319336,30.835681915283203,228.0,False,,,,145.698974609375,36.0,-125.71202278137207,617,6,,,
00-0040900,(unknown 00-0040900),DAL,2026.0,WR,,1.249184489250183,19.98695182800293,7.659700870513916,16.15710139274597,1.0098188370466232,10.15249252319336,30.835681915283203,229.0,False,,,,145.698974609375,36.0,-125.71202278137207,618,6,,,
00-0040930,(unknown 00-0040930),DAL,2026.0,WR,,1.249184489250183,19.98695182800293,7.659700870513916,16.15710139274597,1.0098188370466232,10.15249252319336,30.835681915283203,227.0,False,,,,145.698974609375,36.0,-125.71202278137207,619,6,,,
00-0035602,Alex Bachman,LA,2026.0,WR,,1.228113055229187,19.649808883666992,9.822425842285156,14.738595962524414,0.9211622476577759,2.8681793212890625,41.605979919433594,230.0,False,,,,145.698974609375,36.0,-126.04916572570801,620,6,,,
00-0040476,Ulysses Bentley IV,IND,2026.0,RB,,0.900188513705373,14.403016219285968,2.7951441220287423,13.005444158271597,0.8128402598919748,7.7619922789541675,32.883025472172314,193.0,False,,,,140.47225277127183,24.0,-126.06923655198585,621,6,,,
,Colbie Young,CIN,,WR,,,19.568015859375002,,,,,,,True,4.0,140.0,False,145.698974609375,36.0,-126.13095874999999,622,6,148.0,-474.0,bust
00-0039236,Johnny Wilson,PHI,2026.0,WR,,1.2191776037216187,19.5068416595459,9.590012550354004,14.711835384368896,0.919489711523056,10.89883804321289,30.886463165283203,231.0,False,,,,145.698974609375,36.0,-126.1921329498291,623,6,197.33,-425.66999999999996,bust
00-0037509,Sincere McCormick,SF,2026.0,RB,,0.8830212039987491,14.128339263979985,3.546028589146501,12.355324969406736,0.772207810587921,9.345020556335658,36.77192989931622,194.0,False,,,,140.47225277127183,24.0,-126.34391350729184,624,6,124.25,-499.75,bust
00-0037085,Tyler Badie,DEN,2026.0,RB,,0.8803148199869786,14.085037119791657,14.367177169931661,6.901448534825826,0.4313405334266141,9.07723100937694,38.589339566997765,195.0,False,,,,140.47225277127183,24.0,-126.38721565148018,625,6,109.0,-516.0,bust
00-0041376,(unknown 00-0041376),LAC,2026.0,RB,,0.8776335006952286,14.042136011123658,3.9256274521350862,12.079322285056113,0.7549576428160071,7.276075091361999,33.68832075119018,196.0,False,,,,140.47225277127183,24.0,-126.43011676014817,626,6,,,
00-0033537,Deshaun Watson,CLE,2026.0,QB,11.215577,12.13755989074707,136.12974548339844,0.5028547048568726,135.87831813097,8.492394883185625,97.06031799316406,151.46762084960938,30.0,False,,,,262.61468505859375,12.0,-126.48493957519531,627,3,33.79,-593.21,bust
00-0041397,(unknown 00-0041397),PIT,2026.0,WR,,1.1995514631271362,19.19282341003418,8.5899019241333,14.89787244796753,0.9311170279979706,11.373133659362793,41.25737762451172,232.0,False,,,,145.698974609375,36.0,-126.50615119934082,628,6,,,
00-0040570,(unknown 00-0040570),NE,2026.0,WR,,1.1943179368972778,19.109086990356445,6.03424072265625,16.09196662902832,1.00574791431427,9.880766868591309,36.30915451049805,233.0,False,,,,145.698974609375,36.0,-126.58988761901855,629,6,,,
00-0033376,Patrick Ricard,NYG,2026.0,RB,,0.8675579058618109,13.880926493788975,7.546782890687979,10.107535048444985,0.6317209405278116,10.80648730183366,44.84494488467427,197.0,False,,,,140.47225277127183,24.0,-126.59132627748285,630,6,,,
00-0040363,Keleki Latu,BUF,2026.0,TE,,0.8686249256134033,13.897998809814453,5.012723922729492,11.391636848449707,0.7119773030281067,11.422220230102539,30.321897506713867,117.0,False,,,,140.54624938964844,12.0,-126.64825057983398,631,6,,,
00-0040046,(unknown 00-0040046),ARI,2026.0,TE,,0.8653401732444763,13.845442771911621,5.700092792510986,10.995396375656128,0.687212273478508,6.83040189743042,21.05777931213379,118.0,False,,,,140.54624938964844,12.0,-126.70080661773682,632,6,,,
00-0041246,(unknown 00-0041246),CIN,2026.0,TE,,0.8641985654830933,13.827177047729492,5.687851428985596,10.983251333236694,0.6864532083272934,6.5454936027526855,19.06250762939453,119.0,False,,,,140.54624938964844,12.0,-126.71907234191895,633,6,,,
00-0038896,Jacob Saylors,DET,2026.0,RB,,0.8572552395083168,13.71608383213307,1.8274010563696352,12.80238330394825,0.8001489564967657,8.777439287637375,28.24851915449577,198.0,False,,,,140.47225277127183,24.0,-126.75616893913876,634,6,,,
00-0041070,(unknown 00-0041070),ARI,2026.0,WR,,1.1770672798156738,18.83307647705078,9.589250564575195,14.038451194763184,0.877403199672699,10.846302032470703,33.30723190307617,234.0,False,,,,145.698974609375,36.0,-126.86589813232422,635,6,,,
00-0041368,(unknown 00-0041368),ARI,2026.0,WR,,1.1770672798156738,18.83307647705078,9.589250564575195,14.038451194763184,0.877403199672699,10.846302032470703,33.30723190307617,235.0,False,,,,145.698974609375,36.0,-126.86589813232422,636,6,,,
00-0041191,(unknown 00-0041191),ATL,2026.0,RB,,0.8503398817777633,13.605438108444213,2.319718009233475,12.445579103827477,0.7778486939892173,6.144202051162719,27.23802062034607,199.0,False,,,,140.47225277127183,24.0,-126.86681466282761,637,6,,,
00-0029263,Russell Wilson,NYG,2026.0,QB,11.68565,11.603312492370605,135.59225463867188,0.0,135.59225463867188,8.474515914916992,96.68344116210938,156.07479858398438,31.0,False,,,,262.61468505859375,12.0,-127.02243041992188,638,3,53.0,-585.0,bust
00-0041415,(unknown 00-0041415),LA,2026.0,RB,,0.838039747774601,13.408635964393616,1.8529335016012192,12.482169213593005,0.7801355758495628,4.4145348715782164,29.285911474227905,200.0,False,,,,140.47225277127183,24.0,-127.06361680687822,639,6,,,
00-0040601,(unknown 00-0040601),LA,2026.0,RB,,0.838039747774601,13.408635964393616,1.8529335016012192,12.482169213593005,0.7801355758495628,4.4145348715782164,29.285911474227905,201.0,False,,,,140.47225277127183,24.0,-127.06361680687822,640,6,,,
,Carsen Ryan,CLE,,TE,,,13.447206497192383,,,,,,,True,7.0,248.0,False,140.54624938964844,12.0,-127.09904289245605,641,6,79.75,-561.25,bust
00-0039365,Jacob Cowing,SF,2026.0,WR,,1.1597862243652344,18.55657958984375,5.902919769287109,15.605119705200195,0.9753199815750122,11.676475524902344,26.794902801513672,236.0,False,,,,145.698974609375,36.0,-127.14239501953125,642,6,165.8,-476.2,bust
00-0041152,(unknown 00-0041152),NYG,2026.0,WR,,1.1503913402557373,18.406261444091797,7.47930383682251,14.666609525680542,0.9166630953550339,7.571770668029785,28.153966903686523,237.0,False,,,,145.698974609375,36.0,-127.2927131652832,643,6,,,
00-0040240,(unknown 00-0040240),DEN,2026.0,TE,,0.8260928988456726,13.217486381530762,4.40291166305542,11.016030550003052,0.6885019093751907,6.82966947555542,17.584701538085938,120.0,False,,,,140.54624938964844,12.0,-127.32876300811768,644,6,,,
00-0040878,(unknown 00-0040878),LV,2026.0,RB,,0.8214022833108902,13.142436532974243,4.748039252758026,10.76841690659523,0.6730260566622018,6.19486319065094,41.43031150817871,202.0,False,,,,140.47225277127183,24.0,-127.32981623829758,645,6,,,
00-0040075,LaJohntay Wester,BAL,2026.0,WR,,1.1448040008544922,18.316864013671875,5.202595233917236,15.715566396713257,0.9822228997945786,7.881168842315674,33.543540954589844,238.0,False,,,,145.698974609375,36.0,-127.38211059570312,646,6,,,
00-0038941,Tyler Scott,LA,2026.0,WR,,1.1440190076828003,18.304304122924805,5.350189208984375,15.629209518432617,0.9768255949020386,9.671464920043945,26.31815528869629,239.0,False,,,,145.698974609375,36.0,-127.3946704864502,647,6,202.67,-444.33000000000004,bust
00-0041161,(unknown 00-0041161),MIA,2026.0,RB,,0.8154205581545829,13.046728930473327,5.268903214931488,10.412277323007583,0.6507673326879739,5.502849333286285,40.244672508239745,203.0,False,,,,140.47225277127183,24.0,-127.4255238407985,648,6,,,
00-0041165,(unknown 00-0041165),MIA,2026.0,RB,,0.8154205581545829,13.046728930473327,5.268903214931488,10.412277323007583,0.6507673326879739,5.502849333286285,40.244672508239745,204.0,False,,,,140.47225277127183,24.0,-127.4255238407985,649,6,,,
00-0038740,Jalen Moreno-Cropper,NO,2026.0,WR,,1.1388334035873413,18.22133445739746,7.33264684677124,14.55501103401184,0.90968818962574,8.692973136901855,19.232065200805664,240.0,False,,,,145.698974609375,36.0,-127.47764015197754,650,6,,,
00-0035876,Andre Baccellia,ARI,2026.0,WR,,1.1311975717544556,18.09916114807129,5.74003267288208,15.229144811630249,0.9518215507268906,5.851263046264648,32.1999626159668,241.0,False,,,,145.698974609375,36.0,-127.59981346130371,651,6,,,
,Josh Cuevas,BAL,,TE,,,12.922696113586426,,,,,,,True,5.0,173.0,False,140.54624938964844,12.0,-127.62355327606201,652,6,69.0,-583.0,bust
00-0040566,(unknown 00-0040566),TB,2026.0,TE,,0.8020575642585754,12.832921028137207,3.7358450889587402,10.964998483657837,0.6853124052286148,8.59965991973877,17.57565689086914,121.0,False,,,,140.54624938964844,12.0,-127.71332836151123,653,6,,,
00-0040509,Ben Yurosek,MIN,2026.0,TE,,0.8003543615341187,12.805669784545898,3.9621059894561768,10.82461678981781,0.6765385493636131,7.400134563446045,25.694141387939453,122.0,False,,,,140.54624938964844,12.0,-127.74057960510254,654,6,,,
00-0034073,Ross Dwelley,DET,2026.0,TE,,0.8002676367759705,12.804282188415527,6.170101642608643,9.719231367111206,0.6074519604444504,10.809033393859863,27.58350944519043,123.0,False,,,,140.54624938964844,12.0,-127.74196720123291,655,6,,,
00-0040785,(unknown 00-0040785),CIN,2026.0,WR,,1.1216131448745728,17.945810317993164,8.28639030456543,13.80261516571045,0.8626634478569031,11.15268325805664,32.67532730102539,242.0,False,,,,145.698974609375,36.0,-127.75316429138184,656,6,,,
00-0041248,(unknown 00-0041248),CIN,2026.0,WR,,1.1216131448745728,17.945810317993164,8.28639030456543,13.80261516571045,0.8626634478569031,11.15268325805664,32.67532730102539,243.0,False,,,,145.698974609375,36.0,-127.75316429138184,657,6,,,
00-0041069,(unknown 00-0041069),CIN,2026.0,WR,,1.1216131448745728,17.945810317993164,8.28639030456543,13.80261516571045,0.8626634478569031,11.15268325805664,32.67532730102539,244.0,False,,,,145.698974609375,36.0,-127.75316429138184,658,6,,,
00-0039473,(unknown 00-0039473),CIN,2026.0,WR,,1.115043044090271,17.840688705444336,8.18341064453125,13.748983383178711,0.8593114614486694,8.652300834655762,30.561477661132812,245.0,False,,,,145.698974609375,36.0,-127.85828590393066,659,6,,,
00-0040260,(unknown 00-0040260),CAR,2026.0,RB,,0.7883551162481308,12.613681859970093,3.337240283489227,10.94506171822548,0.6840663573890925,9.410434274673461,33.45797504425049,205.0,False,,,,140.47225277127183,24.0,-127.85857091130174,660,6,,,
00-0039305,Jack Westover,WAS,2026.0,TE,,0.79063880443573,12.65022087097168,3.1295127868652344,11.085464477539062,0.6928415298461914,8.50714111328125,19.244291305541992,124.0,False,,,,140.54624938964844,12.0,-127.89602851867676,661,6,,,
,Malik Benson,LV,,WR,,,17.796300888061523,,,,,,,True,6.0,195.0,False,145.698974609375,36.0,-127.90267372131348,662,6,119.8,-542.2,bust
00-0038622,Deuce Vaughn,HOU,2026.0,RB,,0.7827959996461868,12.52473599433899,3.1159558868408204,10.96675805091858,0.6854223781824113,7.130898590087891,31.773926773071288,206.0,False,,,,140.47225277127183,24.0,-127.94751677693284,663,6,152.67,-510.33000000000004,bust
00-0037317,Nick Muse,ATL,2026.0,TE,,0.770728588104248,12.331657409667969,3.0042691230773926,10.829522848129272,0.6768451780080795,9.518978118896484,21.035789489746094,125.0,False,,,,140.54624938964844,12.0,-128.21459197998047,664,6,,,
00-0040081,(unknown 00-0040081),KC,2026.0,TE,,0.7658639550209045,12.253823280334473,3.7412209510803223,10.383212804794312,0.6489508002996445,7.124861240386963,18.851131439208984,126.0,False,,,,140.54624938964844,12.0,-128.29242610931396,665,6,,,
00-0031595,(unknown 00-0031595),CLE,2026.0,RB,,0.7610738575458527,12.177181720733643,3.2136690616607666,10.57034718990326,0.6606466993689537,8.625606536865234,39.19299602508545,207.0,False,,,,140.47225277127183,24.0,-128.29507105053818,666,6,,,
00-0038752,Jake Bobo,SEA,2026.0,WR,,1.0849010944366455,17.358417510986328,8.6343994140625,13.041217803955078,0.8150761127471924,10.04153060913086,42.14342498779297,246.0,False,,,,145.698974609375,36.0,-128.34055709838867,667,6,159.0,-508.0,bust
00-0041475,(unknown 00-0041475),MIN,2026.0,WR,,1.0833051204681396,17.332881927490234,7.7277374267578125,13.469013214111328,0.841813325881958,6.403151512145996,32.51264953613281,247.0,False,,,,145.698974609375,36.0,-128.36609268188477,668,6,,,
00-0040970,(unknown 00-0040970),MIN,2026.0,WR,,1.0833051204681396,17.332881927490234,7.7277374267578125,13.469013214111328,0.841813325881958,6.403151512145996,32.51264953613281,248.0,False,,,,145.698974609375,36.0,-128.36609268188477,669,6,,,
00-0041342,(unknown 00-0041342),MIN,2026.0,WR,,1.0833051204681396,17.332881927490234,7.7277374267578125,13.469013214111328,0.841813325881958,6.403151512145996,32.51264953613281,249.0,False,,,,145.698974609375,36.0,-128.36609268188477,670,6,,,
00-0038145,(unknown 00-0038145),KC,2026.0,TE,,0.7607324123382568,12.17171859741211,3.973163366317749,10.185136914253235,0.6365710571408272,6.534551620483398,15.312687873840332,127.0,False,,,,140.54624938964844,12.0,-128.37453079223633,671,6,,,
00-0041104,(unknown 00-0041104),MIN,2026.0,RB,,0.7547868323326111,12.076589317321778,2.896615104675293,10.62828176498413,0.6642676103115082,7.430964534282684,35.01848571777344,208.0,False,,,,140.47225277127183,24.0,-128.39566345395005,672,6,,,
00-0040445,(unknown 00-0040445),TEN,2026.0,WR,,1.0782705545425415,17.252328872680664,6.564089775085449,13.97028398513794,0.8731427490711212,4.754408836364746,24.8239803314209,250.0,False,,,,145.698974609375,36.0,-128.44664573669434,673,6,,,
00-0039458,Brenden Bates,CLE,2026.0,TE,,0.7506783604621887,12.01085376739502,2.800743579864502,10.610481977462769,0.663155123591423,7.663647174835205,26.60231590270996,128.0,False,,,,140.54624938964844,12.0,-128.53539562225342,674,6,,,
00-0041570,(unknown 00-0041570),IND,2026.0,TE,,0.7493450045585632,11.989520072937012,5.6008992195129395,9.189070463180542,0.5743169039487839,7.345357894897461,20.469663619995117,129.0,False,,,,140.54624938964844,12.0,-128.55672931671143,675,6,,,
00-0036020,Salvon Ahmed,CHI,2026.0,RB,,0.7427218139742762,11.883549023588419,1.3662027957258285,11.200447625725504,0.700027976607844,7.953268605597129,28.22420070695192,209.0,False,,,,140.47225277127183,24.0,-128.5887037476834,676,6,169.0,-507.0,bust
00-0040598,(unknown 00-0040598),GB,2026.0,TE,,0.7444804310798645,11.911686897277832,2.399503707885742,10.711935043334961,0.6694959402084351,9.034696578979492,20.920787811279297,130.0,False,,,,140.54624938964844,12.0,-128.6345624923706,677,6,,,
,Demond Claiborne,MIN,,RB,,,11.830151557922363,,,,,,,True,6.0,198.0,False,140.47225277127183,24.0,-128.64210121334946,678,6,71.37,-606.63,bust
00-0041352,(unknown 00-0041352),MIN,2026.0,WR,,1.065905213356018,17.05448341369629,8.34557056427002,12.88169813156128,0.80510613322258,6.042201995849609,31.370885848999023,251.0,False,,,,145.698974609375,36.0,-128.6444911956787,679,6,,,
00-0041481,(unknown 00-0041481),MIN,2026.0,WR,,1.065905213356018,17.05448341369629,8.34557056427002,12.88169813156128,0.80510613322258,6.042201995849609,31.370885848999023,252.0,False,,,,145.698974609375,36.0,-128.6444911956787,680,6,,,
00-0040998,(unknown 00-0040998),LV,2026.0,RB,,0.7363739055395127,11.781982488632202,2.700864585638046,10.431550195813179,0.6519718872383237,4.376696298122406,35.29644304275513,210.0,False,,,,140.47225277127183,24.0,-128.69027028263963,681,6,,,
00-0040753,(unknown 00-0040753),MIA,2026.0,WR,,1.0606539249420166,16.970462799072266,7.948614120483398,12.996155738830566,0.8122597336769104,4.3631591796875,29.452844619750977,253.0,False,,,,145.698974609375,36.0,-128.72851181030273,682,6,,,
00-0036182,Nick Westbrook-Ikhine,IND,2026.0,WR,,1.0568361282348633,16.909378051757812,8.527000427246094,12.645877838134766,0.7903673648834229,8.671842575073242,51.81673049926758,254.0,False,,,,145.698974609375,36.0,-128.7895965576172,683,6,122.5,-560.5,bust
00-0033591,Noah Brown,WAS,2026.0,WR,,1.052444577217102,16.839113235473633,10.918485641479492,11.379870414733887,0.7112419009208679,17.945219039916992,41.23931884765625,255.0,False,,,,145.698974609375,36.0,-128.85986137390137,684,6,166.5,-517.5,bust
00-0041252,(unknown 00-0041252),IND,2026.0,TE,,0.7268850207328796,11.630160331726074,4.741021633148193,9.259649515151978,0.5787280946969986,6.222102165222168,19.804550170898438,132.0,False,,,,140.54624938964844,12.0,-128.91608905792236,685,6,,,
00-0040853,(unknown 00-0040853),IND,2026.0,TE,,0.7268850207328796,11.630160331726074,4.741021633148193,9.259649515151978,0.5787280946969986,6.222102165222168,19.804550170898438,131.0,False,,,,140.54624938964844,12.0,-128.91608905792236,686,6,,,
00-0039816,Anthony Gould,IND,2026.0,WR,,1.0463498830795288,16.74159812927246,7.255313873291016,13.113941192626953,0.8196213245391846,12.942252159118652,29.090578079223633,256.0,False,,,,145.698974609375,36.0,-128.95737648010254,687,6,,,
00-0039722,(unknown 00-0039722),LAC,2026.0,WR,,1.0408782958984375,16.654052734375,4.417716026306152,14.445194721221924,0.9028246700763702,8.336322784423828,22.506065368652344,257.0,False,,,,145.698974609375,36.0,-129.044921875,688,6,,,
00-0040154,Tai Felton,MIN,2026.0,WR,,1.0398409366607666,16.637454986572266,3.9503605365753174,14.662274718284607,0.9163921698927879,0.0,33.39662170410156,258.0,False,,,,145.698974609375,36.0,-129.06151962280273,689,6,122.25,-566.75,bust
00-0040323,(unknown 00-0040323),JAX,2026.0,WR,,1.0370218753814697,16.592350006103516,3.825227975845337,14.679736018180847,0.917483501136303,8.149788856506348,26.474197387695312,259.0,False,,,,145.698974609375,36.0,-129.10662460327148,690,6,,,
00-0034367,Nyheim Hines,NO,2026.0,RB,,0.7092899175297309,11.348638680475695,3.2741923835178013,9.711542488716793,0.6069714055447996,3.3613839747267664,28.891512934445196,211.0,False,,,,140.47225277127183,24.0,-129.12361409079614,691,6,,,
00-0040792,(unknown 00-0040792),HOU,2026.0,TE,,0.7099267244338989,11.358827590942383,3.4903411865234375,9.613656997680664,0.6008535623550415,6.484625339508057,17.289865493774414,133.0,False,,,,140.54624938964844,12.0,-129.18742179870605,692,6,,,
00-0041535,(unknown 00-0041535),HOU,2026.0,TE,,0.7099267244338989,11.358827590942383,3.4903411865234375,9.613656997680664,0.6008535623550415,6.484625339508057,17.289865493774414,134.0,False,,,,140.54624938964844,12.0,-129.18742179870605,693,6,,,
00-0040438,(unknown 00-0040438),ATL,2026.0,WR,,1.0311232805252075,16.49797248840332,5.835418224334717,13.580263376235962,0.8487664610147476,8.895467758178711,29.458309173583984,260.0,False,,,,145.698974609375,36.0,-129.20100212097168,694,6,,,
00-0041550,(unknown 00-0041550),LAC,2026.0,WR,,1.021079659461975,16.3372745513916,4.383539199829102,14.14550495147705,0.8840940594673157,9.900125503540039,23.66661262512207,261.0,False,,,,145.698974609375,36.0,-129.3617000579834,695,6,,,
00-0040488,Carter Runyon,LV,2026.0,TE,,0.6937940716743469,11.10070514678955,2.646974802017212,9.777217745780945,0.611076109111309,5.934650421142578,25.804798126220703,135.0,False,,,,140.54624938964844,12.0,-129.4455442428589,696,6,,,
00-0033572,Jamal Agnew,ATL,2026.0,WR,,1.013292670249939,16.212682723999023,3.5281195640563965,14.448622941970825,0.9030389338731766,3.696876049041748,21.390209197998047,262.0,False,,,,145.698974609375,36.0,-129.48629188537598,697,6,,,
00-0037422,Kendric Pryor,CIN,2026.0,WR,,1.0112724304199219,16.18035888671875,7.123593330383301,12.6185622215271,0.7886601388454437,7.478351593017578,27.555301666259766,263.0,False,,,,145.698974609375,36.0,-129.51861572265625,698,6,,,
00-0041485,(unknown 00-0041485),CAR,2026.0,RB,,0.6823210796713829,10.917137274742126,4.887551674842834,8.47336143732071,0.5295850898325444,7.0345984554290775,31.10454475402832,212.0,False,,,,140.47225277127183,24.0,-129.5551154965297,699,6,,,
00-0039521,Xavier Weaver,ARI,2026.0,WR,,1.0065981149673462,16.10556983947754,9.594218254089355,11.308460712432861,0.7067787945270538,18.07672119140625,38.879302978515625,264.0,False,,,,145.698974609375,36.0,-129.59340476989746,700,6,,,
00-0039710,Jeshaun Jones,MIN,2026.0,WR,,1.0007365942001343,16.01178550720215,7.715739727020264,12.153915643692017,0.759619727730751,7.029239177703857,32.10857391357422,265.0,False,,,,145.698974609375,36.0,-129.68718910217285,701,6,,,
00-0040215,(unknown 00-0040215),MIN,2026.0,TE,,0.6781468987464905,10.850350379943848,2.6070950031280518,9.546802878379822,0.5966751798987389,6.059415817260742,31.133729934692383,136.0,False,,,,140.54624938964844,12.0,-129.6958990097046,702,6,,,
00-0040275,(unknown 00-0040275),CHI,2026.0,WR,,0.9953010678291321,15.924817085266113,3.8480522632598877,14.00079095363617,0.8750494346022606,7.547338485717773,30.9200382232666,266.0,False,,,,145.698974609375,36.0,-129.7741575241089,703,6,,,
00-0036862,Ben Skowronek,PIT,2026.0,WR,,0.9922068119049072,15.875308990478516,8.620922088623047,11.564847946166992,0.722802996635437,8.806660652160645,28.907127380371094,267.0,False,,,,145.698974609375,36.0,-129.82366561889648,704,6,206.67,-497.33000000000004,bust
00-0035589,(unknown 00-0035589),LAC,2026.0,WR,,0.9919052124023438,15.8704833984375,4.2534098625183105,13.743778467178345,0.8589861541986465,8.898432731628418,24.076435089111328,268.0,False,,,,145.698974609375,36.0,-129.8284912109375,705,6,,,
00-0041094,(unknown 00-0041094),TB,2026.0,TE,,0.6688182950019836,10.701092720031738,2.4673588275909424,9.467413306236267,0.5917133316397667,6.1073174476623535,15.377819061279297,137.0,False,,,,140.54624938964844,12.0,-129.8451566696167,706,6,,,
00-0037311,Ko Kieft,TB,2026.0,TE,,0.6674618124961853,10.679388999938965,3.2248542308807373,9.066961884498596,0.5666851177811623,7.961447715759277,17.087385177612305,138.0,False,,,,140.54624938964844,12.0,-129.86686038970947,707,6,,,
00-0041195,(unknown 00-0041195),ATL,2026.0,TE,,0.6664082407951355,10.662531852722168,3.537144184112549,8.893959760665894,0.5558724850416183,6.82660436630249,18.185348510742188,139.0,False,,,,140.54624938964844,12.0,-129.88371753692627,708,6,,,
00-0041452,(unknown 00-0041452),LAC,2026.0,TE,,0.6594374179840088,10.55099868774414,2.7735788822174072,9.164209246635437,0.5727630779147148,6.786321640014648,17.415998458862305,140.0,False,,,,140.54624938964844,12.0,-129.9952507019043,709,6,,,
00-0041547,(unknown 00-0041547),CLE,2026.0,WR,,0.9808740019798279,15.693984031677246,6.250621795654297,12.568673133850098,0.7855420708656311,2.790985345840454,30.08444595336914,269.0,False,,,,145.698974609375,36.0,-130.00499057769775,710,6,,,
00-0041327,(unknown 00-0041327),NO,2026.0,TE,,0.6509141325950623,10.414626121520996,3.106858015060425,8.861197113990784,0.553824819624424,4.99889612197876,16.823497772216797,141.0,False,,,,140.54624938964844,12.0,-130.13162326812744,711,6,,,
00-0035039,Stephen Carlson,CHI,2026.0,TE,,0.6455653309822083,10.329045295715332,3.718873977661133,8.469608306884766,0.5293505191802979,5.902247905731201,14.69754695892334,142.0,False,,,,140.54624938964844,12.0,-130.2172040939331,712,6,,,
00-0037031,Nikola Kalinic,CHI,2026.0,TE,,0.6455653309822083,10.329045295715332,3.718873977661133,8.469608306884766,0.5293505191802979,5.911332130432129,14.69754695892334,143.0,False,,,,140.54624938964844,12.0,-130.2172040939331,713,6,,,
00-0040617,(unknown 00-0040617),CLE,2026.0,WR,,0.9668532609939575,15.46965217590332,4.977441787719727,12.980931282043457,0.8113082051277161,3.5818188190460205,29.394901275634766,270.0,False,,,,145.698974609375,36.0,-130.22932243347168,714,6,,,
00-0041116,(unknown 00-0041116),CIN,2026.0,TE,,0.6418638825416565,10.269822120666504,4.82797384262085,7.855835199356079,0.49098969995975494,6.317127227783203,19.328109741210938,144.0,False,,,,140.54624938964844,12.0,-130.27642726898193,715,6,,,
00-0033757,Robert Tonyan,PIT,2026.0,TE,,0.6395144462585449,10.232231140136719,4.291531562805176,8.08646535873413,0.5054040849208832,6.306487083435059,16.79571533203125,145.0,False,,,,140.54624938964844,12.0,-130.31401824951172,716,6,,,
00-0039686,Colson Yankoff,WAS,2026.0,TE,,0.6332632303237915,10.132211685180664,3.313157320022583,8.475633025169373,0.5297270640730858,9.93649959564209,20.73084259033203,146.0,False,,,,140.54624938964844,12.0,-130.41403770446777,717,6,,,
00-0041472,(unknown 00-0041472),HOU,2026.0,TE,,0.6272997856140137,10.036796569824219,2.630462169647217,8.72156548500061,0.5450978428125381,6.087583065032959,15.139725685119629,147.0,False,,,,140.54624938964844,12.0,-130.50945281982422,718,6,,,
00-0041044,(unknown 00-0041044),ATL,2026.0,WR,,0.945707380771637,15.131318092346191,6.000491142272949,12.131072521209717,0.7581920325756073,9.3251953125,28.0748291015625,271.0,False,,,,145.698974609375,36.0,-130.5676565170288,719,6,,,
00-0041185,(unknown 00-0041185),ATL,2026.0,WR,,0.945707380771637,15.131318092346191,6.000491142272949,12.131072521209717,0.7581920325756073,9.3251953125,28.0748291015625,272.0,False,,,,145.698974609375,36.0,-130.5676565170288,720,6,,,
00-0040225,Thomas Fidone II,NYG,2026.0,TE,,0.6231042146682739,9.969667434692383,2.3766849040985107,8.781324982643127,0.5488328114151955,8.192347526550293,17.395965576171875,148.0,False,,,,140.54624938964844,12.0,-130.57658195495605,721,6,64.5,-656.5,bust
00-0036332,Josiah Deguara,ARI,2026.0,TE,,0.6115845441818237,9.78535270690918,4.4963250160217285,7.537190198898315,0.4710743874311447,8.007529258728027,17.624757766723633,149.0,False,,,,140.54624938964844,12.0,-130.76089668273926,722,6,,,
00-0039550,(unknown 00-0039550),ARI,2026.0,TE,,0.6086952686309814,9.739124298095703,2.98629093170166,8.245978832244873,0.5153736770153046,6.011302471160889,16.20146369934082,151.0,False,,,,140.54624938964844,12.0,-130.80712509155273,723,6,,,
00-0041366,(unknown 00-0041366),ARI,2026.0,TE,,0.6086952686309814,9.739124298095703,3.0437474250793457,8.21725058555603,0.5135781615972519,6.26226806640625,14.998404502868652,150.0,False,,,,140.54624938964844,12.0,-130.80712509155273,724,6,,,
00-0035594,Travis Homer,PIT,2026.0,RB,,0.6039721989313436,9.663555182901497,5.232885341993511,7.047112511904741,0.4404445319940463,8.86309672480328,33.11765422097793,213.0,False,,,,140.47225277127183,24.0,-130.80869758837034,725,6,179.0,-546.0,bust
00-0038519,Nikko Remigio,KC,2026.0,WR,,0.9283198118209839,14.853116989135742,2.938715696334839,13.383759140968323,0.8364849463105202,13.570874214172363,32.46583938598633,273.0,False,,,,145.698974609375,36.0,-130.84585762023926,726,6,,,
00-0040049,(unknown 00-0040049),HOU,2026.0,WR,,0.9254202842712402,14.806724548339844,6.841300964355469,11.38607406616211,0.7116296291351318,10.325719833374023,30.087587356567383,274.0,False,,,,145.698974609375,36.0,-130.89225006103516,727,6,,,
00-0039652,(unknown 00-0039652),DET,2026.0,RB,,0.5869641917943954,9.391427068710327,1.4316729724407196,8.675590582489967,0.5422244114056229,5.2155537414550786,28.81592420578003,214.0,False,,,,140.47225277127183,24.0,-131.0808257025615,728,6,,,
00-0041503,(unknown 00-0041503),JAX,2026.0,TE,,0.5875910520553589,9.401456832885742,3.266967296600342,7.767973184585571,0.4854983240365982,6.426882743835449,17.689817428588867,152.0,False,,,,140.54624938964844,12.0,-131.1447925567627,729,6,,,
00-0041314,(unknown 00-0041314),NE,2026.0,TE,,0.5855665802955627,9.369065284729004,1.0515058040618896,8.843312382698059,0.5527070239186287,7.19347620010376,16.83749008178711,153.0,False,,,,140.54624938964844,12.0,-131.17718410491943,730,6,,,
00-0036345,K.J. Osborn,TEN,2026.0,WR,,0.9067047238349915,14.507275581359863,10.593437194824219,9.210556983947754,0.5756598114967346,8.685203552246094,22.322118759155273,275.0,False,,,,145.698974609375,36.0,-131.19169902801514,731,6,209.33,-521.67,bust
00-0037410,Jashaun Corbin,DAL,2026.0,RB,,0.5776869389820719,9.24299102371315,1.8666478674188205,8.30966709000374,0.5193541931252338,3.9275352170987947,27.22040140189837,215.0,False,,,,140.47225277127183,24.0,-131.22926174755867,732,6,199.5,-532.5,bust
00-0041384,(unknown 00-0041384),LAC,2026.0,TE,,0.5768104791641235,9.228967666625977,1.9136990308761597,8.272118151187897,0.5170073844492435,5.734072208404541,14.993839263916016,154.0,False,,,,140.54624938964844,12.0,-131.31728172302246,733,6,,,
00-0040331,(unknown 00-0040331),LAC,2026.0,TE,,0.5768104791641235,9.228967666625977,2.0289363861083984,8.214499473571777,0.5134062170982361,6.041821002960205,15.15475845336914,155.0,False,,,,140.54624938964844,12.0,-131.31728172302246,734,6,,,
00-0041216,(unknown 00-0041216),JAX,2026.0,WR,,0.8948086500167847,14.316938400268555,4.15103006362915,12.24142336845398,0.7650889605283737,8.721328735351562,26.271236419677734,279.0,False,,,,145.698974609375,36.0,-131.38203620910645,735,6,,,
00-0041220,(unknown 00-0041220),JAX,2026.0,WR,,0.8948086500167847,14.316938400268555,4.15103006362915,12.24142336845398,0.7650889605283737,8.721328735351562,26.271236419677734,278.0,False,,,,145.698974609375,36.0,-131.38203620910645,736,6,,,
00-0041100,(unknown 00-0041100),JAX,2026.0,WR,,0.8948086500167847,14.316938400268555,4.15103006362915,12.24142336845398,0.7650889605283737,8.721328735351562,26.271236419677734,277.0,False,,,,145.698974609375,36.0,-131.38203620910645,737,6,,,
00-0041106,(unknown 00-0041106),JAX,2026.0,WR,,0.8948086500167847,14.316938400268555,4.15103006362915,12.24142336845398,0.7650889605283737,8.721328735351562,26.271236419677734,276.0,False,,,,145.698974609375,36.0,-131.38203620910645,738,6,,,
00-0041572,(unknown 00-0041572),DET,2026.0,RB,,0.5657784679532051,9.052455487251281,3.3295752668380736,7.3876678538322444,0.4617292408645153,2.8470682179927826,31.117328414916994,216.0,False,,,,140.47225277127183,24.0,-131.41979728402055,739,6,,,
00-0040390,(unknown 00-0040390),DET,2026.0,TE,,0.5681917071342468,9.09106731414795,3.544323205947876,7.318905711174011,0.4574316069483757,6.376108169555664,22.504804611206055,156.0,False,,,,140.54624938964844,12.0,-131.4551820755005,740,6,,,
00-0040955,(unknown 00-0040955),KC,2026.0,TE,,0.5678402185440063,9.085443496704102,2.4181292057037354,7.876378893852234,0.4922736808657646,3.4618289470672607,14.42905330657959,157.0,False,,,,140.54624938964844,12.0,-131.46080589294434,741,6,,,
00-0039884,Tahj Washington,PHI,2026.0,WR,,0.8893252015113831,14.229203224182129,11.110750198364258,8.673828125,0.5421142578125,15.242405891418457,43.0494499206543,280.0,False,,,,145.698974609375,36.0,-131.46977138519287,742,6,203.75,-538.25,bust
00-0038564,Cameron Latu,NE,2026.0,TE,,0.5651042461395264,9.041667938232422,2.2156026363372803,7.933866620063782,0.49586666375398636,6.530572891235352,16.253658294677734,158.0,False,,,,140.54624938964844,12.0,-131.50458145141602,743,6,,,
00-0041483,(unknown 00-0041483),PHI,2026.0,TE,,0.5630701184272766,9.009121894836426,1.5365644693374634,8.240839660167694,0.5150524787604809,5.692729473114014,16.55649185180664,159.0,False,,,,140.54624938964844,12.0,-131.537127494812,744,6,,,
00-0040629,Dalevon Campbell,LAC,2026.0,WR,,0.8827089667320251,14.123343467712402,7.808009147644043,10.21933889389038,0.6387086808681488,3.3811774253845215,27.989002227783203,281.0,False,,,,145.698974609375,36.0,-131.5756311416626,745,6,,,
00-0037078,Cole Turner,MIA,2026.0,TE,,0.5600868463516235,8.961389541625977,1.7156436443328857,8.103567719459534,0.5064729824662209,7.778529167175293,24.064998626708984,160.0,False,,,,140.54624938964844,12.0,-131.58485984802246,746,6,,,
00-0039936,(unknown 00-0039936),GB,2026.0,TE,,0.5597169995307922,8.955471992492676,2.1537139415740967,7.878615021705627,0.4924134388566017,6.877190113067627,17.424087524414062,161.0,False,,,,140.54624938964844,12.0,-131.59077739715576,747,6,,,
00-0041486,(unknown 00-0041486),IND,2026.0,RB,,0.554813088774681,8.877009420394897,0.36673438534140584,8.693642227724194,0.5433526392327621,3.9174998354911805,23.440614795684816,218.0,False,,,,140.47225277127183,24.0,-131.59524335087693,748,6,,,
00-0041277,(unknown 00-0041277),IND,2026.0,RB,,0.554813088774681,8.877009420394897,0.36673438534140584,8.693642227724194,0.5433526392327621,3.9174998354911805,23.440614795684816,217.0,False,,,,140.47225277127183,24.0,-131.59524335087693,749,6,,,
00-0041523,(unknown 00-0041523),MIA,2026.0,WR,,0.8812174797058105,14.099479675292969,7.562605857849121,10.318176746368408,0.6448860466480255,7.331544876098633,28.558807373046875,282.0,False,,,,145.698974609375,36.0,-131.59949493408203,750,6,,,
00-0039263,(unknown 00-0039263),GB,2026.0,TE,,0.5589045286178589,8.942472457885742,2.126310110092163,7.879317402839661,0.4924573376774788,6.883986473083496,18.2847843170166,162.0,False,,,,140.54624938964844,12.0,-131.6037769317627,751,6,,,
00-0036825,Feleipe Franks,CAR,2026.0,TE,,0.5570923686027527,8.913477897644043,3.7832517623901367,7.021852016448975,0.4388657510280609,5.989754676818848,16.810279846191406,163.0,False,,,,140.54624938964844,12.0,-131.6327714920044,752,6,,,
00-0037755,Jelani Woods,NYJ,2026.0,TE,,0.55704265832901,8.91268253326416,4.588929176330566,6.618217945098877,0.4136386215686798,5.145732402801514,20.85413932800293,164.0,False,,,,140.54624938964844,12.0,-131.63356685638428,753,6,85.8,-667.2,bust
00-0036670,Jermar Jefferson,MIN,2026.0,RB,,0.5486919174289802,8.779070678863683,2.800725558890944,7.3787078994182105,0.46116924371363816,5.985384370629547,34.44413597529918,219.0,False,,,,140.47225277127183,24.0,-131.69318209240814,754,6,,,
00-0037091,Bo Melton,GB,2026.0,WR,,0.8752980828285217,14.004769325256348,5.97871208190918,11.015413284301758,0.6884633302688599,12.987297058105469,34.512752532958984,283.0,False,,,,145.698974609375,36.0,-131.69420528411865,755,6,183.0,-572.0,bust
00-0033439,Pharaoh Brown,IND,2026.0,TE,,0.5517956018447876,8.828729629516602,3.384845733642578,7.1363067626953125,0.44601917266845703,6.61644983291626,20.31679916381836,165.0,False,,,,140.54624938964844,12.0,-131.71751976013184,756,6,,,
00-0038643,Brayden Willis,SF,2026.0,TE,,0.5508155226707458,8.813048362731934,2.2709896564483643,7.6775535345077515,0.47984709590673447,6.444905757904053,15.068406105041504,166.0,False,,,,140.54624938964844,12.0,-131.7332010269165,757,6,,,
00-0037277,Teagan Quitoriano,ARI,2026.0,TE,,0.547907829284668,8.766525268554688,2.756019115447998,7.3885157108306885,0.46178223192691803,6.477137088775635,16.91720199584961,167.0,False,,,,140.54624938964844,12.0,-131.77972412109375,758,6,129.0,-629.0,bust
00-0035228,Kyler Murray,MIN,2026.0,QB,10.633587,12.302229881286621,130.81683349609375,0.05057672783732414,130.7915451321751,8.174471570760943,126.82515716552734,170.46524047851562,32.0,False,,,,262.61468505859375,12.0,-131.7978515625,759,3,17.22,-741.78,bust
00-0040302,(unknown 00-0040302),MIA,2026.0,WR,,0.867462694644928,13.879403114318848,6.920770645141602,10.419017791748047,0.6511886119842529,3.6123898029327393,29.300357818603516,284.0,False,,,,145.698974609375,36.0,-131.81957149505615,760,6,,,
00-0037380,Kaden Davis,CHI,2026.0,WR,,0.8668875694274902,13.870201110839844,7.435931205749512,10.152235507965088,0.634514719247818,1.7154154777526855,23.201990127563477,285.0,False,,,,145.698974609375,36.0,-131.82877349853516,761,6,,,
00-0041125,(unknown 00-0041125),IND,2026.0,RB,,0.5391213870048522,8.625942192077636,2.5794459021091463,7.3362192410230636,0.45851370256394147,5.534438886642456,31.722235078811647,220.0,False,,,,140.47225277127183,24.0,-131.84631057919418,762,6,,,
00-0040388,Jakobie Keeney-James,PIT,2026.0,WR,,0.8650715351104736,13.841144561767578,12.733419418334961,7.474434852600098,0.4671521782875061,8.768765449523926,47.28361511230469,286.0,False,,,,145.698974609375,36.0,-131.85783004760742,763,6,,,
00-0037340,Zaire Mitchell-Paden,HOU,2026.0,TE,,0.5414323806762695,8.662918090820312,4.407745838165283,6.459045171737671,0.40369032323360443,6.651339054107666,16.389087677001953,168.0,False,,,,140.54624938964844,12.0,-131.88333129882812,764,6,,,
00-0035345,Chris Myarick,LV,2026.0,TE,,0.5411856174468994,8.65896987915039,2.280407667160034,7.5187660455703735,0.46992287784814835,3.8846518993377686,23.234024047851562,169.0,False,,,,140.54624938964844,12.0,-131.88727951049805,765,6,,,
00-0037055,Lance McCutcheon,TEN,2026.0,WR,,0.8610091209411621,13.776145935058594,7.070065975189209,10.24111294746399,0.6400695592164993,4.50142765045166,24.64215660095215,287.0,False,,,,145.698974609375,36.0,-131.9228286743164,766,6,,,
00-0039703,Cody Schrader,DEN,2026.0,RB,,0.5324264249807348,8.518822799691756,1.6282340419912567,7.704705778696128,0.481544111168508,6.365562474699889,24.763047761793093,221.0,False,,,,140.47225277127183,24.0,-131.95342997158008,767,6,148.33,-618.67,bust
00-0041267,(unknown 00-0041267),NYJ,2026.0,WR,,0.8518314361572266,13.629302978515625,6.749563217163086,10.254521369934082,0.6409075856208801,4.280363082885742,26.55408477783203,288.0,False,,,,145.698974609375,36.0,-132.06967163085938,768,6,,,
00-0041511,(unknown 00-0041511),NYJ,2026.0,WR,,0.8518314361572266,13.629302978515625,6.749563217163086,10.254521369934082,0.6409075856208801,4.280363082885742,26.55408477783203,289.0,False,,,,145.698974609375,36.0,-132.06967163085938,769,6,,,
00-0039518,(unknown 00-0039518),NO,2026.0,TE,,0.527773916721344,8.444382667541504,2.1532223224639893,7.367771506309509,0.46048571914434433,4.627313137054443,14.76377010345459,170.0,False,,,,140.54624938964844,12.0,-132.10186672210693,770,6,,,
00-0039392,Jha'Quan Jackson,TB,2026.0,WR,,0.8425622582435608,13.480996131896973,4.933773517608643,11.014109373092651,0.6883818358182907,6.822731018066406,22.10070037841797,290.0,False,,,,145.698974609375,36.0,-132.21797847747803,771,6,,,
00-0039437,(unknown 00-0039437),BAL,2026.0,WR,,0.8420928716659546,13.473485946655273,4.687521457672119,11.129725217819214,0.6956078261137009,7.780733108520508,28.60105323791504,291.0,False,,,,145.698974609375,36.0,-132.22548866271973,772,6,,,
00-0030565,Geno Smith,NYJ,2026.0,QB,9.704939,13.431986808776855,130.3566131591797,0.0,130.3566131591797,8.14728832244873,121.45228576660156,143.6741180419922,33.0,False,,,,262.61468505859375,12.0,-132.25807189941406,773,3,29.69,-743.31,bust
00-0041357,(unknown 00-0041357),SF,2026.0,TE,,0.5147519111633301,8.236030578613281,1.96622633934021,7.252917408943176,0.4533073380589485,5.816842079162598,14.736809730529785,171.0,False,,,,140.54624938964844,12.0,-132.31021881103516,774,6,,,
,CJ Williams,JAX,,WR,,,13.374495506286621,,,,,,,True,6.0,203.0,False,145.698974609375,36.0,-132.32447910308838,775,6,,,
00-0041041,(unknown 00-0041041),NO,2026.0,TE,,0.5127198100090027,8.203516960144043,2.2469773292541504,7.080028295516968,0.4425017684698105,3.8090128898620605,15.15794563293457,172.0,False,,,,140.54624938964844,12.0,-132.3427324295044,776,6,,,
00-0041199,(unknown 00-0041199),NYJ,2026.0,WR,,0.8344320058822632,13.350912094116211,7.480035781860352,9.610894203186035,0.6006808876991272,4.996647834777832,26.59674072265625,293.0,False,,,,145.698974609375,36.0,-132.3480625152588,777,6,,,
00-0040553,(unknown 00-0040553),NYJ,2026.0,WR,,0.8344320058822632,13.350912094116211,7.480035781860352,9.610894203186035,0.6006808876991272,4.996647834777832,26.59674072265625,292.0,False,,,,145.698974609375,36.0,-132.3480625152588,778,6,,,
00-0040324,(unknown 00-0040324),NYJ,2026.0,WR,,0.8344320058822632,13.350912094116211,7.480035781860352,9.610894203186035,0.6006808876991272,4.996647834777832,26.59674072265625,294.0,False,,,,145.698974609375,36.0,-132.3480625152588,779,6,,,
00-0038181,(unknown 00-0038181),DET,2026.0,WR,,0.8280045390129089,13.248072624206543,4.8333024978637695,10.831421375274658,0.6769638359546661,3.641649007797241,30.605581283569336,295.0,False,,,,145.698974609375,36.0,-132.45090198516846,780,6,,,
00-0040919,(unknown 00-0040919),TEN,2026.0,WR,,0.827820897102356,13.245134353637695,7.118136882781982,9.686065912246704,0.605379119515419,5.321244239807129,26.129005432128906,296.0,False,,,,145.698974609375,36.0,-132.4538402557373,781,6,,,
00-0041084,(unknown 00-0041084),JAX,2026.0,TE,,0.5049641132354736,8.079425811767578,2.407087802886963,6.875881910324097,0.42974261939525604,5.787899971008301,14.575369834899902,173.0,False,,,,140.54624938964844,12.0,-132.46682357788086,782,6,,,
00-0040387,(unknown 00-0040387),DET,2026.0,TE,,0.5036863684654236,8.058981895446777,3.5818445682525635,6.268059611320496,0.391753725707531,6.199550628662109,21.993423461914062,174.0,False,,,,140.54624938964844,12.0,-132.48726749420166,783,6,,,
00-0039650,Bryce Oliver,CLE,2026.0,WR,,0.8237568736076355,13.180109977722168,8.642438888549805,8.858890533447266,0.5536806583404541,0.4990662932395935,25.064502716064453,297.0,False,,,,145.698974609375,36.0,-132.51886463165283,784,6,,,
00-0036463,Chris Blair,ATL,2026.0,WR,,0.8208381533622742,13.133410453796387,3.67016863822937,11.298326134681702,0.7061453834176064,3.2638955116271973,16.48664093017578,298.0,False,,,,145.698974609375,36.0,-132.5655641555786,785,6,,,
00-0041395,(unknown 00-0041395),NE,2026.0,TE,,0.4912242591381073,7.859588146209717,1.8826106786727905,6.9182828068733215,0.4323926754295826,7.235866069793701,17.774076461791992,175.0,False,,,,140.54624938964844,12.0,-132.68666124343872,786,6,,,
00-0040912,(unknown 00-0040912),TEN,2026.0,WR,,0.810421347618103,12.966741561889648,7.299221038818359,9.317131042480469,0.5823206901550293,5.930526256561279,27.58487319946289,299.0,False,,,,145.698974609375,36.0,-132.73223304748535,787,6,,,
00-0041266,(unknown 00-0041266),ATL,2026.0,WR,,0.7988641262054443,12.78182601928711,5.600574970245361,9.981538534164429,0.6238461583852768,8.31721019744873,27.25928497314453,300.0,False,,,,145.698974609375,36.0,-132.9171485900879,788,6,,,
00-0041326,(unknown 00-0041326),NO,2026.0,RB,,0.4686870343983173,7.498992550373077,1.3800017440319061,6.808991678357124,0.42556197989732025,0.7288458195328712,22.278734502792357,222.0,False,,,,140.47225277127183,24.0,-132.97326022089874,789,6,,,
00-0041047,(unknown 00-0041047),CAR,2026.0,WR,,0.791131854057312,12.658109664916992,7.982391357421875,8.666913986206055,0.5416821241378784,7.084597110748291,29.690292358398438,301.0,False,,,,145.698974609375,36.0,-133.040864944458,790,6,,,
00-0041029,(unknown 00-0041029),NO,2026.0,WR,,0.7898074388504028,12.636919021606445,3.999762535095215,10.637037754058838,0.6648148596286774,8.031575202941895,29.445579528808594,303.0,False,,,,145.698974609375,36.0,-133.06205558776855,791,6,,,
00-0041067,(unknown 00-0041067),NO,2026.0,WR,,0.7898074388504028,12.636919021606445,3.999762535095215,10.637037754058838,0.6648148596286774,8.031575202941895,29.445579528808594,302.0,False,,,,145.698974609375,36.0,-133.06205558776855,792,6,,,
00-0041099,(unknown 00-0041099),NO,2026.0,WR,,0.7898074388504028,12.636919021606445,3.999762535095215,10.637037754058838,0.6648148596286774,8.031575202941895,29.445579528808594,305.0,False,,,,145.698974609375,36.0,-133.06205558776855,793,6,,,
00-0041451,(unknown 00-0041451),NO,2026.0,WR,,0.7898074388504028,12.636919021606445,3.999762535095215,10.637037754058838,0.6648148596286774,8.031575202941895,29.445579528808594,304.0,False,,,,145.698974609375,36.0,-133.06205558776855,794,6,,,
00-0039244,Chris Collier,LV,2026.0,RB,,0.4586701329932647,7.338722127892235,3.1786430115262423,5.749400622129114,0.35933753888306963,4.539673612008431,34.91780671675184,223.0,False,,,,140.47225277127183,24.0,-133.1335306433796,795,6,,,
00-0041571,(unknown 00-0041571),LAC,2026.0,WR,,0.7827335596084595,12.523736953735352,4.259194850921631,10.394139528274536,0.6496337205171585,6.958924770355225,23.65673065185547,306.0,False,,,,145.698974609375,36.0,-133.17523765563965,796,6,,,
00-0041380,(unknown 00-0041380),LAC,2026.0,WR,,0.7827335596084595,12.523736953735352,4.259194850921631,10.394139528274536,0.6496337205171585,6.958924770355225,23.65673065185547,308.0,False,,,,145.698974609375,36.0,-133.17523765563965,797,6,,,
00-0041373,(unknown 00-0041373),LAC,2026.0,WR,,0.7827335596084595,12.523736953735352,4.259194850921631,10.394139528274536,0.6496337205171585,6.958924770355225,23.65673065185547,309.0,False,,,,145.698974609375,36.0,-133.17523765563965,798,6,,,
00-0041374,(unknown 00-0041374),LAC,2026.0,WR,,0.7827335596084595,12.523736953735352,4.259194850921631,10.394139528274536,0.6496337205171585,6.958924770355225,23.65673065185547,307.0,False,,,,145.698974609375,36.0,-133.17523765563965,799,6,,,
,Jam Miller,NE,,RB,,,7.277816295623779,,,,,,,True,7.0,245.0,False,140.47225277127183,24.0,-133.19443647564805,800,6,103.33,-696.67,bust
00-0041467,(unknown 00-0041467),HOU,2026.0,WR,,0.7768506407737732,12.429610252380371,7.255050182342529,8.802085161209106,0.5501303225755692,10.652827262878418,29.190168380737305,310.0,False,,,,145.698974609375,36.0,-133.26936435699463,801,6,,,
00-0041309,(unknown 00-0041309),HOU,2026.0,WR,,0.7768506407737732,12.429610252380371,7.255050182342529,8.802085161209106,0.5501303225755692,10.652827262878418,29.190168380737305,311.0,False,,,,145.698974609375,36.0,-133.26936435699463,802,6,,,
00-0040457,(unknown 00-0040457),CLE,2026.0,TE,,0.4514991044998169,7.22398567199707,2.3354341983795166,6.056268572807312,0.378516785800457,2.3630428314208984,13.57476806640625,177.0,False,,,,140.54624938964844,12.0,-133.32226371765137,803,6,,,
00-0041576,(unknown 00-0041576),CLE,2026.0,TE,,0.4514991044998169,7.22398567199707,2.3354341983795166,6.056268572807312,0.378516785800457,2.3630428314208984,13.57476806640625,176.0,False,,,,140.54624938964844,12.0,-133.32226371765137,804,6,,,
00-0040060,(unknown 00-0040060),MIN,2026.0,TE,,0.44742509722709656,7.158801555633545,2.7457315921783447,5.785935759544373,0.3616209849715233,5.694426536560059,22.373722076416016,178.0,False,,,,140.54624938964844,12.0,-133.3874478340149,805,6,,,
00-0031763,DeAndre Carter,CLE,2026.0,WR,,0.7675095796585083,12.280153274536133,6.843196868896484,8.85855484008789,0.5536596775054932,1.0851409435272217,23.142332077026367,312.0,False,,,,145.698974609375,36.0,-133.41882133483887,806,6,232.0,-574.0,bust
00-0041133,(unknown 00-0041133),DEN,2026.0,TE,,0.44298166036605835,7.087706565856934,2.0156846046447754,6.079864263534546,0.3799915164709091,3.6609578132629395,14.233477592468262,179.0,False,,,,140.54624938964844,12.0,-133.4585428237915,807,6,,,
00-0040419,(unknown 00-0040419),TB,2026.0,WR,,0.7629206776618958,12.206730842590332,3.349851131439209,10.531805276870728,0.6582378298044205,6.493889808654785,22.84568977355957,313.0,False,,,,145.698974609375,36.0,-133.49224376678467,808,6,,,
00-0041131,(unknown 00-0041131),CLE,2026.0,TE,,0.4406479597091675,7.05036735534668,1.7470611333847046,6.176836788654327,0.38605229929089546,2.827678680419922,12.90401554107666,181.0,False,,,,140.54624938964844,12.0,-133.49588203430176,809,6,,,
00-0041087,(unknown 00-0041087),CLE,2026.0,TE,,0.4406479597091675,7.05036735534668,1.7470611333847046,6.176836788654327,0.38605229929089546,2.827678680419922,12.90401554107666,180.0,False,,,,140.54624938964844,12.0,-133.49588203430176,810,6,,,
00-0040552,(unknown 00-0040552),WAS,2026.0,TE,,0.4391902983188629,7.027044773101807,1.68898344039917,6.182553052902222,0.38640956580638885,4.915839195251465,13.775704383850098,182.0,False,,,,140.54624938964844,12.0,-133.51920461654663,811,6,,,
00-0039679,(unknown 00-0039679),IND,2026.0,WR,,0.7609585523605347,12.175336837768555,2.5848426818847656,10.882915496826172,0.6801822185516357,2.7948169708251953,17.25170135498047,314.0,False,,,,145.698974609375,36.0,-133.52363777160645,812,6,,,
00-0041287,(unknown 00-0041287),CLE,2026.0,WR,,0.7599272131919861,12.158835411071777,5.395805835723877,9.460932493209839,0.5913082808256149,3.228262424468994,27.24986457824707,315.0,False,,,,145.698974609375,36.0,-133.54013919830322,813,6,,,
00-0041037,(unknown 00-0041037),CLE,2026.0,WR,,0.7599272131919861,12.158835411071777,5.395805835723877,9.460932493209839,0.5913082808256149,3.228262424468994,27.24986457824707,316.0,False,,,,145.698974609375,36.0,-133.54013919830322,814,6,,,
00-0037011,Tre' McKitty,WAS,2026.0,TE,,0.4335450828075409,6.936721324920654,1.4955477714538574,6.188947439193726,0.38680921494960785,4.378271102905273,13.308629989624023,183.0,False,,,,140.54624938964844,12.0,-133.60952806472778,815,6,,,
00-0040392,(unknown 00-0040392),CAR,2026.0,TE,,0.4324003756046295,6.918406009674072,1.5974235534667969,6.119694232940674,0.3824808895587921,3.1461386680603027,11.470059394836426,184.0,False,,,,140.54624938964844,12.0,-133.62784337997437,816,6,,,
00-0040986,(unknown 00-0040986),BAL,2026.0,WR,,0.7538430094718933,12.061488151550293,4.934693813323975,9.594141244888306,0.5996338278055191,5.968388557434082,29.31308937072754,320.0,False,,,,145.698974609375,36.0,-133.6374864578247,817,6,,,
00-0040870,(unknown 00-0040870),BAL,2026.0,WR,,0.7538430094718933,12.061488151550293,4.934693813323975,9.594141244888306,0.5996338278055191,5.968388557434082,29.31308937072754,321.0,False,,,,145.698974609375,36.0,-133.6374864578247,818,6,,,
00-0040099,(unknown 00-0040099),BAL,2026.0,WR,,0.7538430094718933,12.061488151550293,4.934693813323975,9.594141244888306,0.5996338278055191,5.968388557434082,29.31308937072754,317.0,False,,,,145.698974609375,36.0,-133.6374864578247,819,6,,,
00-0040876,(unknown 00-0040876),BAL,2026.0,WR,,0.7538430094718933,12.061488151550293,4.934693813323975,9.594141244888306,0.5996338278055191,5.968388557434082,29.31308937072754,318.0,False,,,,145.698974609375,36.0,-133.6374864578247,820,6,,,
00-0039259,(unknown 00-0039259),BAL,2026.0,WR,,0.7538430094718933,12.061488151550293,4.934693813323975,9.594141244888306,0.5996338278055191,5.968388557434082,29.1771297454834,319.0,False,,,,145.698974609375,36.0,-133.6374864578247,821,6,,,
00-0040653,(unknown 00-0040653),SEA,2026.0,WR,,0.7497978210449219,11.99676513671875,3.1639351844787598,10.41479754447937,0.6509248465299606,3.348022699356079,27.08497428894043,322.0,False,,,,145.698974609375,36.0,-133.70220947265625,822,6,,,
00-0039843,(unknown 00-0039843),CHI,2026.0,TE,,0.42492175102233887,6.798748016357422,2.062140703201294,5.767677664756775,0.36047985404729843,4.834882736206055,13.701024055480957,185.0,False,,,,140.54624938964844,12.0,-133.74750137329102,823,6,,,
00-0040298,(unknown 00-0040298),KC,2026.0,WR,,0.7468913793563843,11.950262069702148,3.959049701690674,9.970737218856812,0.6231710761785507,5.802152156829834,21.585201263427734,323.0,False,,,,145.698974609375,36.0,-133.74871253967285,824,6,,,
00-0041215,(unknown 00-0041215),CLE,2026.0,WR,,0.7425276637077332,11.88044261932373,6.126277446746826,8.817303895950317,0.5510814934968948,1.708582878112793,27.15874481201172,324.0,False,,,,145.698974609375,36.0,-133.81853199005127,825,6,,,
00-0040094,(unknown 00-0040094),MIA,2026.0,TE,,0.41931861639022827,6.709097862243652,2.282745599746704,5.5677250623703,0.34798281639814377,6.156814098358154,23.78905487060547,186.0,False,,,,140.54624938964844,12.0,-133.83715152740479,826,6,,,
00-0039489,Hayden Rucci,JAX,2026.0,TE,,0.4159042537212372,6.654468059539795,2.291242837905884,5.508846640586853,0.3443029150366783,6.228245735168457,20.116273880004883,187.0,False,,,,140.54624938964844,12.0,-133.89178133010864,827,6,,,
00-0039702,(unknown 00-0039702),KC,2026.0,TE,,0.41274115443229675,6.603858470916748,2.0582239627838135,5.574746489524841,0.3484216555953026,3.4961037635803223,13.425575256347656,188.0,False,,,,140.54624938964844,12.0,-133.9423909187317,828,6,,,
00-0041361,(unknown 00-0041361),SF,2026.0,WR,,0.7347796559333801,11.756474494934082,4.008732318878174,9.752108335494995,0.6095067709684372,7.787461280822754,25.483386993408203,326.0,False,,,,145.698974609375,36.0,-133.94250011444092,829,6,,,
00-0041359,(unknown 00-0041359),SF,2026.0,WR,,0.7347796559333801,11.756474494934082,4.008732318878174,9.752108335494995,0.6095067709684372,7.787461280822754,25.483386993408203,327.0,False,,,,145.698974609375,36.0,-133.94250011444092,830,6,,,
00-0041035,(unknown 00-0041035),SF,2026.0,WR,,0.7347796559333801,11.756474494934082,4.008732318878174,9.752108335494995,0.6095067709684372,7.787461280822754,25.483386993408203,325.0,False,,,,145.698974609375,36.0,-133.94250011444092,831,6,,,
00-0041525,(unknown 00-0041525),MIA,2026.0,WR,,0.7332691550254822,11.732306480407715,7.262819290161133,8.100896835327148,0.5063060522079468,5.8164753913879395,27.30950355529785,328.0,False,,,,145.698974609375,36.0,-133.96666812896729,832,6,,,
00-0041529,(unknown 00-0041529),MIA,2026.0,WR,,0.7332691550254822,11.732306480407715,7.262819290161133,8.100896835327148,0.5063060522079468,5.8164753913879395,27.30950355529785,329.0,False,,,,145.698974609375,36.0,-133.96666812896729,833,6,,,
00-0040633,(unknown 00-0040633),NO,2026.0,WR,,0.7293141484260559,11.669026374816895,3.6879260540008545,9.825063347816467,0.6140664592385292,6.578879356384277,27.97869300842285,330.0,False,,,,145.698974609375,36.0,-134.0299482345581,834,6,,,
00-0039792,Devontez Walker,BAL,2026.0,WR,,0.7268064618110657,11.62890338897705,6.82520866394043,8.216299057006836,0.5135186910629272,16.92428207397461,43.62956237792969,331.0,False,,,,145.698974609375,36.0,-134.07007122039795,835,6,135.67,-699.33,bust
00-0037132,Britain Covey,PHI,2026.0,WR,,0.7267916202545166,11.628665924072266,5.0751190185546875,9.091106414794922,0.5681941509246826,4.33219051361084,21.4498233795166,332.0,False,,,,145.698974609375,36.0,-134.07030868530273,836,6,,,
00-0041558,(unknown 00-0041558),CHI,2026.0,TE,,0.40418416261672974,6.466946601867676,2.080043315887451,5.42692494392395,0.3391828089952469,5.364772796630859,14.660019874572754,190.0,False,,,,140.54624938964844,12.0,-134.07930278778076,837,6,,,
00-0041170,(unknown 00-0041170),CHI,2026.0,TE,,0.40418416261672974,6.466946601867676,2.080043315887451,5.42692494392395,0.3391828089952469,5.364772796630859,14.660019874572754,189.0,False,,,,140.54624938964844,12.0,-134.07930278778076,838,6,,,
00-0040618,(unknown 00-0040618),PIT,2026.0,WR,,0.7221122980117798,11.553796768188477,4.092072486877441,9.507760524749756,0.5942350327968597,6.165939807891846,19.01508903503418,333.0,False,,,,145.698974609375,36.0,-134.14517784118652,839,6,,,
00-0038930,(unknown 00-0038930),MIA,2026.0,RB,,0.39522709637411163,6.323633541985786,2.810961145249889,4.9181529693608415,0.3073845605850526,2.889460606395505,25.88890798679694,224.0,False,,,,140.47225277127183,24.0,-134.14861922928603,840,6,,,
00-0041077,(unknown 00-0041077),MIA,2026.0,TE,,0.39877334237098694,6.380373477935791,2.0022475719451904,5.379249691963196,0.33620310574769974,5.104458332061768,20.622859954833984,191.0,False,,,,140.54624938964844,12.0,-134.16587591171265,841,6,,,
00-0041579,(unknown 00-0041579),MIA,2026.0,TE,,0.39877334237098694,6.380373477935791,2.0022475719451904,5.379249691963196,0.33620310574769974,5.104458332061768,20.622859954833984,192.0,False,,,,140.54624938964844,12.0,-134.16587591171265,842,6,,,
,Seth McGowan,IND,,RB,,,6.278110980987549,,,,,,,True,7.0,237.0,False,140.47225277127183,24.0,-134.19414179028428,843,6,90.22,-752.78,bust
00-0040120,(unknown 00-0040120),KC,2026.0,WR,,0.7165894508361816,11.465431213378906,3.6652543544769287,9.632804036140442,0.6020502522587776,4.920603275299072,21.405914306640625,334.0,False,,,,145.698974609375,36.0,-134.2335433959961,844,6,,,
00-0034487,Trent Sherfield,BUF,2026.0,WR,,0.7146987318992615,11.435179710388184,0.9556953310966492,10.957332044839859,0.6848332528024912,6.696177005767822,29.921934127807617,335.0,False,,,,145.698974609375,36.0,-134.26379489898682,845,6,,,
00-0038667,Elijah Cooks,CAR,2026.0,WR,,0.714142918586731,11.426286697387695,8.627836227416992,7.112368583679199,0.44452303647994995,6.160961151123047,23.44706916809082,336.0,False,,,,145.698974609375,36.0,-134.2726879119873,846,6,,,
00-0041016,(unknown 00-0041016),LV,2026.0,TE,,0.38986116647720337,6.237778663635254,1.9384539127349854,5.268551707267761,0.3292844817042351,4.555035591125488,20.58018684387207,193.0,False,,,,140.54624938964844,12.0,-134.30847072601318,847,6,,,
00-0040697,(unknown 00-0040697),DET,2026.0,TE,,0.3882623314857483,6.212197303771973,1.77034330368042,5.327025651931763,0.33293910324573517,6.04058313369751,14.550755500793457,194.0,False,,,,140.54624938964844,12.0,-134.33405208587646,848,6,,,
00-0040974,(unknown 00-0040974),PIT,2026.0,TE,,0.3833589553833008,6.1337432861328125,2.042670488357544,5.1124080419540405,0.31952550262212753,1.5927265882492065,12.71364688873291,195.0,False,,,,140.54624938964844,12.0,-134.41250610351562,849,6,,,
00-0038735,Princeton Fant,DAL,2026.0,TE,,0.3829730153083801,6.127568244934082,2.425983190536499,4.9145766496658325,0.30716104060411453,3.9712162017822266,14.157825469970703,196.0,False,,,,140.54624938964844,12.0,-134.41868114471436,850,6,,,
00-0038406,(unknown 00-0038406),DAL,2026.0,TE,,0.3829730153083801,6.127568244934082,2.3491201400756836,4.95300817489624,0.309563010931015,4.157666206359863,14.913313865661621,197.0,False,,,,140.54624938964844,12.0,-134.41868114471436,851,6,,,
00-0037828,Danny Gray,PHI,2026.0,WR,,0.7038945555686951,11.262312889099121,6.162826061248779,8.180899858474731,0.5113062411546707,5.364534854888916,20.43912124633789,337.0,False,,,,145.698974609375,36.0,-134.43666172027588,852,6,241.0,-611.0,bust
00-0039023,(unknown 00-0039023),TEN,2026.0,TE,,0.38041555881500244,6.086648941040039,1.2955385446548462,5.438879668712616,0.3399299792945385,1.2378387451171875,10.280113220214844,198.0,False,,,,140.54624938964844,12.0,-134.4596004486084,853,6,,,
00-0040901,(unknown 00-0040901),TEN,2026.0,TE,,0.38041555881500244,6.086648941040039,1.35299551486969,5.410151183605194,0.33813444897532463,1.244081735610962,10.29271411895752,199.0,False,,,,140.54624938964844,12.0,-134.4596004486084,854,6,,,
,Bryce Lance,NO,,WR,,,11.237878225097656,,,,,,,True,4.0,136.0,False,145.698974609375,36.0,-134.46109638427734,855,6,111.13,-743.87,bust
00-0040531,(unknown 00-0040531),CAR,2026.0,WR,,0.7007341384887695,11.211746215820312,8.270475387573242,7.076508522033691,0.4422817826271057,4.535826206207275,29.183067321777344,338.0,False,,,,145.698974609375,36.0,-134.4872283935547,856,6,,,
00-0041422,(unknown 00-0041422),LA,2026.0,TE,,0.3785884976387024,6.057415962219238,2.0130655765533447,5.050883173942566,0.31568019837141037,5.995903968811035,17.718748092651367,200.0,False,,,,140.54624938964844,12.0,-134.4888334274292,857,6,,,
00-0041510,(unknown 00-0041510),LA,2026.0,TE,,0.3785884976387024,6.057415962219238,2.0130655765533447,5.050883173942566,0.31568019837141037,5.995903968811035,17.718748092651367,201.0,False,,,,140.54624938964844,12.0,-134.4888334274292,858,6,,,
00-0041180,(unknown 00-0041180),WAS,2026.0,TE,,0.3730238974094391,5.968382358551025,2.2183034420013428,4.859230637550354,0.3037019148468971,4.594323635101318,14.238210678100586,202.0,False,,,,140.54624938964844,12.0,-134.5778670310974,859,6,,,
00-0038465,Malik Heath,GB,2026.0,WR,,0.6946574449539185,11.114519119262695,8.167882919311523,7.030577659606934,0.43941110372543335,6.115365505218506,29.222211837768555,339.0,False,,,,145.698974609375,36.0,-134.5844554901123,860,6,223.0,-637.0,bust
00-0039420,Jaheim Bell,PIT,2026.0,TE,,0.3606489300727844,5.770382881164551,2.7455456256866455,4.397610068321228,0.27485062927007675,3.065333366394043,12.675365447998047,203.0,False,,,,140.54624938964844,12.0,-134.7758665084839,861,6,87.67,-773.33,bust
00-0036775,(unknown 00-0036775),PIT,2026.0,WR,,0.6820428371429443,10.91268539428711,4.679214000701904,8.573078393936157,0.5358173996210098,5.835836887359619,18.832576751708984,340.0,False,,,,145.698974609375,36.0,-134.7862892150879,862,6,,,
00-0040702,(unknown 00-0040702),DAL,2026.0,TE,,0.3552147150039673,5.683435440063477,2.8159611225128174,4.275454878807068,0.26721592992544174,4.403670310974121,17.029443740844727,204.0,False,,,,140.54624938964844,12.0,-134.86281394958496,863,6,,,
00-0040867,(unknown 00-0040867),PHI,2026.0,WR,,0.6707063317298889,10.731301307678223,6.065998077392578,7.698302268981934,0.48114389181137085,5.880951881408691,24.579763412475586,341.0,False,,,,145.698974609375,36.0,-134.96767330169678,864,6,,,
00-0040504,(unknown 00-0040504),MIN,2026.0,TE,,0.34826144576072693,5.572183132171631,1.9282265901565552,4.608069837093353,0.2880043648183346,6.364113807678223,25.39828872680664,205.0,False,,,,140.54624938964844,12.0,-134.9740662574768,865,6,,,
00-0039275,(unknown 00-0039275),CLE,2026.0,TE,,0.34555432200431824,5.528869152069092,1.496856689453125,4.780440807342529,0.2987775504589081,2.939159631729126,13.690980911254883,206.0,False,,,,140.54624938964844,12.0,-135.01738023757935,866,6,,,
00-0040977,(unknown 00-0040977),BAL,2026.0,WR,,0.6665316820144653,10.664506912231445,4.840661525726318,8.244176149368286,0.5152610093355179,4.450883865356445,30.698881149291992,343.0,False,,,,145.698974609375,36.0,-135.03446769714355,867,6,,,
00-0040989,(unknown 00-0040989),BAL,2026.0,WR,,0.6665316820144653,10.664506912231445,4.840661525726318,8.244176149368286,0.5152610093355179,4.450883865356445,30.698881149291992,342.0,False,,,,145.698974609375,36.0,-135.03446769714355,868,6,,,
00-0041403,(unknown 00-0041403),LA,2026.0,TE,,0.3421248197555542,5.473997116088867,2.8441710472106934,4.0519115924835205,0.25324447453022003,5.665654182434082,17.323244094848633,207.0,False,,,,140.54624938964844,12.0,-135.07225227355957,869,6,,,
00-0040939,(unknown 00-0040939),DAL,2026.0,TE,,0.3361111879348755,5.377779006958008,2.1411538124084473,4.307202100753784,0.2692001312971115,5.164010524749756,15.549653053283691,209.0,False,,,,140.54624938964844,12.0,-135.16847038269043,870,6,,,
00-0040938,(unknown 00-0040938),DAL,2026.0,TE,,0.3361111879348755,5.377779006958008,2.1411538124084473,4.307202100753784,0.2692001312971115,5.164010524749756,15.549653053283691,208.0,False,,,,140.54624938964844,12.0,-135.16847038269043,871,6,,,
00-0041263,(unknown 00-0041263),PIT,2026.0,TE,,0.33200395107269287,5.312063217163086,1.5914225578308105,4.516351938247681,0.28227199614048004,0.6554051041603088,11.505518913269043,210.0,False,,,,140.54624938964844,12.0,-135.23418617248535,872,6,,,
00-0033307,Kendrick Bourne,ARI,2026.0,WR,,0.6504278182983398,10.406845092773438,0.3136715590953827,10.250009313225746,0.6406255820766091,13.983137130737305,38.724609375,344.0,False,,,,145.698974609375,36.0,-135.29212951660156,873,6,121.83,-751.17,bust
00-0041257,(unknown 00-0041257),TB,2026.0,WR,,0.643165647983551,10.290650367736816,3.5149238109588623,8.533188462257385,0.5333242788910866,7.934577941894531,23.17243766784668,345.0,False,,,,145.698974609375,36.0,-135.40832424163818,874,6,,,
00-0041048,(unknown 00-0041048),TB,2026.0,WR,,0.643165647983551,10.290650367736816,3.5149238109588623,8.533188462257385,0.5333242788910866,7.934577941894531,23.17243766784668,346.0,False,,,,145.698974609375,36.0,-135.40832424163818,875,6,,,
00-0041435,(unknown 00-0041435),TB,2026.0,WR,,0.643165647983551,10.290650367736816,3.5149238109588623,8.533188462257385,0.5333242788910866,7.934577941894531,23.17243766784668,347.0,False,,,,145.698974609375,36.0,-135.40832424163818,876,6,,,
00-0041158,(unknown 00-0041158),MIA,2026.0,WR,,0.6428712010383606,10.28593921661377,7.438261985778809,6.566808223724365,0.4104255139827728,5.171751976013184,27.785306930541992,348.0,False,,,,145.698974609375,36.0,-135.41303539276123,877,6,,,
00-0041051,(unknown 00-0041051),CHI,2026.0,WR,,0.6301495432853699,10.082392692565918,4.010252952575684,8.077266216278076,0.5048291385173798,7.19875955581665,23.453109741210938,349.0,False,,,,145.698974609375,36.0,-135.61658191680908,878,6,,,
00-0041207,(unknown 00-0041207),MIA,2026.0,TE,,0.307892769575119,4.926284313201904,2.4534966945648193,3.6995359659194946,0.23122099786996841,5.566857814788818,21.48929214477539,213.0,False,,,,140.54624938964844,12.0,-135.61996507644653,879,6,,,
00-0041566,(unknown 00-0041566),MIA,2026.0,TE,,0.307892769575119,4.926284313201904,2.4534966945648193,3.6995359659194946,0.23122099786996841,5.566857814788818,21.48929214477539,212.0,False,,,,140.54624938964844,12.0,-135.61996507644653,880,6,,,
00-0041524,(unknown 00-0041524),MIA,2026.0,TE,,0.307892769575119,4.926284313201904,2.4534966945648193,3.6995359659194946,0.23122099786996841,5.566857814788818,21.48929214477539,211.0,False,,,,140.54624938964844,12.0,-135.61996507644653,881,6,,,
00-0037570,Dennis Houston,TB,2026.0,WR,,0.6275225281715393,10.040360450744629,3.7308473587036133,8.174936771392822,0.5109335482120514,7.5352582931518555,20.9013671875,350.0,False,,,,145.698974609375,36.0,-135.65861415863037,882,6,,,
00-0040337,(unknown 00-0040337),IND,2026.0,WR,,0.6247357726097107,9.995772361755371,3.0574076175689697,8.467068552970886,0.5291917845606804,2.3496506214141846,16.442668914794922,351.0,False,,,,145.698974609375,36.0,-135.70320224761963,883,6,,,
00-0041132,(unknown 00-0041132),IND,2026.0,WR,,0.6204085946083069,9.92653751373291,3.0574076175689697,8.397833704948425,0.5248646065592766,4.1457929611206055,17.884185791015625,352.0,False,,,,145.698974609375,36.0,-135.7724370956421,884,6,,,
00-0041206,(unknown 00-0041206),JAX,2026.0,WR,,0.6163790225982666,9.862064361572266,3.7937357425689697,7.965196490287781,0.4978247806429863,6.176234245300293,25.29981231689453,354.0,False,,,,145.698974609375,36.0,-135.83691024780273,885,6,,,
00-0041205,(unknown 00-0041205),JAX,2026.0,WR,,0.6163790225982666,9.862064361572266,3.7937357425689697,7.965196490287781,0.4978247806429863,6.176234245300293,25.29981231689453,353.0,False,,,,145.698974609375,36.0,-135.83691024780273,886,6,,,
00-0041001,(unknown 00-0041001),MIN,2026.0,TE,,0.289231538772583,4.627704620361328,2.364145517349243,3.4456318616867065,0.21535199135541916,4.795520305633545,23.340946197509766,214.0,False,,,,140.54624938964844,12.0,-135.9185447692871,887,6,,,
,Cyrus Allen,KC,,WR,,,9.686234474182129,,,,,,,True,5.0,176.0,False,145.698974609375,36.0,-136.01274013519287,888,6,120.0,-768.0,bust
00-0041292,(unknown 00-0041292),DEN,2026.0,WR,,0.5981781482696533,9.570850372314453,3.876596450805664,7.632552146911621,0.4770345091819763,5.584688186645508,22.97623062133789,355.0,False,,,,145.698974609375,36.0,-136.12812423706055,889,6,,,
00-0041293,(unknown 00-0041293),DEN,2026.0,WR,,0.5981781482696533,9.570850372314453,3.876596450805664,7.632552146911621,0.4770345091819763,5.584688186645508,22.97623062133789,356.0,False,,,,145.698974609375,36.0,-136.12812423706055,890,6,,,
00-0039626,(unknown 00-0039626),PIT,2026.0,WR,,0.5945857167243958,9.513371467590332,4.7272844314575195,7.149729251861572,0.44685807824134827,5.343116283416748,18.164264678955078,357.0,False,,,,145.698974609375,36.0,-136.18560314178467,891,6,,,
00-0040953,(unknown 00-0040953),KC,2026.0,WR,,0.5926138758659363,9.48182201385498,3.7845427989959717,7.589550614356995,0.47434691339731216,5.782015800476074,20.457225799560547,360.0,False,,,,145.698974609375,36.0,-136.21715259552002,892,6,,,
00-0040890,(unknown 00-0040890),KC,2026.0,WR,,0.5926138758659363,9.48182201385498,3.7845427989959717,7.589550614356995,0.47434691339731216,5.782015800476074,20.457225799560547,358.0,False,,,,145.698974609375,36.0,-136.21715259552002,893,6,,,
00-0040954,(unknown 00-0040954),KC,2026.0,WR,,0.5926138758659363,9.48182201385498,3.7845427989959717,7.589550614356995,0.47434691339731216,5.782015800476074,20.457225799560547,359.0,False,,,,145.698974609375,36.0,-136.21715259552002,894,6,,,
00-0037382,Brandon Johnson,PIT,2026.0,WR,,0.5682069063186646,9.091310501098633,6.231146335601807,5.9757373332977295,0.3734835833311081,8.721278190612793,22.397085189819336,361.0,False,,,,145.698974609375,36.0,-136.60766410827637,895,6,,,
00-0041308,(unknown 00-0041308),HOU,2026.0,WR,,0.5607485175132751,8.971976280212402,6.897754669189453,5.523098945617676,0.34519368410110474,9.601950645446777,28.994644165039062,362.0,False,,,,145.698974609375,36.0,-136.7269983291626,896,6,,,
,Justin Joly,DEN,,TE,,,3.7770495414733887,,,,,,,True,5.0,152.0,False,140.54624938964844,12.0,-136.76919984817505,897,6,45.75,-851.25,bust
00-0040621,(unknown 00-0040621),SEA,2026.0,WR,,0.5472185611724854,8.755496978759766,2.447305917739868,7.5318440198898315,0.47074025124311447,4.731679916381836,26.55259895324707,363.0,False,,,,145.698974609375,36.0,-136.94347763061523,898,6,,,
,CJ Daniels,LA,,WR,,,8.751235008239746,,,,,,,True,6.0,197.0,False,145.698974609375,36.0,-136.94773960113525,899,6,127.17,-771.83,bust
00-0041489,(unknown 00-0041489),PIT,2026.0,WR,,0.5456125140190125,8.7298002243042,4.562978267669678,6.44831109046936,0.403019443154335,7.528495788574219,20.7749080657959,365.0,False,,,,145.698974609375,36.0,-136.9691743850708,900,6,,,
00-0038883,(unknown 00-0038883),PIT,2026.0,WR,,0.5456125140190125,8.7298002243042,4.562978267669678,6.44831109046936,0.403019443154335,7.528495788574219,20.7749080657959,364.0,False,,,,145.698974609375,36.0,-136.9691743850708,901,6,,,
00-0036647,(unknown 00-0036647),PIT,2026.0,WR,,0.5428522825241089,8.685636520385742,3.5078327655792236,6.93172013759613,0.43323250859975815,1.0839382410049438,16.894676208496094,366.0,False,,,,145.698974609375,36.0,-137.01333808898926,902,6,,,
00-0041294,(unknown 00-0041294),DEN,2026.0,WR,,0.5246297121047974,8.394075393676758,3.519301414489746,6.634424686431885,0.4146515429019928,4.051459312438965,20.697879791259766,367.0,False,,,,145.698974609375,36.0,-137.30489921569824,903,6,,,
00-0041299,(unknown 00-0041299),DEN,2026.0,WR,,0.5246297121047974,8.394075393676758,3.519301414489746,6.634424686431885,0.4146515429019928,4.051459312438965,20.697879791259766,368.0,False,,,,145.698974609375,36.0,-137.30489921569824,904,6,,,
00-0040352,Coleman Owen,IND,2026.0,WR,,0.5129278898239136,8.206846237182617,2.488664150238037,6.962514162063599,0.4351571351289749,2.8354344367980957,13.758418083190918,369.0,False,,,,145.698974609375,36.0,-137.49212837219238,905,6,,,
,Dallen Bentley,DEN,,TE,,,2.996082305908203,,,,,,,True,7.0,256.0,False,140.54624938964844,12.0,-137.55016708374023,906,6,68.17,-837.83,bust
00-0038092,Erik Ezukanma,PHI,2026.0,WR,,0.5083802342414856,8.13408374786377,5.760956764221191,5.253605365753174,0.32835033535957336,3.2582483291625977,19.89563751220703,370.0,False,,,,145.698974609375,36.0,-137.56489086151123,907,6,,,
00-0040967,(unknown 00-0040967),KC,2026.0,WR,,0.502216637134552,8.035466194152832,3.3846285343170166,6.343151926994324,0.39644699543714523,4.532421112060547,19.53970718383789,373.0,False,,,,145.698974609375,36.0,-137.66350841522217,908,6,,,
00-0041575,(unknown 00-0041575),KC,2026.0,WR,,0.502216637134552,8.035466194152832,3.3846285343170166,6.343151926994324,0.39644699543714523,4.532421112060547,19.53970718383789,371.0,False,,,,145.698974609375,36.0,-137.66350841522217,909,6,,,
00-0041020,(unknown 00-0041020),KC,2026.0,WR,,0.502216637134552,8.035466194152832,3.3846285343170166,6.343151926994324,0.39644699543714523,4.532421112060547,19.53970718383789,372.0,False,,,,145.698974609375,36.0,-137.66350841522217,910,6,,,
00-0041599,(unknown 00-0041599),TB,2026.0,WR,,0.49632224440574646,7.941155910491943,3.5207087993621826,6.180801510810852,0.38630009442567825,5.276373386383057,24.243602752685547,374.0,False,,,,145.698974609375,36.0,-137.75781869888306,911,6,,,
,Emmanuel Henderson Jr.,SEA,,WR,,,7.743163585662842,,,,,,,True,6.0,199.0,False,145.698974609375,36.0,-137.95581102371216,912,6,79.33,-832.67,bust
00-0034860,Dante Pettis,NO,2026.0,WR,,0.47829359769821167,7.652697563171387,3.4708149433135986,5.917290091514587,0.3698306307196617,0.0,27.405757904052734,375.0,False,,,,145.698974609375,36.0,-138.0462770462036,913,6,189.5,-723.5,bust
00-0041228,(unknown 00-0041228),IND,2026.0,WR,,0.46768274903297424,7.482923984527588,3.0760183334350586,5.944914817810059,0.37155717611312866,2.3170080184936523,17.810495376586914,377.0,False,,,,145.698974609375,36.0,-138.2160506248474,914,6,,,
00-0041233,(unknown 00-0041233),IND,2026.0,WR,,0.46768274903297424,7.482923984527588,3.0760183334350586,5.944914817810059,0.37155717611312866,2.3170080184936523,17.810495376586914,376.0,False,,,,145.698974609375,36.0,-138.2160506248474,915,6,,,
00-0035544,Tom Kennedy,DET,2026.0,WR,,0.4668480157852173,7.469568252563477,2.9840316772460938,5.97755241394043,0.37359702587127686,2.635685682296753,20.60805892944336,378.0,False,,,,145.698974609375,36.0,-138.22940635681152,916,6,,,
00-0041032,(unknown 00-0041032),NYJ,2026.0,TE,,0.1404416263103485,2.247066020965576,1.702569842338562,1.3957810997962952,0.08723631873726845,2.0533323287963867,13.881093978881836,215.0,False,,,,140.54624938964844,12.0,-138.29918336868286,917,6,,,
00-0041237,(unknown 00-0041237),NYJ,2026.0,TE,,0.1404416263103485,2.247066020965576,1.702569842338562,1.3957810997962952,0.08723631873726845,2.0533323287963867,13.881093978881836,217.0,False,,,,140.54624938964844,12.0,-138.29918336868286,918,6,,,
00-0041577,(unknown 00-0041577),NYJ,2026.0,TE,,0.1404416263103485,2.247066020965576,1.702569842338562,1.3957810997962952,0.08723631873726845,2.0533323287963867,13.881093978881836,216.0,False,,,,140.54624938964844,12.0,-138.29918336868286,919,6,,,
00-0040976,(unknown 00-0040976),PIT,2026.0,WR,,0.45521506667137146,7.283441066741943,4.7384209632873535,4.914230585098267,0.30713941156864166,5.2514567375183105,19.488134384155273,379.0,False,,,,145.698974609375,36.0,-138.41553354263306,920,6,,,
00-0036497,Tim Jones,JAX,2026.0,WR,,0.4464346468448639,7.142954349517822,2.3153774738311768,5.985265612602234,0.3740791007876396,5.8918375968933105,29.338457107543945,380.0,False,,,,145.698974609375,36.0,-138.55602025985718,921,6,,,
00-0040895,(unknown 00-0040895),SEA,2026.0,WR,,0.4309176206588745,6.894681930541992,2.760413646697998,5.514475107192993,0.3446546941995621,3.6502437591552734,29.431947708129883,381.0,False,,,,145.698974609375,36.0,-138.804292678833,922,6,,,
00-0035639,Parris Campbell,DAL,2026.0,WR,,0.4274245798587799,6.8387932777404785,4.0177717208862305,4.829907417297363,0.3018692135810852,5.290268421173096,20.528711318969727,382.0,False,,,,145.698974609375,36.0,-138.86018133163452,923,6,223.5,-699.5,bust
00-0041265,(unknown 00-0041265),CHI,2026.0,WR,,0.3918028771877289,6.268846035003662,3.885908842086792,4.325891613960266,0.27036822587251663,4.621133804321289,23.453109741210938,383.0,False,,,,145.698974609375,36.0,-139.43012857437134,924,6,,,
00-0041168,(unknown 00-0041168),CHI,2026.0,WR,,0.3918028771877289,6.268846035003662,3.885908842086792,4.325891613960266,0.27036822587251663,4.621133804321289,23.453109741210938,384.0,False,,,,145.698974609375,36.0,-139.43012857437134,925,6,,,
00-0038492,Jason Brownlee,KC,2026.0,WR,,0.38720476627349854,6.195276260375977,3.7512903213500977,4.319631099700928,0.269976943731308,3.4879188537597656,15.434429168701172,385.0,False,,,,145.698974609375,36.0,-139.50369834899902,926,6,233.0,-693.0,bust
00-0040616,(unknown 00-0040616),GB,2026.0,WR,,0.3732002377510071,5.971203804016113,1.8565301895141602,5.042938709259033,0.3151836693286896,1.0567457675933838,21.589357376098633,386.0,False,,,,145.698974609375,36.0,-139.7277708053589,927,6,,,
00-0039648,David Martin-Robinson,TEN,2026.0,TE,,0.043737154453992844,0.6997944712638855,0.7115927338600159,0.34399810433387756,0.021499881520867348,1.6508724689483643,11.812487602233887,218.0,False,,,,140.54624938964844,12.0,-139.84645491838455,928,6,,,
,Nicholas Singleton,TEN,,RB,,,0.2942764163017273,,,,,,,True,5.0,165.0,False,140.47225277127183,24.0,-140.1779763549701,929,6,61.72,-867.28,bust
00-0040558,(unknown 00-0040558),GB,2026.0,WR,,0.34435659646987915,5.509705543518066,1.9238356351852417,4.547787725925446,0.28423673287034035,1.010706901550293,22.291767120361328,387.0,False,,,,145.698974609375,36.0,-140.18926906585693,930,6,,,
00-0037487,Deven Thompkins,LV,2026.0,WR,,0.3337634205818176,5.340214729309082,1.5227187871932983,4.578855335712433,0.28617845848202705,0.0,14.787927627563477,388.0,False,,,,145.698974609375,36.0,-140.35875988006592,931,6,,,
00-0035567,Craig Reynolds,WAS,2026.0,RB,,0.0,0.0,0.08541198040578644,-0.04270599020289322,-0.0026691243876808264,0.0,8.187690538103494,225.0,False,,,,140.47225277127183,24.0,-140.47225277127183,932,6,147.67,-784.33,bust
00-0041398,(unknown 00-0041398),PIT,2026.0,TE,,0.0,0.0,0.19794967770576477,-0.09897483885288239,-0.006185927428305149,0.36061784625053406,28.234594345092773,219.0,False,,,,140.54624938964844,12.0,-140.54624938964844,933,6,,,
00-0039329,(unknown 00-0039329),SEA,2026.0,WR,,0.3164461851119995,5.063138961791992,3.121535539627075,3.5023711919784546,0.2188981994986534,3.461325168609619,25.474353790283203,389.0,False,,,,145.698974609375,36.0,-140.635835647583,934,6,,,
00-0041476,(unknown 00-0041476),SEA,2026.0,WR,,0.2812778055667877,4.5004448890686035,2.7790260314941406,3.110931873321533,0.19443324208259583,4.1715192794799805,29.18584442138672,390.0,False,,,,145.698974609375,36.0,-141.1985297203064,935,6,,,
,Deion Burks,IND,,WR,,,4.352383136749268,,,,,,,True,7.0,254.0,False,145.698974609375,36.0,-141.34659147262573,936,6,133.6,-802.4,bust
00-0032951,Laquon Treadwell,IND,2026.0,WR,,0.23889495432376862,3.822319269180298,0.3718569278717041,3.636390805244446,0.22727442532777786,0.0,9.507561683654785,391.0,False,,,,145.698974609375,36.0,-141.8766553401947,937,6,,,
00-0041179,(unknown 00-0041179),GB,2026.0,WR,,0.20707736909389496,3.3132379055023193,2.0762155055999756,2.2751301527023315,0.14219563454389572,0.7851487994194031,21.700319290161133,392.0,False,,,,145.698974609375,36.0,-142.38573670387268,938,6,,,
00-0040948,(unknown 00-0040948),GB,2026.0,WR,,0.20707736909389496,3.3132379055023193,2.0762155055999756,2.2751301527023315,0.14219563454389572,0.7851487994194031,21.700319290161133,393.0,False,,,,145.698974609375,36.0,-142.38573670387268,939,6,,,
00-0035045,D.J. Montgomery,IND,2026.0,WR,,0.1934005171060562,3.0944082736968994,0.0,3.0944082736968994,0.1934005171060562,0.0,13.052860260009766,394.0,False,,,,145.698974609375,36.0,-142.6045663356781,940,6,,,
00-0040551,(unknown 00-0040551),WAS,2026.0,WR,,0.15555331110954285,2.4888529777526855,2.002624988555908,1.4875404834747314,0.09297128021717072,4.888552188873291,22.13220977783203,395.0,False,,,,145.698974609375,36.0,-143.21012163162231,941,6,,,
,Lewis Bond,HOU,,WR,,,2.3881211280822754,,,,,,,True,6.0,204.0,False,145.698974609375,36.0,-143.31085348129272,942,6,166.0,-776.0,bust
,Josh Cameron,JAX,,WR,,,2.0793635845184326,,,,,,,True,6.0,191.0,False,145.698974609375,36.0,-143.61961102485657,943,6,144.0,-799.0,bust
00-0040239,(unknown 00-0040239),GB,2026.0,WR,,0.1197657361626625,1.9162517786026,2.0948269367218018,0.8688383102416992,0.0543023943901062,0.4380561113357544,21.28895378112793,396.0,False,,,,145.698974609375,36.0,-143.7827228307724,944,6,,,
00-0034854,KhaDarel Hodge,SF,2026.0,WR,,0.09186678379774094,1.469868540763855,1.0941606760025024,0.9227882027626038,0.057674262672662735,0.0,14.645153999328613,397.0,False,,,,145.698974609375,36.0,-144.22910606861115,945,6,,,
00-0041040,(unknown 00-0041040),WAS,2026.0,WR,,0.08420488238334656,1.347278118133545,1.6415045261383057,0.5265258550643921,0.032907865941524506,3.3460445404052734,24.935258865356445,398.0,False,,,,145.698974609375,36.0,-144.35169649124146,946,6,,,
00-0041176,(unknown 00-0041176),WAS,2026.0,WR,,0.08420488238334656,1.347278118133545,1.6415045261383057,0.5265258550643921,0.032907865941524506,3.3460445404052734,24.935258865356445,399.0,False,,,,145.698974609375,36.0,-144.35169649124146,947,6,,,
00-0037156,Irvin Charles,SEA,2026.0,WR,,0.06558766216039658,1.0494025945663452,0.1642269492149353,0.9672891199588776,0.06045556999742985,0.0,15.684515953063965,400.0,False,,,,145.698974609375,36.0,-144.64957201480865,948,6,,,
00-0036620,Dee Eskridge,MIA,2026.0,WR,,0.02795656956732273,0.4473051130771637,3.5082931518554688,-1.3068414628505707,-0.08167759142816067,2.1550686359405518,19.7380428314209,401.0,False,,,,145.698974609375,36.0,-145.25166949629784,949,6,234.5,-714.5,bust
,Anthony Smith,DAL,,WR,,,0.0,,,,,,,True,7.0,218.0,False,145.698974609375,36.0,-145.698974609375,950,6,81.71,-868.29,bust
00-0040009,Savion Williams,GB,2026.0,WR,,0.0,0.0,0.0,0.0,0.0,0.0,9.842613220214844,405.0,False,,,,145.698974609375,36.0,-145.698974609375,951,6,121.11,-829.89,bust
00-0040406,Quentin Skinner,BUF,2026.0,WR,,0.0,0.0,4.760050296783447,-2.3800251483917236,-0.14875157177448273,0.0,26.427078247070312,407.0,False,,,,145.698974609375,36.0,-145.698974609375,952,6,,,
00-0035645,Gunner Olszewski,NYG,2026.0,WR,,0.0,0.0,0.0,0.0,0.0,0.9959011673927307,21.9588623046875,406.0,False,,,,145.698974609375,36.0,-145.698974609375,953,6,,,
00-0034418,Cedrick Wilson Jr.,MIA,2026.0,WR,,0.0,0.0,3.608154773712158,-1.804077386856079,-0.11275483667850494,6.3699445724487305,26.217079162597656,404.0,False,,,,145.698974609375,36.0,-145.698974609375,954,6,208.0,-746.0,bust
00-0037745,Velus Jones Jr.,SEA,2026.0,WR,,0.0,0.0,2.009591579437256,-1.004795789718628,-0.06279973685741425,0.0,17.88357925415039,403.0,False,,,,145.698974609375,36.0,-145.698974609375,955,6,225.0,-730.0,bust
00-0037708,Maurice Alexander,CHI,2026.0,WR,,0.0,0.0,1.2034131288528442,-0.6017065644264221,-0.03760666027665138,0.0,12.624886512756348,402.0,False,,,,145.698974609375,36.0,-145.698974609375,956,6,,,
00-0033869,Mitchell Trubisky,TEN,2026.0,QB,10.597729,9.7533540725708,103.3634033203125,0.0,103.3634033203125,6.460212707519531,63.287269592285156,122.56730651855469,34.0,False,,,,262.61468505859375,12.0,-159.25128173828125,957,4,63.0,-894.0,bust
,Carson Beck,ARI,,QB,,,90.40917205810547,,,,,,,True,3.0,65.0,False,262.61468505859375,12.0,-172.20551300048828,958,4,39.8,-918.2,bust
00-0035100,Jake Browning,CIN,2026.0,QB,7.4179726,10.753779411315918,79.771240234375,0.0,79.771240234375,4.9857025146484375,47.88698196411133,70.48593139648438,35.0,False,,,,262.61468505859375,12.0,-182.84344482421875,959,4,69.88,-889.12,bust
00-0026158,Joe Flacco,CIN,2026.0,QB,6.4065332,12.083341598510742,77.4123306274414,0.039036933332681656,77.39281216077507,4.837050760048442,47.860050201416016,88.11817932128906,36.0,False,,,,262.61468505859375,12.0,-185.20235443115234,960,4,45.0,-915.0,bust
00-0036945,Justin Fields,KC,2026.0,QB,7.9732623,9.701294898986816,77.35096740722656,0.27160823345184326,77.21516329050064,4.82594770565629,49.453670501708984,90.96653747558594,37.0,False,,,,262.61468505859375,12.0,-185.2637176513672,961,4,37.2,-923.8,bust
00-0031503,Jameis Winston,NYG,2026.0,QB,10.429988,7.103322505950928,74.08757019042969,0.027691056951880455,74.07372466195375,4.629607791372109,51.86457824707031,97.70659637451172,38.0,False,,,,262.61468505859375,12.0,-188.52711486816406,962,4,41.0,-921.0,bust
00-0039164,Anthony Richardson,IND,2026.0,QB,10.8163805,6.618309497833252,71.58615112304688,0.1308915615081787,71.52070534229279,4.470044083893299,63.449729919433594,111.92575073242188,39.0,False,,,,262.61468505859375,12.0,-191.02853393554688,963,4,,,
00-0040673,Jalen Milroe,SEA,2026.0,QB,10.424675,6.768102169036865,70.55526733398438,0.9410525560379028,70.08474105596542,4.380296315997839,29.762954711914062,89.39483642578125,40.0,False,,,,262.61468505859375,12.0,-192.05941772460938,964,4,55.5,-908.5,bust
,Ty Simpson,LA,,QB,,,67.71021270751953,,,,,,,True,1.0,13.0,False,262.61468505859375,12.0,-194.90447235107422,965,4,38.55,-926.45,bust
00-0032268,Marcus Mariota,WAS,2026.0,QB,5.905439,10.463696479797363,61.792720794677734,0.0457429438829422,61.76984932273626,3.8606155826710165,34.275150299072266,69.72279357910156,41.0,False,,,,262.61468505859375,12.0,-200.82196426391602,966,4,42.75,-923.25,bust
00-0039577,Kedon Slovis,GB,2026.0,QB,8.131552,7.437765598297119,60.48057556152344,0.6780207753181458,60.141565173864365,3.758847823366523,30.446786880493164,74.42466735839844,42.0,False,,,,262.61468505859375,12.0,-202.1341094970703,967,4,,,
00-0027973,Andy Dalton,PHI,2026.0,QB,6.1303616,9.505887985229492,58.27452850341797,0.0,58.27452850341797,3.642158031463623,42.09265899658203,68.00493621826172,43.0,False,,,,262.61468505859375,12.0,-204.34015655517578,968,4,75.17,-892.83,bust
00-0040014,(unknown 00-0040014),MIA,2026.0,QB,8.491179,6.541543006896973,55.545413970947266,0.5554706454277039,55.267678648233414,3.4542299155145884,22.388126373291016,68.69499206542969,44.0,False,,,,262.61468505859375,12.0,-207.06927108764648,969,4,,,
00-0036972,Mac Jones,SF,2026.0,QB,6.731512,8.08465576171875,54.421958923339844,0.0,54.421958923339844,3.4013724327087402,41.345909118652344,70.58859252929688,45.0,False,,,,262.61468505859375,12.0,-208.1927261352539,970,4,37.46,-932.54,bust
00-0040668,Shedeur Sanders,CLE,2026.0,QB,6.016258,8.791631698608398,52.892723083496094,0.0,52.892723083496094,3.305795192718506,28.181304931640625,61.187252044677734,46.0,False,,,,262.61468505859375,12.0,-209.72196197509766,971,5,32.11,-938.89,bust
00-0039152,Will Levis,TEN,2026.0,QB,8.311805,5.7313032150268555,47.637474060058594,0.7261521220207214,47.27439799904823,2.9546498749405146,38.59572219848633,69.64901733398438,47.0,False,,,,262.61468505859375,12.0,-214.97721099853516,972,5,65.0,-907.0,bust
00-0039398,Joe Milton III,DAL,2026.0,QB,5.4671326,8.633899688720703,47.202674865722656,0.000732427230104804,47.202308652107604,2.9501442907567252,23.669679641723633,51.51813888549805,48.0,False,,,,262.61468505859375,12.0,-215.4120101928711,973,5,43.83,-929.17,bust
00-0028986,Case Keenum,CHI,2026.0,QB,6.3725505,7.3743414878845215,46.99336242675781,0.18853925168514252,46.89909280091524,2.9311933000572026,22.975980758666992,56.10108184814453,49.0,False,,,,262.61468505859375,12.0,-215.62132263183594,974,5,98.33,-875.67,bust
00-0035289,Gardner Minshew,ARI,2026.0,QB,7.2894993,6.445857524871826,46.9870719909668,0.4414861500263214,46.766328915953636,2.9228955572471023,27.531532287597656,59.408050537109375,50.0,False,,,,262.61468505859375,12.0,-215.62761306762695,975,5,,,
00-0026300,Josh Johnson,CIN,2026.0,QB,6.122083,7.616392135620117,46.6281852722168,0.46988537907600403,46.393242582678795,2.8995776614174247,29.304706573486328,55.695404052734375,51.0,False,,,,262.61468505859375,12.0,-215.98649978637695,976,5,93.0,-883.0,bust
00-0038416,Tyson Bagent,CHI,2026.0,QB,6.614718,6.930958271026611,45.84633255004883,0.254088819026947,45.719288140535355,2.8574555087834597,35.30275344848633,74.70458221435547,52.0,False,,,,262.61468505859375,12.0,-216.76835250854492,977,5,53.33,-923.67,bust
00-0041172,(unknown 00-0041172),CHI,2026.0,QB,7.022553,6.52486515045166,45.82121276855469,0.26870962977409363,45.68685795366764,2.8554286221042275,23.779462814331055,59.67820358276367,53.0,False,,,,262.61468505859375,12.0,-216.79347229003906,978,5,,,
00-0040234,Quinn Ewers,JAX,2026.0,QB,6.3490796,6.904094696044922,43.83464813232422,0.013979189097881317,43.82765853777528,2.739228658610955,30.799762725830078,54.87221908569336,54.0,False,,,,262.61468505859375,12.0,-218.78003692626953,979,5,50.8,-928.2,bust
00-0033662,Cooper Rush,ATL,2026.0,QB,7.649336,5.705050945281982,43.63985061645508,0.6487060189247131,43.31549760699272,2.707218600437045,21.213092803955078,47.4737434387207,55.0,False,,,,262.61468505859375,12.0,-218.97483444213867,980,5,81.67,-898.33,bust
00-0028118,Tyrod Taylor,GB,2026.0,QB,4.8892465,8.69677734375,42.520687103271484,0.09800868481397629,42.471682760864496,2.654480172554031,26.2064266204834,55.47261047363281,56.0,False,,,,262.61468505859375,12.0,-220.09399795532227,981,5,48.33,-932.67,bust
00-0037012,Trey Lance,LAC,2026.0,QB,5.3528037,7.9380412101745605,42.49077606201172,0.04233691468834877,42.469607604667544,2.6543504752917215,24.152477264404297,50.47003173828125,57.0,False,,,,262.61468505859375,12.0,-220.12390899658203,982,5,49.0,-933.0,bust
00-0041561,(unknown 00-0041561),ARI,2026.0,QB,6.9404063,5.973339557647705,41.45740509033203,0.6133393049240112,41.150735437870026,2.5719209648668766,23.08331298828125,57.689998626708984,58.0,False,,,,262.61468505859375,12.0,-221.15727996826172,983,5,,,
00-0041123,(unknown 00-0041123),NE,2026.0,QB,7.5248656,5.470816612243652,41.16716003417969,0.5904772877693176,40.87192139029503,2.5544950868934393,22.4106502532959,58.93830490112305,59.0,False,,,,262.61468505859375,12.0,-221.44752502441406,984,5,,,
00-0037077,Sam Howell,DAL,2026.0,QB,6.5463963,6.253576278686523,40.93838882446289,0.1985279768705368,40.83912483602762,2.5524453022517264,18.476957321166992,58.216888427734375,60.0,False,,,,262.61468505859375,12.0,-221.67629623413086,985,5,71.0,-914.0,bust
,Taylen Green,CLE,,QB,,,40.58432388305664,,,,,,,True,6.0,182.0,False,262.61468505859375,12.0,-222.0303611755371,986,5,43.33,-942.67,bust
00-0041453,(unknown 00-0041453),DET,2026.0,QB,7.033505,5.749813556671143,40.441341400146484,0.4763643741607666,40.2031592130661,2.5126974508166313,22.482868194580078,57.716590881347656,61.0,False,,,,262.61468505859375,12.0,-222.17334365844727,987,5,,,
00-0041414,(unknown 00-0041414),LA,2026.0,QB,6.9257336,5.823278903961182,40.33047866821289,0.15644536912441254,40.252255983650684,2.5157659989781678,16.22568702697754,59.42659378051758,62.0,False,,,,262.61468505859375,12.0,-222.28420639038086,988,5,,,
00-0041568,(unknown 00-0041568),LA,2026.0,QB,6.9257336,5.823278903961182,40.33047866821289,0.15644536912441254,40.252255983650684,2.5157659989781678,16.22568702697754,59.42659378051758,63.0,False,,,,262.61468505859375,12.0,-222.28420639038086,989,5,,,
00-0038391,Sean Clifford,CIN,2026.0,QB,6.9629164,5.734403133392334,39.92816925048828,0.5096697807312012,39.67333436012268,2.4795833975076675,17.18624496459961,55.29615783691406,64.0,False,,,,262.61468505859375,12.0,-222.68651580810547,990,5,106.0,-884.0,bust
00-0039917,Michael Penix Jr.,ATL,2026.0,QB,5.8523073,6.658884525299072,38.9698371887207,0.005429941229522228,38.96712221810594,2.4354451386316214,31.996461868286133,59.37080764770508,65.0,False,,,,262.61468505859375,12.0,-223.64484786987305,991,5,30.81,-960.19,bust
00-0040656,(unknown 00-0040656),NO,2026.0,QB,7.2336774,5.237669467926025,37.887611389160156,0.3220377266407013,37.726592525839806,2.357912032864988,21.238122940063477,52.692771911621094,66.0,False,,,,262.61468505859375,12.0,-224.7270736694336,992,5,,,
00-0034577,Kyle Allen,BUF,2026.0,QB,5.9897056,6.1906843185424805,37.08037567138672,1.0739482641220093,36.543401539325714,2.283962596207857,20.57528305053711,40.13252258300781,67.0,False,,,,262.61468505859375,12.0,-225.53430938720703,993,5,75.25,-917.75,bust
00-0041194,(unknown 00-0041194),ATL,2026.0,QB,6.903416,5.287570476531982,36.50230026245117,0.5425143241882324,36.231043100357056,2.264440193772316,19.341999053955078,52.84405517578125,68.0,False,,,,262.61468505859375,12.0,-226.11238479614258,994,5,,,
00-0040464,(unknown 00-0040464),LAC,2026.0,QB,7.09172,5.1328325271606445,36.400611877441406,0.23031115531921387,36.2854562997818,2.2678410187363625,18.76040267944336,53.01945495605469,69.0,False,,,,262.61468505859375,12.0,-226.21407318115234,995,5,,,
00-0034771,Mason Rudolph,PIT,2026.0,QB,5.964602,5.942781448364258,35.446327209472656,0.0,35.446327209472656,2.215395450592041,24.64052391052246,50.075218200683594,70.0,False,,,,262.61468505859375,12.0,-227.1683578491211,996,5,60.55,-935.45,bust
00-0039923,J.J. McCarthy,MIN,2026.0,QB,5.5474753,6.316450595855713,35.04035568237305,0.11709694564342499,34.981807209551334,2.1863629505969584,23.41515350341797,57.798622131347656,71.0,False,,,,262.61468505859375,12.0,-227.5743293762207,997,5,34.96,-962.04,bust
,Drew Allar,PIT,,QB,,,34.66106414794922,,,,,,,True,3.0,76.0,False,262.61468505859375,12.0,-227.95362091064453,998,5,55.5,-942.5,bust
00-0041203,(unknown 00-0041203),JAX,2026.0,QB,7.054148,4.872541427612305,34.37162780761719,0.2705356776714325,34.23635996878147,2.139772498048842,17.1591796875,53.270965576171875,72.0,False,,,,262.61468505859375,12.0,-228.24305725097656,999,5,,,
00-0039534,(unknown 00-0039534),JAX,2026.0,QB,7.182683,4.765011787414551,34.22557067871094,0.2705356776714325,34.09030283987522,2.1306439274922013,12.284337997436523,52.6595573425293,73.0,False,,,,262.61468505859375,12.0,-228.3891143798828,1000,5,,,
00-0039107,(unknown 00-0039107),LA,2026.0,QB,7.13457,4.77252721786499,34.049930572509766,0.10563447326421738,33.99711333587766,2.1248195834923536,9.92544937133789,50.35676956176758,74.0,False,,,,262.61468505859375,12.0,-228.56475448608398,1001,5,,,
00-0040906,(unknown 00-0040906),KC,2026.0,QB,7.0566945,4.8064398765563965,33.917579650878906,0.5530425906181335,33.64105835556984,2.102566147223115,19.755268096923828,49.56398010253906,75.0,False,,,,262.61468505859375,12.0,-228.69710540771484,1002,5,,,
00-0040211,(unknown 00-0040211),HOU,2026.0,QB,6.6177793,5.089111328125,33.67861557006836,0.23957352340221405,33.55882880836725,2.0974268005229533,18.734390258789062,49.14915466308594,76.0,False,,,,262.61468505859375,12.0,-228.9360694885254,1003,5,,,
00-0036898,Davis Mills,HOU,2026.0,QB,5.3124504,6.308866500854492,33.515541076660156,0.0,33.515541076660156,2.0947213172912598,27.432964324951172,40.70409393310547,77.0,False,,,,262.61468505859375,12.0,-229.0991439819336,1004,5,54.6,-949.4,bust
00-0041251,(unknown 00-0041251),TB,2026.0,QB,6.4946675,5.148769378662109,33.439544677734375,0.24293629825115204,33.3180765286088,2.08237978303805,18.452592849731445,50.7245979309082,79.0,False,,,,262.61468505859375,12.0,-229.17514038085938,1005,5,,,
00-0040415,(unknown 00-0040415),TB,2026.0,QB,6.4946675,5.148769378662109,33.439544677734375,0.2654198110103607,33.306834772229195,2.0816771732643247,18.626659393310547,50.28575134277344,78.0,False,,,,262.61468505859375,12.0,-229.17514038085938,1006,5,,,
00-0040891,(unknown 00-0040891),PHI,2026.0,QB,7.559928,4.3838210105896,33.14137268066406,0.6858047842979431,32.79847028851509,2.049904393032193,19.89906883239746,54.58814239501953,80.0,False,,,,262.61468505859375,12.0,-229.4733123779297,1007,5,,,
00-0039376,Spencer Rattler,NO,2026.0,QB,6.0087867,5.508227348327637,33.09776306152344,0.008451234549283981,33.093537444248796,2.0683460902655497,23.994239807128906,59.55358123779297,81.0,False,,,,262.61468505859375,12.0,-229.5169219970703,1008,5,47.5,-960.5,bust
00-0037324,Chris Oladokun,KC,2026.0,QB,6.531124,5.067237854003906,33.09476089477539,0.10595932602882385,33.04178123176098,2.065111326985061,17.14432144165039,44.806827545166016,82.0,False,,,,262.61468505859375,12.0,-229.51992416381836,1009,5,,,
00-0040222,(unknown 00-0040222),MIA,2026.0,QB,6.9621563,4.744346618652344,33.0308837890625,0.530952513217926,32.76540753245354,2.047837970778346,19.099031448364258,52.41564178466797,83.0,False,,,,262.61468505859375,12.0,-229.58380126953125,1010,5,,,
00-0041156,(unknown 00-0041156),HOU,2026.0,QB,6.6177793,4.968530178070068,32.88063430786133,0.2307410091161728,32.76526380330324,2.0478289877064526,17.87192153930664,48.64350128173828,84.0,False,,,,262.61468505859375,12.0,-229.73405075073242,1011,5,,,
,Cole Payton,PHI,,QB,,,32.810699462890625,,,,,,,True,5.0,178.0,False,262.61468505859375,12.0,-229.80398559570312,1012,5,49.42,-962.58,bust
00-0040206,Riley Leonard,IND,2026.0,QB,6.1585197,5.294543266296387,32.60654830932617,0.22650280594825745,32.49329690635204,2.0308310566470027,23.722864151000977,43.09404373168945,85.0,False,,,,262.61468505859375,12.0,-230.00813674926758,1013,5,46.2,-966.8,bust
00-0041149,(unknown 00-0041149),CAR,2026.0,QB,7.0944695,4.512063026428223,32.01069259643555,0.6751068830490112,31.67313915491104,1.97957119718194,19.060747146606445,54.60044860839844,86.0,False,,,,262.61468505859375,12.0,-230.6039924621582,1014,5,,,
00-0038476,Tommy DeVito,NE,2026.0,QB,7.42082,4.296319484710693,31.88221549987793,0.48345813155174255,31.64048643410206,1.9775304021313787,19.414949417114258,55.67536544799805,87.0,False,,,,262.61468505859375,12.0,-230.73246955871582,1015,5,86.0,-929.0,bust
00-0036679,Shane Buechele,BUF,2026.0,QB,5.4578094,5.612368106842041,30.631235122680664,0.14575441181659698,30.558357916772366,1.9098973697982728,16.66275978088379,33.969356536865234,88.0,False,,,,262.61468505859375,12.0,-231.9834499359131,1016,5,,,
00-0036879,Sam Ehlinger,DEN,2026.0,QB,7.151609,4.184638977050781,29.92690086364746,0.29218366742134094,29.78080902993679,1.8613005643710494,12.469690322875977,55.314815521240234,89.0,False,,,,262.61468505859375,12.0,-232.6877841949463,1017,5,88.0,-929.0,bust
00-0038400,Tanner McKee,PHI,2026.0,QB,5.2940598,5.634195804595947,29.827768325805664,0.20811109244823456,29.723712779581547,1.8577320487238467,16.368736267089844,37.600589752197266,90.0,False,,,,262.61468505859375,12.0,-232.7869167327881,1018,5,54.5,-963.5,bust
00-0038658,Adrian Martinez,SF,2026.0,QB,5.475411,5.323694705963135,29.149415969848633,0.25895071029663086,29.019940614700317,1.8137462884187698,19.237529754638672,42.63724136352539,91.0,False,,,,262.61468505859375,12.0,-233.46526908874512,1019,5,,,
00-0040203,(unknown 00-0040203),PIT,2026.0,QB,6.094681,4.7700300216674805,29.071809768676758,0.664310097694397,28.73965471982956,1.7962284199893475,17.503026962280273,43.69483947753906,92.0,False,,,,262.61468505859375,12.0,-233.542875289917,1020,5,,,
00-0038579,Aidan O'Connell,LV,2026.0,QB,4.75743,6.077959060668945,28.915464401245117,0.18010959029197693,28.82540960609913,1.8015881003811955,18.486162185668945,41.232452392578125,93.0,False,,,,262.61468505859375,12.0,-233.69922065734863,1021,5,64.67,-956.33,bust
00-0039677,(unknown 00-0039677),WAS,2026.0,QB,7.2181206,3.9860680103302,28.77191925048828,0.663823664188385,28.44000741839409,1.7775004636496305,16.437641143798828,46.673614501953125,94.0,False,,,,262.61468505859375,12.0,-233.84276580810547,1022,5,,,
00-0041092,(unknown 00-0041092),CLE,2026.0,QB,6.7860546,4.232816696166992,28.724124908447266,0.6521927714347839,28.398028522729874,1.774876782670617,16.0025577545166,46.15982437133789,95.0,False,,,,262.61468505859375,12.0,-233.89056015014648,1023,5,,,
00-0040589,(unknown 00-0040589),SF,2026.0,QB,6.7760615,4.1059465408325195,27.822147369384766,0.22513671219348907,27.70957901328802,1.7318486883305013,15.458813667297363,49.51520538330078,96.0,False,,,,262.61468505859375,12.0,-234.79253768920898,1024,5,,,
00-0041117,(unknown 00-0041117),WAS,2026.0,QB,7.004678,3.9656524658203125,27.778118133544922,0.6758302450180054,27.44020301103592,1.715012688189745,16.408123016357422,47.091041564941406,97.0,False,,,,262.61468505859375,12.0,-234.83656692504883,1025,5,,,
00-0037013,Zach Wilson,NO,2026.0,QB,6.1733727,4.458127975463867,27.521686553955078,0.5075517892837524,27.267910659313202,1.7042444162070751,20.60718536376953,50.18871307373047,98.0,False,,,,262.61468505859375,12.0,-235.09299850463867,1026,5,65.5,-960.5,bust
00-0035251,Will Grier,CAR,2026.0,QB,7.3909497,3.721784830093384,27.507524490356445,0.6447036266326904,27.1851726770401,1.6990732923150063,13.575545310974121,42.502132415771484,99.0,False,,,,262.61468505859375,12.0,-235.1071605682373,1027,5,,,
00-0031237,Teddy Bridgewater,DET,2026.0,QB,6.30033,4.323514461517334,27.23956871032715,0.43600475788116455,27.021566331386566,1.6888478957116604,16.056758880615234,42.939823150634766,100.0,False,,,,262.61468505859375,12.0,-235.3751163482666,1028,5,79.33,-948.67,bust
00-0041565,(unknown 00-0041565),PIT,2026.0,QB,6.0196295,4.483334541320801,26.988012313842773,0.6595348119735718,26.658244907855988,1.6661403067409992,16.267120361328125,43.18466567993164,101.0,False,,,,262.61468505859375,12.0,-235.62667274475098,1029,5,,,
00-0033949,Joshua Dobbs,DET,2026.0,QB,7.236027,3.7139017581939697,26.873891830444336,0.36411434412002563,26.691834658384323,1.6682396661490202,22.87986183166504,50.13465118408203,102.0,False,,,,262.61468505859375,12.0,-235.7407932281494,1030,5,75.8,-954.2,bust
00-0035264,Jarrett Stidham,DEN,2026.0,QB,7.1235533,3.7614026069641113,26.794551849365234,0.4014042615890503,26.59384971857071,1.6621156074106693,19.03226089477539,44.04814910888672,103.0,False,,,,262.61468505859375,12.0,-235.82013320922852,1031,5,66.75,-964.25,bust
00-0035282,Easton Stick,TB,2026.0,QB,6.8179007,3.907358407974243,26.639982223510742,0.16205120086669922,26.558956623077393,1.659934788942337,13.669808387756348,45.19482421875,104.0,False,,,,262.61468505859375,12.0,-235.974702835083,1032,5,,,
00-0038108,Bailey Zappe,NYJ,2026.0,QB,6.983934,3.8044776916503906,26.570220947265625,0.6776900887489319,26.23137590289116,1.6394609939306974,15.74448299407959,47.693634033203125,105.0,False,,,,262.61468505859375,12.0,-236.04446411132812,1033,5,86.2,-946.8,bust
00-0035993,Tyler Huntley,BAL,2026.0,QB,5.3515916,4.959833145141602,26.543001174926758,0.3022581934928894,26.391872078180313,1.6494920048862696,17.154552459716797,45.30139923095703,106.0,False,,,,262.61468505859375,12.0,-236.071683883667,1034,5,65.0,-969.0,bust
00-0041056,(unknown 00-0041056),NYJ,2026.0,QB,6.8834915,3.788607120513916,26.07884407043457,0.5353252291679382,25.8111814558506,1.6131988409906626,15.049198150634766,48.043426513671875,107.0,False,,,,262.61468505859375,12.0,-236.53584098815918,1035,5,,,
00-0035704,Drew Lock,SEA,2026.0,QB,6.2217603,3.8522088527679443,23.967519760131836,0.48247259855270386,23.726283460855484,1.4828927163034678,20.416698455810547,41.68561553955078,108.0,False,,,,262.61468505859375,12.0,-238.6471652984619,1036,5,77.5,-958.5,bust
00-0038998,Jake Haener,NYG,2026.0,QB,7.1644697,3.341832160949707,23.942455291748047,0.6533835530281067,23.615763515233994,1.4759852197021246,10.094439506530762,45.10769271850586,109.0,False,,,,262.61468505859375,12.0,-238.6722297668457,1037,5,,,
,Cade Klubnik,NYJ,,QB,,,22.613563537597656,,,,,,,True,4.0,110.0,False,262.61468505859375,12.0,-240.0011215209961,1038,5,48.2,-989.8,bust
00-0041562,(unknown 00-0041562),LV,2026.0,QB,5.9376493,3.713407516479492,22.048912048339844,0.5101644992828369,21.793829798698425,1.3621143624186516,13.170658111572266,43.052330017089844,111.0,False,,,,262.61468505859375,12.0,-240.5657730102539,1039,5,,,
00-0040996,(unknown 00-0040996),LV,2026.0,QB,5.9376493,3.713407516479492,22.048912048339844,0.5101644992828369,21.793829798698425,1.3621143624186516,13.170658111572266,43.052330017089844,110.0,False,,,,262.61468505859375,12.0,-240.5657730102539,1040,5,,,
00-0040981,(unknown 00-0040981),BAL,2026.0,QB,7.124546,3.0940756797790527,22.04388427734375,0.6976156830787659,21.695076435804367,1.355942277237773,14.247820854187012,47.90922927856445,112.0,False,,,,262.61468505859375,12.0,-240.57080078125,1041,5,,,
00-0039464,(unknown 00-0039464),BAL,2026.0,QB,7.229867,3.033583164215088,21.932403564453125,0.6976156830787659,21.583595722913742,1.3489747326821089,13.673635482788086,46.83734130859375,113.0,False,,,,262.61468505859375,12.0,-240.68228149414062,1042,5,,,
00-0038550,Hendon Hooker,TEN,2026.0,QB,6.686717,3.113129138946533,20.816614151000977,1.0473132133483887,20.292957544326782,1.268309846520424,11.022909164428711,41.439151763916016,114.0,False,,,,262.61468505859375,12.0,-241.79807090759277,1043,5,84.5,-958.5,bust
00-0032950,Carson Wentz,MIN,2026.0,QB,2.6562128,7.491101264953613,19.897958755493164,0.1881314367055893,19.80389303714037,1.237743314821273,14.730819702148438,27.282516479492188,115.0,False,,,,262.61468505859375,12.0,-242.7167263031006,1044,5,60.75,-983.25,bust
00-0033319,Nick Mullens,JAX,2026.0,QB,7.001312,2.827037811279297,19.792972564697266,0.2738363444805145,19.65605439245701,1.228503399528563,20.123525619506836,44.170875549316406,116.0,False,,,,262.61468505859375,12.0,-242.82171249389648,1045,5,74.2,-970.8,bust
00-0040704,Dillon Gabriel,CLE,2026.0,QB,4.5178676,4.1865692138671875,18.914365768432617,0.25634509325027466,18.78619322180748,1.1741370763629675,14.196722984313965,26.024946212768555,117.0,False,,,,262.61468505859375,12.0,-243.70031929016113,1046,5,62.0,-984.0,bust
00-0040398,Brady Cook,MIA,2026.0,QB,4.8640275,3.6432621479034424,17.720928192138672,0.29967042803764343,17.57109297811985,1.0981933111324906,13.962263107299805,32.1061897277832,118.0,False,,,,262.61468505859375,12.0,-244.89375686645508,1047,5,60.5,-986.5,bust
00-0038102,Kenny Pickett,CAR,2026.0,QB,3.6541822,4.535171031951904,16.572341918945312,0.0,16.572341918945312,1.035771369934082,9.582716941833496,26.70861053466797,119.0,False,,,,262.61468505859375,12.0,-246.04234313964844,1048,5,55.5,-992.5,bust
00-0040494,Max Brosmer,MIN,2026.0,QB,3.4681733,4.36138916015625,15.126052856445312,0.840594470500946,14.70575562119484,0.9191097263246775,5.745855331420898,19.300771713256836,120.0,False,,,,262.61468505859375,12.0,-247.48863220214844,1049,5,83.0,-966.0,bust
00-0037327,Skylar Thompson,BAL,2026.0,QB,7.121228,2.1188316345214844,15.08868408203125,0.8600255846977234,14.658671289682388,0.9161669556051493,7.4825639724731445,36.78200149536133,121.0,False,,,,262.61468505859375,12.0,-247.5260009765625,1050,5,92.0,-958.0,bust
,Behren Morton,NE,,QB,,,6.839718341827393,,,,,,,True,7.0,234.0,False,262.61468505859375,12.0,-255.77496671676636,1051,5,94.11,-956.89,bust
,Athan Kaliakmanis,WAS,,QB,,,3.8473000526428223,,,,,,,True,7.0,223.0,False,262.61468505859375,12.0,-258.7673850059509,1052,5,89.17,-962.83,bust
,Garrett Nussmeier,KC,,QB,,,1.2886031866073608,,,,,,,True,7.0,249.0,False,262.61468505859375,12.0,-261.3260818719864,1053,5,57.75,-995.25,bust
