player_id,player_display_name,team,season,position,projected_games_played,projected_ppr_per_game,projected_ppr,projected_receptions,projected_half_ppr,projected_half_ppr_per_game,ci_low,ci_high,position_rank,is_rookie,baseline_pts,baseline_rank,vbd,vbd_rank_overall,tier
00-0039075,Puka Nacua,LA,2025,WR,,17.78561782836914,284.56988525390625,93.03752136230469,238.0511245727539,14.87819528579712,243.20457458496094,301.33636474609375,1,False,156.8644256591797,36.0,127.70545959472656,1,1
00-0036963,Amon-Ra St. Brown,DET,2025,WR,,17.620656967163086,281.9305114746094,102.2946548461914,230.78318405151367,14.423949003219604,246.75045776367188,318.3964538574219,2,False,156.8644256591797,36.0,125.06608581542969,2,1
00-0036900,Ja'Marr Chase,CIN,2025,WR,,17.531606674194336,280.5057067871094,94.77411651611328,233.11864852905273,14.569915533065796,228.47824096679688,295.30401611328125,3,False,156.8644256591797,36.0,123.64128112792969,3,1
00-0039910,Jayden Daniels,WAS,2025,QB,16.173553,22.33049964904785,361.1635437011719,0.21875233948230743,361.0541675314307,22.56588547071442,339.9562683105469,379.8636474609375,1,False,242.32208251953125,12.0,118.84146118164062,4,1
00-0036322,Justin Jefferson,MIN,2025,WR,,17.077621459960938,273.241943359375,98.50812530517578,223.9878807067871,13.999242544174194,229.33680725097656,295.07330322265625,4,False,156.8644256591797,36.0,116.37751770019531,5,1
00-0039361,Bucky Irving,TB,2025,RB,,15.974554681777954,255.59287490844727,49.423485832214354,230.8811319923401,14.430070749521256,205.43642013549805,282.31301055908204,1,False,139.81983121805368,24.0,115.77304369039359,6,1
00-0039040,De'Von Achane,MIA,2025,RB,,15.636948394775391,250.19117431640626,55.5038232421875,222.4392626953125,13.90245391845703,224.92826171875,278.6393606567383,2,False,139.81983121805368,24.0,110.37134309835258,7,1
00-0033873,Patrick Mahomes,KC,2025,QB,15.859912,22.073217391967773,350.07928466796875,0.22427323460578918,349.96714805066586,21.872946753166616,285.8896789550781,353.9593200683594,2,False,242.32208251953125,12.0,107.7572021484375,8,1
00-0039337,Malik Nabers,NYG,2025,WR,,16.389751434326172,262.23602294921875,92.15877532958984,216.15663528442383,13.50978970527649,228.46290588378906,289.5966491699219,5,False,156.8644256591797,36.0,105.37159729003906,9,1
00-0036358,CeeDee Lamb,DAL,2025,WR,,15.484055519104004,247.74488830566406,87.53593444824219,203.97692108154297,12.748557567596436,218.3587646484375,297.80987548828125,6,False,156.8644256591797,36.0,90.88046264648438,10,2
00-0038120,Breece Hall,NYJ,2025,RB,,14.380894269943237,230.0943083190918,55.87528789520264,202.15666437149048,12.634791523218155,191.17944793701173,246.67398269653322,3,False,139.81983121805368,24.0,90.27447710103812,11,1
00-0036223,Jonathan Taylor,IND,2025,RB,,14.232719399532499,227.72351039251998,24.1247160875528,215.66115234874357,13.478822021796473,198.0905013470973,243.53251980227367,4,False,139.81983121805368,24.0,87.9036791744663,12,1
00-0039915,Ladd McConkey,LAC,2025,WR,,15.224757194519043,243.5961151123047,94.1290512084961,196.53158950805664,12.28322434425354,231.01461791992188,262.609375,7,False,156.8644256591797,36.0,86.731689453125,13,2
00-0036912,DeVonta Smith,PHI,2025,WR,,14.988658905029297,239.81854248046875,77.91371154785156,200.86168670654297,12.553855419158936,206.40794372558594,259.5819396972656,8,False,156.8644256591797,36.0,82.95411682128906,14,2
00-0037238,Drake London,ATL,2025,WR,,14.97877025604248,239.6603240966797,83.9991226196289,197.66076278686523,12.353797674179077,204.85055541992188,273.721923828125,9,False,156.8644256591797,36.0,82.7958984375,15,2
00-0039893,Brian Thomas Jr.,JAX,2025,WR,,14.968137741088867,239.49020385742188,79.62477111816406,199.67781829833984,12.47986364364624,215.71029663085938,257.8482971191406,10,False,156.8644256591797,36.0,82.62577819824219,16,2
00-0036389,Jalen Hurts,PHI,2025,QB,15.071792,21.540019989013672,324.6466979980469,0.3146578073501587,324.4893690943718,20.280585568398237,301.8211364746094,341.23260498046875,3,False,242.32208251953125,12.0,82.32461547851562,17,1
00-0033280,Christian McCaffrey,SF,2025,RB,,13.841608280845085,221.46573249352136,39.72031565776515,201.60557466463877,12.600348416539923,154.95184036087778,217.17323849969821,5,False,139.81983121805368,24.0,81.64590127546768,18,1
00-0039732,Bo Nix,DEN,2025,QB,15.46474,20.82953453063965,322.1233215332031,0.2761952877044678,321.9852238893509,20.12407649308443,287.60186767578125,331.2254943847656,4,False,242.32208251953125,12.0,79.80123901367188,19,1
00-0037840,Kyren Williams,LA,2025,RB,,13.6840158824999,218.9442541199984,32.15589653794526,202.86630585102574,12.679144115689109,195.32495270527366,248.22330418236203,6,False,139.81983121805368,24.0,79.12442290194471,20,1
00-0035676,A.J. Brown,PHI,2025,WR,,14.583407402038574,233.3345184326172,82.53683471679688,192.06610107421875,12.004131317138672,217.10232543945312,261.8726501464844,11,False,156.8644256591797,36.0,76.4700927734375,21,2
00-0033288,George Kittle,SF,2025,TE,,12.512701988220215,200.20323181152344,71.47917175292969,164.4636459350586,10.278977870941162,167.6739959716797,231.3197479248047,1,False,125.88367462158203,12.0,74.3195571899414,22,1
00-0038134,Kenneth Walker III,SEA,2025,RB,,13.333115901947021,213.32985443115234,44.021773452758794,191.31896770477294,11.957435481548309,181.0991653442383,233.60049835205078,7,False,139.81983121805368,24.0,73.51002321309866,23,2
00-0038994,Jordan Addison,MIN,2025,WR,,14.238587379455566,227.81739807128906,74.00962829589844,190.81258392333984,11.92578649520874,216.08644104003906,251.1377716064453,12,False,156.8644256591797,36.0,70.95297241210938,24,2
00-0036158,J.K. Dobbins,DEN,2025,RB,,12.892263519847173,206.27621631755477,28.644448065473803,191.95399228481787,11.997124517801117,157.3310772178697,205.81336429854437,8,False,139.81983121805368,24.0,66.45638509950109,25,2
00-0039849,Marvin Harrison Jr.,ARI,2025,WR,,13.941648483276367,223.06637573242188,78.01171875,184.06051635742188,11.503782272338867,189.77976989746094,227.5113525390625,13,False,156.8644256591797,36.0,66.20195007324219,26,2
00-0039139,Jahmyr Gibbs,DET,2025,RB,,12.859437665939332,205.7510026550293,47.719222145080565,181.891391582489,11.368211973905563,202.708828125,274.45473419189454,9,False,139.81983121805368,24.0,65.93117143697563,27,2
00-0036410,Tee Higgins,CIN,2025,WR,,13.73939037322998,219.8302459716797,80.56826782226562,179.54611206054688,11.22163200378418,194.37652587890625,231.1056365966797,14,False,156.8644256591797,36.0,62.9658203125,28,2
00-0035700,Josh Jacobs,GB,2025,RB,,12.657017312549224,202.51227700078758,25.288049698933442,189.86825215132086,11.866765759457554,179.2248603015563,230.63181354060555,10,False,139.81983121805368,24.0,62.6924457827339,29,2
00-0038542,Bijan Robinson,ATL,2025,RB,,12.6151886844635,201.843018951416,44.191685104370116,179.74717639923097,11.234198524951935,201.10573974609375,247.0206898498535,11,False,139.81983121805368,24.0,62.023187733362334,30,2
00-0034857,Josh Allen,BUF,2025,QB,15.948876,19.064281463623047,304.0538635253906,0.1959983855485916,303.95586433261633,18.99724152078852,290.2034912109375,333.1319580078125,5,False,242.32208251953125,12.0,61.731781005859375,31,1
00-0033921,Chris Godwin Jr.,TB,2025,WR,,13.457551002502441,215.32081604003906,83.04977416992188,173.79592895507812,10.862245559692383,170.5764923095703,219.8002471923828,15,False,156.8644256591797,36.0,58.456390380859375,32,2
00-0035659,Terry McLaurin,WAS,2025,WR,,13.111150741577148,209.77841186523438,64.8292465209961,177.36378860473633,11.08523678779602,202.79293823242188,246.25099182128906,16,False,156.8644256591797,36.0,52.91398620605469,33,3
00-0033906,Alvin Kamara,NO,2025,RB,,11.84032016808329,189.44512268933263,42.91076577893518,167.98973979986505,10.499358737491566,154.82962943158682,218.94102270837845,12,False,139.81983121805368,24.0,49.625291471278956,34,2
00-0037267,Jerome Ford,CLE,2025,RB,,11.794866743211793,188.7178678913887,37.23030216765355,170.1027168075619,10.631419800472619,127.22088318179195,180.77113476011053,13,False,139.81983121805368,24.0,48.898036673335014,35,2
00-0038597,Chase Brown,CIN,2025,RB,,11.624860006348063,185.997760101569,33.32880894310421,169.3333556300169,10.583334726876057,168.646319178608,216.78412481424172,14,False,139.81983121805368,24.0,46.177928883515335,36,2
00-0039064,Zay Flowers,BAL,2025,WR,,12.541467666625977,200.66348266601562,68.6683578491211,166.32930374145508,10.395581483840942,165.4047393798828,222.6317901611328,17,False,156.8644256591797,36.0,43.79905700683594,37,3
00-0034827,DJ Moore,CHI,2025,WR,,12.52514362335205,200.4022979736328,75.8521728515625,162.47621154785156,10.154763221740723,184.60755920410156,231.9464569091797,18,False,156.8644256591797,36.0,43.537872314453125,38,3
00-0033858,Jonnu Smith,PIT,2025,TE,,10.347145080566406,165.5543212890625,61.092987060546875,135.00782775878906,8.437989234924316,129.23745727539062,168.81910705566406,2,False,125.88367462158203,12.0,39.67064666748047,39,2
00-0037744,Trey McBride,ARI,2025,TE,,10.276444435119629,164.42311096191406,74.04198455810547,127.40211868286133,7.962632417678833,141.7457275390625,211.90744018554688,3,False,125.88367462158203,12.0,38.53943634033203,40,2
00-0038543,Jaxon Smith-Njigba,SEA,2025,WR,,12.201742172241211,195.22787475585938,79.81029510498047,155.32272720336914,9.707670450210571,174.2948760986328,215.0464630126953,19,False,156.8644256591797,36.0,38.36344909667969,41,3
00-0037248,James Cook,BUF,2025,RB,,11.08562042228495,177.3699267565592,22.616713116350116,166.06157019838417,10.378848137399011,186.67024579371272,228.8181291302127,15,False,139.81983121805368,24.0,37.55009553850553,42,3
00-0039894,Xavier Worthy,KC,2025,WR,,12.068985939025879,193.10377502441406,66.5026626586914,159.85244369506836,9.990777730941772,156.32672119140625,205.8568878173828,20,False,156.8644256591797,36.0,36.239349365234375,43,3
00-0037740,Garrett Wilson,NYJ,2025,WR,,11.942464828491211,191.07943725585938,77.1224365234375,152.51821899414062,9.532388687133789,185.04087829589844,226.9129180908203,21,False,156.8644256591797,36.0,34.21501159667969,44,3
00-0034844,Saquon Barkley,PHI,2025,RB,,10.723882293355212,171.5821166936834,26.698283152883793,158.2329751172415,9.889560944827593,151.7789094504814,212.19102829982123,16,False,139.81983121805368,24.0,31.76228547562971,45,3
00-0036275,D'Andre Swift,CHI,2025,RB,,10.716445283478535,171.46312453565656,30.125510875315474,156.40036909799883,9.775023068624927,153.24196750700924,188.19178496343153,17,False,139.81983121805368,24.0,31.643293317602883,46,3
00-0035228,Kyler Murray,ARI,2025,QB,15.001221,18.21782684326172,273.2896423339844,0.3593525290489197,273.1099660694599,17.069372879341245,246.61654663085938,297.0987854003906,6,False,242.32208251953125,12.0,30.967559814453125,47,2
00-0036407,Jerry Jeudy,CLE,2025,WR,,11.702133178710938,187.234130859375,62.984580993652344,155.74184036254883,9.733865022659302,159.74757385253906,198.8067169189453,22,False,156.8644256591797,36.0,30.369705200195312,48,3
00-0036970,Kyle Pitts,ATL,2025,TE,,9.723273277282715,155.57237243652344,63.20165252685547,123.9715461730957,7.7482216358184814,130.08706665039062,172.59605407714844,4,False,125.88367462158203,12.0,29.688697814941406,49,2
00-0036554,Nico Collins,HOU,2025,WR,,11.623400688171387,185.9744110107422,63.60604476928711,154.17138862609863,9.635711789131165,168.57931518554688,229.28607177734375,23,False,156.8644256591797,36.0,29.1099853515625,50,3
00-0039065,Sam LaPorta,DET,2025,TE,,9.672983169555664,154.76773071289062,57.160972595214844,126.1872444152832,7.8867027759552,141.2393798828125,170.9667510986328,5,False,125.88367462158203,12.0,28.884056091308594,51,2
00-0034960,Jakobi Meyers,JAX,2025,WR,,11.578068733215332,185.2490997314453,69.36621856689453,150.56599044799805,9.410374402999878,169.24913024902344,208.0977783203125,24,False,156.8644256591797,36.0,28.384674072265625,52,3
00-0036997,Javonte Williams,DAL,2025,RB,,10.47995324113286,167.67925185812575,42.11492144010885,146.62179113807133,9.163861946129458,131.00800440198833,174.22519167952962,18,False,139.81983121805368,24.0,27.859420640072074,53,3
00-0036555,Chuba Hubbard,CAR,2025,RB,,10.46106027862293,167.3769644579669,30.445853765789245,152.15403757507227,9.509627348442017,157.41524281360122,196.96452920181306,19,False,139.81983121805368,24.0,27.557133239913213,54,3
00-0034796,Lamar Jackson,BAL,2025,QB,14.397936,18.69268226623535,269.13604736328125,0.4505537748336792,268.9107704758644,16.806923154741526,252.7728729248047,296.2458801269531,7,False,242.32208251953125,12.0,26.81396484375,55,2
00-0036252,Michael Pittman,IND,2025,WR,,11.469128608703613,183.5060577392578,57.37018585205078,154.82096481323242,9.676310300827026,152.61729431152344,198.55067443847656,25,False,156.8644256591797,36.0,26.641632080078125,56,3
00-0033040,Tyreek Hill,MIA,2025,WR,,11.42054271697998,182.7286834716797,69.3424072265625,148.05747985839844,9.253592491149902,173.763916015625,228.8944854736328,26,False,156.8644256591797,36.0,25.8642578125,57,3
00-0039384,Tyrone Tracy Jr.,NYG,2025,RB,,10.21391709120122,163.4226734592195,29.737209994559585,148.55406846193972,9.284629278871233,146.10562804152264,200.28020921167982,20,False,139.81983121805368,24.0,23.60284224116583,58,3
00-0038129,Cade Otton,TB,2025,TE,,9.283441543579102,148.53506469726562,55.30992126464844,120.8801040649414,7.555006504058838,116.90030670166016,159.5301513671875,6,False,125.88367462158203,12.0,22.651390075683594,59,2
00-0037834,Brock Purdy,SF,2025,QB,15.751345,16.7573299407959,263.9504699707031,0.23234310746192932,263.83429841697216,16.48964365106076,251.9893341064453,294.73846435546875,8,False,242.32208251953125,12.0,21.628387451171875,60,2
00-0036973,Travis Etienne,JAX,2025,RB,,10.052520217875927,160.84032348601482,44.59818775438104,138.5412296088243,8.658826850551518,126.70200111697261,166.4349650610285,21,False,139.81983121805368,24.0,21.020492267961146,61,3
00-0034351,Dallas Goedert,PHI,2025,TE,,9.10998821258545,145.7598114013672,57.538761138916016,116.99043083190918,7.311901926994324,114.47889709472656,159.3249969482422,7,False,125.88367462158203,12.0,19.876136779785156,62,2
00-0037247,George Pickens,DAL,2025,WR,,11.015074729919434,176.24119567871094,63.878807067871094,144.3017921447754,9.018862009048462,149.2857666015625,197.1737518310547,27,False,156.8644256591797,36.0,19.37677001953125,63,4
00-0039338,Brock Bowers,LV,2025,TE,,9.072970390319824,145.1675262451172,55.7145881652832,117.31023216247559,7.331889510154724,136.3784942626953,183.2447509765625,8,False,125.88367462158203,12.0,19.283851623535156,64,2
00-0039165,Zach Charbonnet,SEA,2025,RB,,9.75560513496399,156.08968215942383,36.189555130004884,137.9949045944214,8.624681537151337,138.04302474975586,168.21866455078126,22,False,139.81983121805368,24.0,16.26985094137015,65,3
00-0033553,James Conner,ARI,2025,RB,,9.71898168951579,155.50370703225263,29.904949882684875,140.5512320909102,8.784452005681887,134.50658163040652,174.56996389912547,23,False,139.81983121805368,24.0,15.683875814198956,66,3
00-0031408,Mike Evans,TB,2025,WR,,10.774044036865234,172.38470458984375,70.00181579589844,137.38379669189453,8.586487293243408,183.660888671875,233.4448699951172,28,False,156.8644256591797,36.0,15.520278930664062,67,4
00-0036355,Justin Herbert,LAC,2025,QB,16.373798,15.72362232208252,257.4554138183594,0.45685428380966187,257.22698667645454,16.07668666727841,245.50006103515625,275.5395812988281,9,False,242.32208251953125,12.0,15.133331298828125,68,2
00-0034348,Courtland Sutton,DEN,2025,WR,,10.7426176071167,171.8818817138672,59.081016540527344,142.34137344360352,8.89633584022522,151.44158935546875,203.9063720703125,29,False,156.8644256591797,36.0,15.0174560546875,69,4
00-0039851,Drake Maye,NE,2025,QB,14.793838,17.367252349853516,256.9283142089844,0.061345797032117844,256.8976413104683,16.05610258190427,212.89971923828125,267.2008361816406,10,False,242.32208251953125,12.0,14.606231689453125,70,2
00-0033908,Cooper Kupp,SEA,2025,WR,,10.666988372802734,170.67181396484375,63.448516845703125,138.9475555419922,8.684222221374512,143.55239868164062,193.98086547851562,30,False,156.8644256591797,36.0,13.807388305664062,71,4
00-0035229,T.J. Hockenson,MIN,2025,TE,,8.498512268066406,135.9761962890625,49.18635559082031,111.38301849365234,6.9614386558532715,113.48656463623047,152.86599731445312,9,False,125.88367462158203,12.0,10.092521667480469,72,2
00-0031381,Davante Adams,LA,2025,WR,,10.30223560333252,164.8357696533203,62.36018371582031,133.65567779541016,8.353479862213135,152.9551239013672,214.20535278320312,31,False,156.8644256591797,36.0,7.971343994140625,73,4
00-0035640,DK Metcalf,PIT,2025,WR,,10.225287437438965,163.60459899902344,49.402896881103516,138.90315055847168,8.68144690990448,140.3186798095703,189.1512908935547,32,False,156.8644256591797,36.0,6.74017333984375,74,4
00-0038997,Josh Downs,IND,2025,WR,,10.186903953552246,162.99046325683594,74.8462142944336,125.56735610961914,7.847959756851196,140.22471618652344,197.40907287597656,33,False,156.8644256591797,36.0,6.12603759765625,75,4
00-0034869,Sam Darnold,SEA,2025,QB,15.266156,15.977029800415039,243.9078369140625,0.0,243.9078369140625,15.244239807128906,216.01544189453125,256.58465576171875,11,False,242.32208251953125,12.0,1.58575439453125,76,2
00-0030061,Zach Ertz,WAS,2025,TE,,7.961655139923096,127.38648223876953,49.367862701416016,102.70255088806152,6.418909430503845,96.88215637207031,134.07269287109375,10,False,125.88367462158203,12.0,1.5028076171875,77,3
00-0036259,Jauan Jennings,SF,2025,WR,,9.892068862915039,158.27310180664062,60.791770935058594,127.87721633911133,7.992326021194458,142.91360473632812,182.72640991210938,34,False,156.8644256591797,36.0,1.4086761474609375,78,4
00-0039146,Jayden Reed,GB,2025,WR,,9.882391929626465,158.11827087402344,49.10567855834961,133.56543159484863,8.34783947467804,141.6502227783203,180.68576049804688,35,False,156.8644256591797,36.0,1.25384521484375,79,4
00-0033881,Evan Engram,DEN,2025,TE,,7.914931297302246,126.63890075683594,55.092777252197266,99.0925121307373,6.1932820081710815,96.26958465576172,136.61590576171875,11,False,125.88367462158203,12.0,0.7552261352539062,80,3
00-0036875,Rhamondre Stevenson,NE,2025,RB,,8.738739451128355,139.81983121805368,20.65799271119449,129.49083486245644,8.093177178903527,111.14345735647841,156.18803153380722,24,False,139.81983121805368,24.0,0.0,81,4
00-0037261,Khalil Shakir,BUF,2025,WR,,9.80402660369873,156.8644256591797,65.37865447998047,124.17509841918945,7.760943651199341,127.9991455078125,174.34649658203125,36,False,156.8644256591797,36.0,0.0,82,4
00-0034753,Mark Andrews,BAL,2025,TE,,7.867729663848877,125.88367462158203,42.67383575439453,104.54675674438477,6.534172296524048,110.80540466308594,146.27171325683594,12,False,125.88367462158203,12.0,0.0,83,3
00-0036212,Tua Tagovailoa,MIA,2025,QB,14.898392,16.264982223510742,242.32208251953125,0.2617885172367096,242.1911882609129,15.136949266307056,215.40000915527344,257.4361572265625,12,False,242.32208251953125,12.0,0.0,84,2
00-0038544,Quentin Johnston,LAC,2025,WR,,9.775547981262207,156.4087677001953,59.014076232910156,126.90172958374023,7.931358098983765,140.91513061523438,182.33206176757812,37,False,156.8644256591797,36.0,-0.455657958984375,85,4
00-0036613,Jaylen Waddle,MIA,2025,WR,,9.639144897460938,154.226318359375,49.47601318359375,129.48831176757812,8.093019485473633,127.74937438964844,167.79852294921875,38,False,156.8644256591797,36.0,-2.6381072998046875,86,4
00-0037239,Chris Olave,NO,2025,WR,,9.606951713562012,153.7112274169922,55.373111724853516,126.02467155456543,7.876541972160339,122.14729309082031,169.07867431640625,39,False,156.8644256591797,36.0,-3.1531982421875,87,4
00-0038996,Tucker Kraft,GB,2025,TE,,7.643204212188721,122.29126739501953,54.28765106201172,95.14744186401367,5.9467151165008545,109.40460968017578,150.653076171875,13,False,125.88367462158203,12.0,-3.5924072265625,88,3
00-0034837,Calvin Ridley,TEN,2025,WR,,9.492547035217285,151.88075256347656,45.15411376953125,129.30369567871094,8.081480979919434,133.65480041503906,181.18438720703125,40,False,156.8644256591797,36.0,-4.983673095703125,89,4
00-0039363,Isaac Guerendo,SF,2025,RB,,8.3717506857199,133.9480109715184,24.741342387999023,121.5773397775189,7.598583736094931,102.8249295782341,147.5657201052854,25,False,139.81983121805368,24.0,-5.871820246535265,90,4
00-0039794,Braelon Allen,NYJ,2025,RB,,8.357303438186646,133.71685501098634,31.63816719055176,117.89777141571045,7.368610713481903,105.85991752624513,171.69898513793945,26,False,139.81983121805368,24.0,-6.102976207067343,91,4
00-0039918,Caleb Williams,CHI,2025,QB,13.600315,17.33243179321289,235.72653198242188,0.06182890385389328,235.69561753049493,14.730976095655933,213.78646850585938,246.34056091308594,13,False,242.32208251953125,12.0,-6.595550537109375,92,2
00-0036040,Juwan Johnson,NO,2025,TE,,7.449324131011963,119.1891860961914,47.837772369384766,95.27029991149902,5.954393744468689,90.0774917602539,133.10682678222656,14,False,125.88367462158203,12.0,-6.694488525390625,93,3
00-0038551,Kendre Miller,NO,2025,RB,,8.309785423278809,132.95656677246095,24.708212585449218,120.60246047973634,7.537653779983521,84.43300682067871,148.27795822143554,27,False,139.81983121805368,24.0,-6.863264445592733,94,4
00-0039163,C.J. Stroud,HOU,2025,QB,13.792316,17.054595947265625,235.22238159179688,0.3228418529033661,235.0609606653452,14.691310041584074,206.01901245117188,250.58741760253906,14,False,242.32208251953125,12.0,-7.099700927734375,95,2
00-0035261,Tony Pollard,TEN,2025,RB,,8.272487141709064,132.35979426734502,23.188950233668358,120.76531915051085,7.547832446906928,123.96554834364541,151.11931806132208,28,False,139.81983121805368,24.0,-7.4600369507086555,96,4
00-0039067,Rashee Rice,KC,2025,WR,,9.324530601501465,149.19248962402344,58.477848052978516,119.95356559753418,7.497097849845886,104.82023620605469,207.85458374023438,41,False,156.8644256591797,36.0,-7.67193603515625,97,5
00-0038933,Dalton Kincaid,BUF,2025,TE,,7.375659942626953,118.01055908203125,51.58049392700195,92.22031211853027,5.763769507408142,96.7039566040039,134.04296875,15,False,125.88367462158203,12.0,-7.873115539550781,98,3
00-0037838,Isaiah Likely,BAL,2025,TE,,7.314167499542236,117.02667999267578,39.75535202026367,97.14900398254395,6.071812748908997,77.31891632080078,127.87187194824219,16,False,125.88367462158203,12.0,-8.85699462890625,99,3
00-0034791,Nick Chubb,HOU,2025,RB,,7.983133812538162,127.73014100061059,14.712147040827317,120.37406748019693,7.523379217512308,71.77915440490847,143.3347296452767,29,False,139.81983121805368,24.0,-12.089690217443092,100,4
00-0036894,Pat Freiermuth,PIT,2025,TE,,7.105144023895264,113.68230438232422,48.163612365722656,89.60049819946289,5.600031137466431,93.88359069824219,147.22781372070312,17,False,125.88367462158203,12.0,-12.201370239257812,101,3
00-0037240,Jameson Williams,DET,2025,WR,,8.957539558410645,143.3206329345703,56.07033920288086,115.28546333312988,7.205341458320618,138.44454956054688,186.63087463378906,42,False,156.8644256591797,36.0,-13.543792724609375,102,5
00-0038041,Jake Ferguson,DAL,2025,TE,,6.987902641296387,111.80644226074219,46.41162872314453,88.60062789916992,5.53753924369812,92.99784851074219,131.90032958984375,18,False,125.88367462158203,12.0,-14.077232360839844,103,3
00-0034855,Baker Mayfield,TB,2025,QB,13.193766,17.208078384399414,227.0393524169922,0.4616129696369171,226.80854593217373,14.175534120760858,213.56805419921875,249.7831268310547,15,False,242.32208251953125,12.0,-15.282730102539062,104,2
00-0033077,Dak Prescott,DAL,2025,QB,14.614803,15.513664245605469,226.72915649414062,0.23721657693386078,226.6105482056737,14.163159262854606,205.17288208007812,238.26234436035156,16,False,242.32208251953125,12.0,-15.592926025390625,105,2
00-0032764,Derrick Henry,BAL,2025,RB,,7.748167624267953,123.97068198828725,20.538958724568268,113.70120262600312,7.106325164125195,111.92616287534322,165.1789484278622,30,False,139.81983121805368,24.0,-15.849149229766425,106,4
00-0039855,Jalen McMillan,TB,2025,WR,,8.755645751953125,140.09033203125,42.754112243652344,118.71327590942383,7.419579744338989,97.51848602294922,145.20932006835938,43,False,156.8644256591797,36.0,-16.774093627929688,107,5
00-0030279,Keenan Allen,LAC,2025,WR,,8.73859691619873,139.8175506591797,56.75065231323242,111.44222450256348,6.965139031410217,124.13829040527344,186.16116333007812,44,False,156.8644256591797,36.0,-17.046875,108,5
00-0035719,Deebo Samuel Sr.,WAS,2025,WR,,8.718101501464844,139.4896240234375,44.57490921020508,117.20216941833496,7.325135588645935,108.53779602050781,156.30517578125,45,False,156.8644256591797,36.0,-17.374801635742188,109,5
00-0034829,Mike Gesicki,CIN,2025,TE,,6.751163005828857,108.01860809326172,41.556968688964844,87.2401237487793,5.452507734298706,86.83390045166016,135.14183044433594,19,False,125.88367462158203,12.0,-17.865066528320312,110,3
00-0036139,Rico Dowdle,CAR,2025,RB,,7.612900148642382,121.80640237827811,23.428653974630997,110.0920753909626,6.880754711935163,101.85673590000161,139.2791143510572,31,False,139.81983121805368,24.0,-18.01342883977557,111,4
00-0033885,David Njoku,CLE,2025,TE,,6.735811710357666,107.77298736572266,47.40463638305664,84.07066917419434,5.254416823387146,94.02290344238281,138.8017120361328,20,False,125.88367462158203,12.0,-18.110687255859375,112,3
00-0036309,Darnell Mooney,ATL,2025,WR,,8.588706970214844,137.4193115234375,40.29621124267578,117.27120590209961,7.329450368881226,114.43623352050781,144.88645935058594,46,False,156.8644256591797,36.0,-19.445114135742188,113,5
00-0037809,Chig Okonkwo,TEN,2025,TE,,6.639401912689209,106.23043060302734,43.5865478515625,84.4371566772461,5.277322292327881,102.70132446289062,140.050048828125,21,False,125.88367462158203,12.0,-19.653244018554688,114,3
00-0033293,Aaron Jones,MIN,2025,RB,,7.487786464123266,119.80458342597225,26.16142867384016,106.72386908905217,6.670241818065761,110.0498797438228,150.60586582066344,32,False,139.81983121805368,24.0,-20.015247792081425,115,4
00-0038977,Tank Dell,HOU,2025,WR,,8.527960777282715,136.44737243652344,43.689659118652344,114.60254287719727,7.162658929824829,116.43344116210938,163.39247131347656,47,False,156.8644256591797,36.0,-20.41705322265625,116,5
00-0038797,Emanuel Wilson,GB,2025,RB,,7.30924178902863,116.94786862445808,15.994698511811661,108.95051936855225,6.809407460534516,80.17743518811069,117.92871625379371,33,False,139.81983121805368,24.0,-22.871962593595597,117,5
00-0031544,Amari Cooper,LV,2025,WR,,8.348474502563477,133.57559204101562,44.367897033691406,111.39164352416992,6.96197772026062,99.46480560302734,152.93069458007812,48,False,156.8644256591797,36.0,-23.288833618164062,118,5
00-0033699,Austin Ekeler,WAS,2025,RB,,7.269288084949229,116.30860935918767,31.003341920031495,100.80693839917193,6.300433649948245,105.32202310550385,150.19487345722257,34,False,139.81983121805368,24.0,-23.51122185886601,119,5
00-0036442,Joe Burrow,CIN,2025,QB,12.9430485,16.82822036743164,217.8084716796875,0.02991345524787903,217.79351495206356,13.612094684503973,214.4259796142578,235.21092224121094,17,False,242.32208251953125,12.0,-24.51361083984375,120,2
00-0031588,Stefon Diggs,NE,2025,WR,,8.263951301574707,132.2232208251953,49.35084533691406,107.54779815673828,6.721737384796143,124.78865814208984,171.66683959960938,49,False,156.8644256591797,36.0,-24.641204833984375,121,6
00-0033897,Joe Mixon,HOU,2025,RB,,7.1933716413666335,115.09394626186614,31.667779913947324,99.26005630489247,6.2037535190557795,91.66235834924592,162.86810550885525,35,False,139.81983121805368,24.0,-24.725884956187542,122,5
00-0037256,Rachaad White,TB,2025,RB,,7.1839703200893155,114.94352512142905,25.277070086803608,102.30499007802725,6.394061879876703,112.30935815966512,162.04643659765307,36,False,139.81983121805368,24.0,-24.87630609662463,123,5
00-0039875,Ray Davis,BUF,2025,RB,,7.082719359809123,113.32350975694597,20.224398189938942,103.2113106619765,6.450706916373531,93.96752748357524,127.54255875312653,37,False,139.81983121805368,24.0,-26.496321461107712,124,5
00-0034383,Dalton Schultz,HOU,2025,TE,,6.2031121253967285,99.24979400634766,46.50704574584961,75.99627113342285,4.749766945838928,92.51837158203125,121.0225601196289,22,False,125.88367462158203,12.0,-26.633880615234375,125,4
00-0030506,Travis Kelce,KC,2025,TE,,6.104437828063965,97.67100524902344,42.49710464477539,76.42245292663574,4.776403307914734,88.58396911621094,165.8798828125,23,False,125.88367462158203,12.0,-28.212669372558594,126,4
00-0037525,Jordan Mason,MIN,2025,RB,,6.947517740032919,111.1602838405267,13.479978958543729,104.42029436125485,6.526268397578428,84.52364810424011,115.69999150228533,38,False,139.81983121805368,24.0,-28.659547377526977,127,5
00-0035685,David Montgomery,DET,2025,RB,,6.930266049657269,110.8842567945163,25.944445789814974,97.91203389960882,6.119502118725551,117.92628648041209,172.18393732654485,39,False,139.81983121805368,24.0,-28.935574423537375,128,5
00-0036550,Rashod Bateman,BAL,2025,WR,,7.940268516540527,127.04429626464844,42.3941650390625,105.84721374511719,6.615450859069824,94.30523681640625,141.82080078125,50,False,156.8644256591797,36.0,-29.82012939453125,129,6
00-0039874,Jaylen Wright,MIA,2025,RB,,6.816646118164063,109.06633789062501,11.323278226852418,103.40469877719879,6.462793673574924,57.15155841827393,118.70806579589843,40,False,139.81983121805368,24.0,-30.75349332742867,130,5
00-0034270,Tyler Conklin,LAC,2025,TE,,5.898395538330078,94.37432861328125,32.56943893432617,78.08960914611816,4.880600571632385,61.42573165893555,96.70089721679688,24,False,125.88367462158203,12.0,-31.50934600830078,131,4
00-0037263,Tyler Allgeier,ATL,2025,RB,,6.760766906764392,108.17227050823027,16.973831159655646,99.68535492840245,6.230334683025153,92.88235109301809,118.79619704881651,41,False,139.81983121805368,24.0,-31.64756070982341,132,5
00-0026498,Matthew Stafford,LA,2025,QB,13.174839,15.913211822509766,209.6540069580078,0.19836322963237762,209.55482534319162,13.097176583949476,190.24203491210938,237.7076416015625,18,False,242.32208251953125,12.0,-32.66807556152344,133,2
00-0033357,Taysom Hill,NO,2025,TE,,5.799037456512451,92.78459930419922,19.333599090576172,83.11779975891113,5.194862484931946,68.69609832763672,108.17947387695312,25,False,125.88367462158203,12.0,-33.09907531738281,134,4
00-0039919,Rome Odunze,CHI,2025,WR,,7.555488109588623,120.88780975341797,38.3272705078125,101.72417449951172,6.357760906219482,98.61660766601562,157.20330810546875,51,False,156.8644256591797,36.0,-35.97661590576172,135,6
00-0039150,Bryce Young,CAR,2025,QB,12.912486,15.947702407836914,205.9244842529297,0.0,205.9244842529297,12.870280265808105,171.7916259765625,202.03868103027344,19,False,242.32208251953125,12.0,-36.39759826660156,136,2
00-0037228,Jaylen Warren,PIT,2025,RB,,6.414531317511133,102.63250108017813,26.95918159020102,89.15291028507762,5.5720568928173515,80.93838605725382,124.74467981640073,42,False,139.81983121805368,24.0,-37.18733013787555,137,5
00-0037258,Dameon Pierce,KC,2025,RB,,6.3080395263617035,100.92863242178726,12.76612173583718,94.54557155386867,5.909098222116792,69.06225969866804,106.98255198829227,43,False,139.81983121805368,24.0,-38.89119879626642,138,5
00-0033090,Hunter Henry,NE,2025,TE,,5.415424346923828,86.64678955078125,34.929115295410156,69.18223190307617,4.323889493942261,77.26544189453125,128.41127014160156,26,False,125.88367462158203,12.0,-39.23688507080078,139,4
00-0033106,Jared Goff,DET,2025,QB,12.186348,16.622304916381836,202.565185546875,0.0,202.565185546875,12.660324096679688,191.90921020507812,221.9957275390625,20,False,242.32208251953125,12.0,-39.75689697265625,140,3
00-0036290,Cole Kmet,CHI,2025,TE,,5.3825578689575195,86.12092590332031,30.36664390563965,70.93760395050049,4.4336002469062805,83.17337036132812,115.25812530517578,27,False,125.88367462158203,12.0,-39.76274871826172,141,4
00-0033923,Kareem Hunt,KC,2025,RB,,6.245817547533139,99.93308076053022,21.1889767596658,89.3385923806973,5.583662023793582,83.88851212712365,115.46357424486018,44,False,139.81983121805368,24.0,-39.88675045752346,142,5
00-0033045,Ezekiel Elliott,DAL,2025,RB,,6.190404115362905,99.04646584580648,24.814490650263167,86.6392205206749,5.414951282542181,75.30438223476527,112.11623814775388,45,False,139.81983121805368,24.0,-40.7733653722472,143,5
00-0039793,AJ Barner,SEA,2025,TE,,5.317184925079346,85.07495880126953,34.720176696777344,67.71487045288086,4.232179403305054,68.79327392578125,96.77816009521484,28,False,125.88367462158203,12.0,-40.8087158203125,144,4
00-0037197,Isiah Pacheco,KC,2025,RB,,6.171453465720222,98.74325545152355,20.136276221461365,88.67511734079287,5.542194833799554,79.34261092591335,132.58973308680729,46,False,139.81983121805368,24.0,-41.07657576653013,145,5
00-0036893,Najee Harris,LAC,2025,RB,,6.13988374952255,98.2381399923608,23.974012652820797,86.25113366595039,5.390695854121899,92.40366025006911,122.11387005335334,47,False,139.81983121805368,24.0,-41.58169122569288,146,5
00-0039746,Will Shipley,PHI,2025,RB,,6.130957479476929,98.09531967163086,24.10529026031494,86.04267454147339,5.377667158842087,70.3187409210205,152.9847200012207,48,False,139.81983121805368,24.0,-41.72451154642282,147,5
00-0039921,Trey Benson,ARI,2025,RB,,6.034251565933228,96.54802505493164,14.716236391067506,89.1899068593979,5.574369178712368,75.91804573059082,133.53602035522462,49,False,139.81983121805368,24.0,-43.27180616312204,148,6
00-0036637,Noah Gray,KC,2025,TE,,5.103326320648193,81.6532211303711,32.476112365722656,65.41516494750977,4.08844780921936,57.83987045288086,106.05708312988281,29,False,125.88367462158203,12.0,-44.23045349121094,149,4
00-0035644,Noah Fant,CIN,2025,TE,,5.0995612144470215,81.59297943115234,39.37176513671875,61.90709686279297,3.8691935539245605,52.19728469848633,99.79218292236328,30,False,125.88367462158203,12.0,-44.29069519042969,150,4
00-0038951,Sean Tucker,TB,2025,RB,,5.878144941329956,94.0503190612793,19.267517261505127,84.41656043052673,5.276035026907921,75.28856636047364,124.63030647277833,50,False,139.81983121805368,24.0,-45.76951215677438,151,6
00-0039917,Michael Penix Jr.,ATL,2025,QB,13.176741,14.772012710571289,194.64698791503906,0.006234848406165838,194.64387049083598,12.165241905677249,161.33218383789062,218.52432250976562,21,False,242.32208251953125,12.0,-47.67509460449219,152,3
00-0036261,Brandon Aiyuk,SF,2025,WR,,6.814408302307129,109.03053283691406,31.33557891845703,93.36274337768555,5.835171461105347,90.31886291503906,130.69163513183594,52,False,156.8644256591797,36.0,-47.833892822265625,153,6
00-0038559,Michael Wilson,ARI,2025,WR,,6.811668872833252,108.98670196533203,38.45167922973633,89.76086235046387,5.610053896903992,82.70770263671875,123.6486587524414,53,False,156.8644256591797,36.0,-47.877723693847656,154,6
00-0037816,Romeo Doubs,GB,2025,WR,,6.803133487701416,108.85013580322266,41.04698181152344,88.32664489746094,5.520415306091309,99.11388397216797,139.72877502441406,54,False,156.8644256591797,36.0,-48.01428985595703,155,6
00-0038393,Dontayvion Wicks,GB,2025,WR,,6.758373737335205,108.13397979736328,30.740266799926758,92.7638463973999,5.797740399837494,74.70258331298828,128.451171875,55,False,156.8644256591797,36.0,-48.730445861816406,156,6
00-0036328,Antonio Gibson,NE,2025,RB,,5.587536571892381,89.40058515027809,18.85131580521194,79.97492724767211,4.998432952979507,74.49566220387297,111.56765451513522,51,False,139.81983121805368,24.0,-50.41924606777559,157,6
00-0036251,Zack Moss,CIN,2025,RB,,5.562450115920583,88.99920185472932,30.499471706492212,73.74946600148321,4.609341625092701,73.90081787255592,117.72143360051777,52,False,139.81983121805368,24.0,-50.82062936332436,158,6
00-0036919,Kenny Gainwell,PIT,2025,RB,,5.517901290417697,88.28642064668315,15.028718990369011,80.77206115149865,5.0482538219686655,64.51386957188163,103.23445146078937,53,False,139.81983121805368,24.0,-51.533410571370524,159,6
00-0037746,Brian Robinson,SF,2025,RB,,5.486492858621701,87.78388573794722,12.923715032281164,81.32202822180663,5.082626763862915,86.52480551514049,125.6190383511125,54,False,139.81983121805368,24.0,-52.03594548010646,160,6
00-0038621,DeMario Douglas,NE,2025,WR,,6.535521507263184,104.56834411621094,51.29580307006836,78.92044258117676,4.932527661323547,92.29240417480469,134.50730895996094,56,False,156.8644256591797,36.0,-52.29608154296875,161,6
00-0038555,Tank Bigsby,PHI,2025,RB,,5.457051343917847,87.31282150268555,15.424391841888427,79.60062558174134,4.975039098858834,77.7500299835205,126.5572737121582,55,False,139.81983121805368,24.0,-52.50700971536813,162,6
00-0034159,Will Dissly,LAC,2025,TE,,4.582995414733887,73.32792663574219,29.731672286987305,58.462090492248535,3.6538806557655334,51.07493591308594,84.39376068115234,31,False,125.88367462158203,12.0,-52.555747985839844,163,4
00-0033925,D'Onta Foreman,CLE,2025,RB,,5.395995630842623,86.33593009348196,14.982622580309586,78.84461880332717,4.927788675207948,56.86827629977102,104.0947762722091,56,False,139.81983121805368,24.0,-53.483901124571716,164,6
00-0038608,Kayshon Boutte,NE,2025,WR,,6.354705333709717,101.67528533935547,36.21946334838867,83.56555366516113,5.222847104072571,80.7396240234375,114.87174224853516,57,False,156.8644256591797,36.0,-55.18914031982422,165,6
00-0039032,Tyjae Spears,TEN,2025,RB,,5.2818515634536745,84.50962501525879,32.10956750869751,68.45484126091003,4.278427578806877,73.49951187133789,127.63674156188965,57,False,139.81983121805368,24.0,-55.31020620279489,166,6
00-0030035,Adam Thielen,PIT,2025,WR,,6.338495254516602,101.41592407226562,35.98165512084961,83.42509651184082,5.214068531990051,93.84245300292969,134.8002166748047,58,False,156.8644256591797,36.0,-55.44850158691406,167,6
00-0034184,Gus Edwards,LAC,2025,RB,,5.2057130018152,83.2914080290432,8.448637086116312,79.06708948598505,4.941693092874066,57.18392648904475,98.53132913013746,58,False,139.81983121805368,24.0,-56.52842318901048,168,6
00-0030565,Geno Smith,LV,2025,QB,13.582522,13.673641204833984,185.7225341796875,0.21125975251197815,185.6169043034315,11.60105651896447,177.91107177734375,205.32928466796875,22,False,242.32208251953125,12.0,-56.59954833984375,169,3
00-0038454,Keaton Mitchell,BAL,2025,RB,,5.143276262283325,82.2924201965332,10.622806205749512,76.98101709365845,4.811313568353653,59.88122108459473,97.31108726501465,59,False,139.81983121805368,24.0,-57.52741102152048,170,6
00-0039738,Blake Corum,LA,2025,RB,,5.129219279289246,82.06750846862793,17.254419384002684,73.44029877662659,4.590018673539162,46.38277294158936,91.83433227539062,60,False,139.81983121805368,24.0,-57.752322749425744,171,6
00-0039356,Ja'Tavion Sanders,CAR,2025,TE,,4.244211196899414,67.90737915039062,26.14423370361328,54.835262298583984,3.427203893661499,67.64395141601562,99.94293212890625,32,False,125.88367462158203,12.0,-57.976295471191406,172,5
00-0032104,Ameer Abdullah,IND,2025,RB,,5.111273113168486,81.78036981069577,21.680785766029754,70.9399769276809,4.433748557980056,53.430584017305165,86.00429493631917,61,False,139.81983121805368,24.0,-58.039461407357905,173,6
00-0037005,Tommy Tremble,CAR,2025,TE,,4.223440170288086,67.57504272460938,19.963897705078125,57.59309387207031,3.5995683670043945,38.97404861450195,63.35670852661133,33,False,125.88367462158203,12.0,-58.308631896972656,174,5
00-0038117,Wan'Dale Robinson,NYG,2025,WR,,6.086792469024658,97.38867950439453,47.2541389465332,73.76161003112793,4.610100626945496,91.51669311523438,147.91458129882812,59,False,156.8644256591797,36.0,-59.475746154785156,175,6
00-0035250,Devin Singletary,NYG,2025,RB,,4.930259220588705,78.88414752941928,17.587101020630218,70.09059701910417,4.38066231369401,63.1086661911794,93.53038670873413,62,False,139.81983121805368,24.0,-60.9356836886344,176,6
00-0035243,Miles Sanders,DAL,2025,RB,,4.877890009697294,78.04624015515671,26.714115503273298,64.68918240352006,4.043073900220004,65.33445453735185,88.4378057530251,63,False,139.81983121805368,24.0,-61.77359106289697,177,6
00-0035249,Josh Oliver,MIN,2025,TE,,4.000380992889404,64.00609588623047,26.51099395751953,50.7505989074707,3.171912431716919,40.62067794799805,68.5944595336914,34,False,125.88367462158203,12.0,-61.87757873535156,178,5
00-0036980,Elijah Moore,DEN,2025,WR,,5.884132385253906,94.1461181640625,25.72843360900879,81.2819013595581,5.080118834972382,63.267539978027344,104.7149658203125,60,False,156.8644256591797,36.0,-62.71830749511719,179,6
00-0039376,Spencer Rattler,NO,2025,QB,12.341802,14.4768705368042,178.67066955566406,0.025708874687552452,178.6578151183203,11.166113444895018,146.4617462158203,189.93165588378906,23,False,242.32208251953125,12.0,-63.65141296386719,180,3
00-0039901,Keon Coleman,BUF,2025,WR,,5.824177265167236,93.18683624267578,39.076663970947266,73.64850425720215,4.603031516075134,81.22625732421875,121.77278137207031,61,False,156.8644256591797,36.0,-63.677589416503906,181,6
00-0039847,Theo Johnson,NYG,2025,TE,,3.887545108795166,62.200721740722656,25.00907325744629,49.69618511199951,3.1060115694999695,57.020172119140625,90.62794494628906,35,False,125.88367462158203,12.0,-63.682952880859375,182,5
00-0037805,Jeremy Ruckert,NYJ,2025,TE,,3.823026180267334,61.168418884277344,22.546140670776367,49.89534854888916,3.1184592843055725,43.32827377319336,65.32513427734375,36,False,125.88367462158203,12.0,-64.71525573730469,183,5
00-0037545,Rashid Shaheed,SEA,2025,WR,,5.731539249420166,91.70462799072266,31.281003952026367,76.06412601470947,4.754007875919342,78.51549530029297,126.9010238647461,62,False,156.8644256591797,36.0,-65.15979766845703,184,6
00-0035689,Dawson Knox,BUF,2025,TE,,3.7813432216644287,60.50149154663086,29.453996658325195,45.77449321746826,2.8609058260917664,51.87001037597656,75.58152770996094,37,False,125.88367462158203,12.0,-65.38218307495117,185,5
00-0038098,Pierre Strong,GB,2025,RB,,4.650194753105717,74.40311604969148,18.103089237630897,65.35157143087602,4.084473214429751,41.22091538081342,66.86275683910205,64,False,139.81983121805368,24.0,-65.4167151683622,186,6
00-0038935,Brenton Strange,JAX,2025,TE,,3.7340219020843506,59.74435043334961,23.42583656311035,48.031432151794434,3.001964509487152,52.405235290527344,90.63666534423828,38,False,125.88367462158203,12.0,-66.13932418823242,187,5
00-0039916,Ricky Pearsall,SF,2025,WR,,5.6530585289001465,90.44893646240234,29.58243751525879,75.65771770477295,4.728607356548309,63.58128356933594,116.15394592285156,63,False,156.8644256591797,36.0,-66.41548919677734,188,6
00-0035628,D'Ernest Johnson,NE,2025,RB,,4.529806862572625,72.476909801162,19.31885414660099,62.817482727861496,3.9260926704913435,41.905130224861075,71.50190019042257,65,False,139.81983121805368,24.0,-67.34292141689168,189,6
00-0038547,Luke Schoonmaker,DAL,2025,TE,,3.6528689861297607,58.44590377807617,26.748470306396484,45.07166862487793,2.8169792890548706,46.814849853515625,74.63903045654297,39,False,125.88367462158203,12.0,-67.43777084350586,190,5
00-0039391,Kimani Vidal,LAC,2025,RB,,4.470685896873475,71.5309743499756,14.334055013656616,64.36394684314727,4.022746677696705,49.93568435668946,93.82336418151856,66,False,139.81983121805368,24.0,-68.28885686807808,191,6
00-0039342,Xavier Legette,CAR,2025,WR,,5.512979984283447,88.20767974853516,33.35359191894531,71.5308837890625,4.470680236816406,76.61233520507812,117.8977279663086,64,False,156.8644256591797,36.0,-68.65674591064453,192,6
00-0030578,Cordarrelle Patterson,PIT,2025,RB,,4.447606444358826,71.16170310974121,18.9752140045166,61.67409610748291,3.854631006717682,48.22123146057129,82.90690040588379,67,False,139.81983121805368,24.0,-68.65812810831247,193,6
00-0036264,Jordan Love,GB,2025,QB,12.449764,13.939664840698242,173.54554748535156,0.004953004419803619,173.54307098314166,10.846441936446354,154.42239379882812,192.815185546875,24,False,242.32208251953125,12.0,-68.77653503417969,194,3
00-0038685,Chris Brooks,GB,2025,RB,,4.432738342432026,70.92381347891242,13.80220964143898,64.02270865819293,4.001419291137058,55.36728333945147,77.947233702172,68,False,139.81983121805368,24.0,-68.89601773914126,195,6
00-0036971,Trevor Lawrence,JAX,2025,QB,12.290455,14.110342025756836,173.42251586914062,0.28448179364204407,173.2802749723196,10.830017185769975,160.49334716796875,192.04971313476562,25,False,242.32208251953125,12.0,-68.89956665039062,196,3
00-0039021,Roschon Johnson,CHI,2025,RB,,4.311959519386291,68.99135231018066,21.06701343536377,58.45784559249878,3.6536153495311736,60.732252769470215,99.53358070373535,69,False,139.81983121805368,24.0,-70.82847890787302,197,6
00-0037291,Jalen Nailor,MIN,2025,WR,,5.372384548187256,85.9581527709961,26.144716262817383,72.8857946395874,4.555362164974213,52.9789924621582,87.69442749023438,65,False,156.8644256591797,36.0,-70.9062728881836,198,6
00-0033948,Jamaal Williams,NO,2025,RB,,4.305563276536982,68.88901242459171,15.448673365982652,61.16467574160039,3.8227922338500244,33.92270461889916,75.80444410388067,70,False,139.81983121805368,24.0,-70.93081879346197,199,6
00-0036906,Khalil Herbert,NYJ,2025,RB,,4.265271519459249,68.24434431134799,17.035491200355047,59.72659871117046,3.7329124194481538,53.352270082791,82.43127397431486,71,False,139.81983121805368,24.0,-71.57548690670569,200,6
00-0039868,Troy Franklin,DEN,2025,WR,,5.315176486968994,85.0428237915039,26.87993621826172,71.60285568237305,4.475178480148315,65.39262390136719,120.70238494873047,66,False,156.8644256591797,36.0,-71.82160186767578,201,6
00-0034972,Alexander Mattison,MIA,2025,RB,,4.218807547038586,67.50092075261738,21.566807032917396,56.71751723615867,3.544844827259917,58.6057528623859,93.60223434881671,72,False,139.81983121805368,24.0,-72.3189104654363,202,6
00-0023459,Aaron Rodgers,PIT,2025,QB,11.331489,14.973515510559082,169.67222595214844,0.11182886362075806,169.61631152033806,10.601019470021129,158.748291015625,178.0116729736328,26,False,242.32208251953125,12.0,-72.64985656738281,203,3
00-0038589,Josh Whyle,GB,2025,TE,,3.3127059936523438,53.0032958984375,20.743206024169922,42.63169288635254,2.6644808053970337,27.80413818359375,53.236907958984375,40,False,125.88367462158203,12.0,-72.88037872314453,204,5
00-0034830,Hayden Hurst,LAC,2025,TE,,3.3008346557617188,52.8133544921875,17.274789810180664,44.17595958709717,2.760997474193573,39.224369049072266,66.77386474609375,41,False,125.88367462158203,12.0,-73.07032012939453,205,5
00-0039325,Carson Steele,KC,2025,RB,,4.16075056552887,66.57200904846192,11.694974699020387,60.724521698951726,3.795282606184483,53.526177978515626,112.4907389831543,73,False,139.81983121805368,24.0,-73.24782216959176,206,6
00-0038040,Zamir White,LV,2025,RB,,4.096489643502284,65.54383429603655,16.616504413401074,57.235582089336006,3.5772238805835004,55.265747610662665,89.08558864199242,74,False,139.81983121805368,24.0,-74.27599692201713,207,6
00-0039050,Payne Durham,TB,2025,TE,,3.216771125793457,51.46833801269531,20.037792205810547,41.44944190979004,2.5905901193618774,38.590797424316406,81.49423217773438,42,False,125.88367462158203,12.0,-74.41533660888672,208,5
00-0038794,Jaleel McLaughlin,DEN,2025,RB,,4.035960645675659,64.57537033081054,12.647718019485474,58.25151132106781,3.640719457566738,54.12715145111084,89.79155761718751,75,False,139.81983121805368,24.0,-75.24446088724314,209,6
00-0038558,Darnell Washington,PIT,2025,TE,,3.164081573486328,50.62530517578125,18.53264045715332,41.35898494720459,2.584936559200287,35.01744079589844,58.41377258300781,43,False,125.88367462158203,12.0,-75.25836944580078,210,5
00-0037252,Greg Dulcich,MIA,2025,TE,,3.07492733001709,49.19883728027344,17.13855743408203,40.62955856323242,2.5393474102020264,38.59885025024414,62.89899826049805,44,False,125.88367462158203,12.0,-76.6848373413086,211,5
00-0039798,Isaiah Davis,NYJ,2025,RB,,3.9104548859596253,62.567278175354005,17.981080093383788,53.57673812866211,3.3485461330413817,48.932921142578124,91.5245118713379,76,False,139.81983121805368,24.0,-77.25255304269967,212,6
00-0038611,Chris Rodriguez Jr.,WAS,2025,RB,,3.890409222070197,62.24654755312315,6.578157430263026,58.957468837991634,3.684841802374477,48.15265367308192,85.6220382075796,77,False,139.81983121805368,24.0,-77.57328366493053,213,6
00-0034115,Jeff Wilson,MIA,2025,RB,,3.887044840805503,62.19271745288805,15.182019996094754,54.60170745484067,3.412606715927542,31.06173136341009,61.763453926645184,78,False,139.81983121805368,24.0,-77.62711376516563,214,6
00-0037091,Bo Melton,GB,2025,WR,,4.948012828826904,79.16820526123047,29.896268844604492,64.22007083892822,4.013754427433014,49.35454177856445,90.4341049194336,67,False,156.8644256591797,36.0,-77.69622039794922,215,6
00-0036196,Gabe Davis,BUF,2025,WR,,4.929802417755127,78.87683868408203,28.494483947753906,64.62959671020508,4.039349794387817,54.1374397277832,100.6456069946289,68,False,156.8644256591797,36.0,-77.98758697509766,216,6
00-0039062,Jonathan Mingo,DAL,2025,WR,,4.926822185516357,78.82915496826172,30.532041549682617,63.56313419342041,3.9726958870887756,65.86002349853516,108.98265075683594,69,False,156.8644256591797,36.0,-78.03527069091797,217,6
00-0032392,Austin Hooper,NE,2025,TE,,2.9761416912078857,47.61826705932617,11.503925323486328,41.86630439758301,2.616644024848938,32.56599807739258,67.28968048095703,45,False,125.88367462158203,12.0,-78.26540756225586,218,5
00-0038115,Daniel Bellinger,NYG,2025,TE,,2.9522595405578613,47.23615264892578,18.404674530029297,38.03381538391113,2.377113461494446,34.547664642333984,56.41561508178711,46,False,125.88367462158203,12.0,-78.64752197265625,219,5
00-0038622,Deuce Vaughn,DEN,2025,RB,,3.776362977027893,60.42180763244629,10.540852241516113,55.151381511688236,3.4469613444805147,34.22168556213379,75.74683746337891,79,False,139.81983121805368,24.0,-79.39802358560739,220,6
00-0039359,Cade Stover,HOU,2025,TE,,2.8855478763580322,46.168766021728516,19.874448776245117,36.23154163360596,2.2644713521003723,33.880680084228516,58.05261993408203,47,False,125.88367462158203,12.0,-79.71490859985352,221,5
00-0030564,DeAndre Hopkins,BAL,2025,WR,,4.797604560852051,76.76167297363281,28.07729721069336,62.72302436828613,3.9201890230178833,60.49238967895508,106.35383605957031,70,False,156.8644256591797,36.0,-80.10275268554688,222,6
00-0039491,Jalen Coker,CAR,2025,WR,,4.787126064300537,76.5940170288086,28.681791305541992,62.2531213760376,3.89082008600235,51.64128112792969,102.8284683227539,71,False,156.8644256591797,36.0,-80.2704086303711,223,6
00-0033217,Mo Alie-Cox,IND,2025,TE,,2.844740867614746,45.51585388183594,14.813026428222656,38.10934066772461,2.381833791732788,35.091148376464844,52.80056381225586,48,False,125.88367462158203,12.0,-80.3678207397461,224,5
00-0034364,Jordan Akins,JAX,2025,TE,,2.7504446506500244,44.00711441040039,10.363947868347168,38.82514047622681,2.4265712797641754,30.381685256958008,54.952735900878906,49,False,125.88367462158203,12.0,-81.87656021118164,225,6
00-0033526,Samaje Perine,CIN,2025,RB,,3.605357194240578,57.68571510784925,20.61839995315677,47.376515131270864,2.961032195704429,47.89476205680894,75.7664792297802,80,False,139.81983121805368,24.0,-82.13411611020443,226,6
00-0036849,Tutu Atwell,LA,2025,WR,,4.633209228515625,74.13134765625,23.92167854309082,62.17050838470459,3.885656774044037,61.25697708129883,96.75869750976562,72,False,156.8644256591797,36.0,-82.73307800292969,227,6
00-0035710,Daniel Jones,IND,2025,QB,10.039891,15.859031677246094,159.2229461669922,0.014475924894213676,159.21570820454508,9.950981762784068,128.73971557617188,161.57522583007812,27,False,242.32208251953125,12.0,-83.09913635253906,228,3
00-0033591,Noah Brown,WAS,2025,WR,,4.605271816253662,73.6843490600586,20.23295021057129,63.56787395477295,3.9729921221733093,53.55077362060547,89.81636810302734,73,False,156.8644256591797,36.0,-83.1800765991211,229,6
00-0035500,Greg Dortch,ARI,2025,WR,,4.59890604019165,73.5824966430664,23.868249893188477,61.64837169647217,3.8530232310295105,58.15793991088867,82.92871856689453,74,False,156.8644256591797,36.0,-83.28192901611328,230,6
00-0032211,Tyler Lockett,LV,2025,WR,,4.5956501960754395,73.53040313720703,25.222517013549805,60.91914463043213,3.807446539402008,45.26856231689453,89.44277954101562,75,False,156.8644256591797,36.0,-83.33402252197266,231,6
00-0038619,Andrei Iosivas,CIN,2025,WR,,4.585630893707275,73.3700942993164,24.412975311279297,61.16360664367676,3.8227254152297974,49.787635803222656,84.58586120605469,76,False,156.8644256591797,36.0,-83.49433135986328,232,6
00-0036414,Cam Akers,SEA,2025,RB,,3.5056757238203335,56.09081158112534,11.925749206477695,50.12793697788649,3.1329960611179057,48.44245810655598,84.88533772984897,81,False,139.81983121805368,24.0,-83.72901963692834,233,6
00-0032394,Nick Vannett,LA,2025,TE,,2.579850196838379,41.27760314941406,12.794451713562012,34.88037729263306,2.180023580789566,22.58255958557129,46.892086029052734,50,False,125.88367462158203,12.0,-84.60607147216797,234,6
00-0034975,Justice Hill,BAL,2025,RB,,3.4490288970896352,55.184462353434164,28.32233213546095,41.02329628570369,2.5639560178564804,49.83376998757761,88.9726690178779,82,False,139.81983121805368,24.0,-84.63536886461952,235,6
00-0036876,Kylen Granson,PHI,2025,TE,,2.558293342590332,40.93269348144531,19.484220504760742,31.19058322906494,1.9494114518165588,38.51922607421875,58.4660530090332,51,False,125.88367462158203,12.0,-84.95098114013672,236,6
00-0037617,Hassan Haskins,LAC,2025,RB,,3.429065989158808,54.865055826540924,9.610096448608491,50.06000760223668,3.1287504751397925,34.12169292692776,63.41874974563463,83,False,139.81983121805368,24.0,-84.95477539151275,237,6
00-0037666,Jalen Tolbert,DAL,2025,WR,,4.438002109527588,71.0080337524414,32.218238830566406,54.8989143371582,3.4311821460723877,56.72523498535156,96.8802490234375,77,False,156.8644256591797,36.0,-85.85639190673828,238,6
00-0038976,Marvin Mims Jr.,DEN,2025,WR,,4.432313442230225,70.9170150756836,32.8957633972168,54.469133377075195,3.4043208360671997,69.65251922607422,106.3177261352539,78,False,156.8644256591797,36.0,-85.9474105834961,239,6
00-0036244,Colby Parkinson,LA,2025,TE,,2.480510711669922,39.68817138671875,18.460100173950195,30.458121299743652,1.9036325812339783,35.00060272216797,54.29648971557617,52,False,125.88367462158203,12.0,-86.19550323486328,240,6
00-0039144,Luke Musgrave,GB,2025,TE,,2.456801414489746,39.30882263183594,18.489652633666992,30.06399631500244,1.8789997696876526,35.3420295715332,69.43292999267578,53,False,125.88367462158203,12.0,-86.5748519897461,241,6
00-0037120,Tyler Goodson,IND,2025,RB,,3.320566003322601,53.12905605316162,13.105885000228882,46.57611355304718,2.9110070970654487,46.354212036132814,73.78861000061035,84,False,139.81983121805368,24.0,-86.69077516489206,242,6
00-0037086,Grant Calcaterra,PHI,2025,TE,,2.43820858001709,39.01133728027344,17.490314483642578,30.26618003845215,1.8916362524032593,33.44736862182617,74.68173217773438,54,False,125.88367462158203,12.0,-86.8723373413086,243,6
00-0033895,Gerald Everett,CHI,2025,TE,,2.41536021232605,38.6457633972168,17.92617416381836,29.682676315307617,1.855167269706726,31.695213317871094,65.760986328125,55,False,125.88367462158203,12.0,-87.23791122436523,244,6
00-0038783,Nate Adkins,DEN,2025,TE,,2.4021787643432617,38.43486022949219,16.031028747558594,30.41934585571289,1.9012091159820557,23.7365779876709,48.36043930053711,56,False,125.88367462158203,12.0,-87.44881439208984,245,6
00-0037475,Stone Smartt,NYJ,2025,TE,,2.3923869132995605,38.27819061279297,17.134428024291992,29.710976600646973,1.8569360375404358,24.369369506835938,55.554161071777344,57,False,125.88367462158203,12.0,-87.60548400878906,246,6
00-0036626,Dyami Brown,JAX,2025,WR,,4.314555644989014,69.03289031982422,23.943632125854492,57.06107425689697,3.566317141056061,52.08199691772461,87.4419937133789,79,False,156.8644256591797,36.0,-87.83153533935547,247,6
00-0039796,Rasheen Ali,BAL,2025,RB,,3.223314430713654,51.57303089141846,12.278707113265991,45.433677334785465,2.8396048334240915,35.534229888916016,88.6525161743164,85,False,139.81983121805368,24.0,-88.24680032663522,248,6
00-0033246,Johnny Mundt,JAX,2025,TE,,2.3414759635925293,37.46361541748047,12.612997055053711,31.157116889953613,1.9473198056221008,18.928266525268555,41.89318084716797,58,False,125.88367462158203,12.0,-88.42005920410156,249,6
00-0038124,Christian Watson,GB,2025,WR,,4.271334648132324,68.34135437011719,18.454835891723633,59.11393642425537,3.6946210265159607,51.39540100097656,92.06011199951172,80,False,156.8644256591797,36.0,-88.5230712890625,250,6
00-0036425,DeeJay Dallas,JAX,2025,RB,,3.2012892981704826,51.22062877072772,10.502761024381101,45.96924825853717,2.873078016158573,24.345193718708515,51.35453323520919,86,False,139.81983121805368,24.0,-88.59920244732595,251,6
00-0037509,Sincere McCormick,MIN,2025,RB,,3.1869153857231143,50.99064617156983,9.297752485275268,46.341769928932194,2.896360620558262,34.378803939819335,80.62237144470215,87,False,139.81983121805368,24.0,-88.82918504648384,252,6
00-0037664,Alec Pierce,IND,2025,WR,,4.241525650024414,67.86441040039062,24.174470901489258,55.777174949645996,3.4860734343528748,68.64762878417969,114.387939453125,81,False,156.8644256591797,36.0,-89.00001525878906,253,6
00-0038720,Julian Hill,MIA,2025,TE,,2.283482074737549,36.53571319580078,11.385266304016113,30.843080043792725,1.9276925027370453,28.20578956604004,49.856937408447266,59,False,125.88367462158203,12.0,-89.34796142578125,254,6
00-0036628,John Bates,WAS,2025,TE,,2.219337224960327,35.509395599365234,11.156532287597656,29.931129455566406,1.8706955909729004,22.782636642456055,39.75138854980469,60,False,125.88367462158203,12.0,-90.3742790222168,255,6
00-0034613,Tanner Hudson,CIN,2025,TE,,2.212674617767334,35.402793884277344,10.043046951293945,30.38127040863037,1.8988294005393982,22.45383071899414,49.39970779418945,61,False,125.88367462158203,12.0,-90.48088073730469,256,6
00-0038705,Emari Demercado,ARI,2025,RB,,3.0670326780342716,49.072522848548346,12.324785238183745,42.91013022945647,2.6818831393410294,35.85189685278442,75.67693720139354,88,False,139.81983121805368,24.0,-90.74730836950533,257,6
00-0035973,Patrick Taylor,SF,2025,RB,,3.056702975521832,48.90724760834931,4.450539606911609,46.681977804893506,2.917623612805844,38.515048745799604,67.43656917501524,89,False,139.81983121805368,24.0,-90.91258360970437,258,6
00-0039810,Jermaine Burton,CIN,2025,WR,,4.106223106384277,65.69956970214844,18.377750396728516,56.51069450378418,3.5319184064865112,37.169715881347656,71.35363006591797,82,False,156.8644256591797,36.0,-91.16485595703125,259,6
00-0039373,Audric Estimé,NO,2025,RB,,3.038178105354309,48.610849685668946,11.279416275024415,42.97114154815674,2.685696346759796,57.50097667694092,87.71817497253419,90,False,139.81983121805368,24.0,-91.20898153238474,260,6
00-0038979,Cedric Tillman,CLE,2025,WR,,4.012388229370117,64.19821166992188,20.71892738342285,53.83874797821045,3.364921748638153,57.123207092285156,81.1862564086914,83,False,156.8644256591797,36.0,-92.66621398925781,261,6
00-0034981,Foster Moreau,NO,2025,TE,,2.0688436031341553,33.101497650146484,12.49980640411377,26.8515944480896,1.6782246530056,31.117284774780273,68.70455932617188,62,False,125.88367462158203,12.0,-92.78217697143555,262,6
00-0031687,Raheem Mostert,LV,2025,RB,,2.9042093753814697,46.467350006103516,11.678561925888062,40.628069043159485,2.539254315197468,52.05743408203125,78.30536270141602,91,False,139.81983121805368,24.0,-93.35248121195016,263,6
00-0039074,Davis Allen,LA,2025,TE,,2.0258820056915283,32.41411209106445,12.960623741149902,25.933800220489502,1.6208625137805939,27.626636505126953,46.8953857421875,63,False,125.88367462158203,12.0,-93.46956253051758,264,6
00-0037557,Ronnie Rivers,LA,2025,RB,,2.8942738821961798,46.308382115138876,8.051105476747548,42.2828293767651,2.642676836047819,37.579587675325676,59.94155207295193,92,False,139.81983121805368,24.0,-93.51144910291481,265,6
00-0037292,Andrew Ogletree,IND,2025,TE,,2.0200109481811523,32.32017517089844,11.611998558044434,26.51417589187622,1.6571359932422638,23.127792358398438,44.55781555175781,64,False,125.88367462158203,12.0,-93.5634994506836,266,6
00-0031585,MyCole Pruitt,PIT,2025,TE,,2.0105531215667725,32.16884994506836,10.64177131652832,26.8479642868042,1.6779977679252625,24.377416610717773,41.157291412353516,65,False,125.88367462158203,12.0,-93.71482467651367,267,6
00-0039890,Adonai Mitchell,NYJ,2025,WR,,3.9440605640411377,63.1049690246582,32.63132858276367,46.78930473327637,2.924331545829773,58.0792350769043,119.48512268066406,84,False,156.8644256591797,36.0,-93.75945663452148,268,6
00-0034208,Mike Boone,MIA,2025,RB,,2.8581295489775327,45.73007278364052,6.113063485137736,42.67354104107165,2.667096315066978,16.902817961596856,44.050468279233456,93,False,139.81983121805368,24.0,-94.08975843441316,269,6
00-0037801,KaVontae Turpin,DAL,2025,WR,,3.9170074462890625,62.672119140625,19.532581329345703,52.90582847595215,3.3066142797470093,42.28523254394531,67.62364959716797,85,False,156.8644256591797,36.0,-94.19230651855469,270,6
00-0035924,Jonathan Ward,BAL,2025,RB,,2.84820435458385,45.5712696733416,7.76411713535536,41.689211105663915,2.6055756941039947,30.242874467054676,67.14582655147524,94,False,139.81983121805368,24.0,-94.24856154471209,271,6
00-0038046,Charlie Kolar,BAL,2025,TE,,1.9604767560958862,31.36762809753418,14.970423698425293,23.882416248321533,1.4926510155200958,20.209318161010742,62.783267974853516,66,False,125.88367462158203,12.0,-94.51604652404785,272,6
00-0035406,Lil'Jordan Humphrey,DEN,2025,WR,,3.8930275440216064,62.2884407043457,18.824092864990234,52.876394271850586,3.3047746419906616,42.58434295654297,74.03045654296875,86,False,156.8644256591797,36.0,-94.57598495483398,273,6
00-0036422,Adam Trautman,DEN,2025,TE,,1.9410231113433838,31.05636978149414,6.707391738891602,27.70267391204834,1.7314171195030212,20.37751007080078,47.12763977050781,67,False,125.88367462158203,12.0,-94.82730484008789,274,6
00-0039066,Michael Mayer,LV,2025,TE,,1.907995581626892,30.527929306030273,12.612689018249512,24.221584796905518,1.5138490498065948,27.86983871459961,45.56853103637695,68,False,125.88367462158203,12.0,-95.35574531555176,275,6
00-0033955,Jeremy McNichols,WAS,2025,RB,,2.7412549148301077,43.860078637281724,7.728184900277285,39.99598618714308,2.4997491366964426,42.017449393458435,65.1358013514441,95,False,139.81983121805368,24.0,-95.95975258077195,276,6
00-0036754,Brock Wright,DET,2025,TE,,1.8651429414749146,29.842287063598633,14.292781829833984,22.69589614868164,1.4184935092926025,26.254066467285156,44.30944061279297,69,False,125.88367462158203,12.0,-96.0413875579834,277,6
00-0036345,K.J. Osborn,ATL,2025,WR,,3.7692689895629883,60.30830383300781,28.991050720214844,45.81277847290039,2.8632986545562744,40.453369140625,84.03541564941406,87,False,156.8644256591797,36.0,-96.55612182617188,278,6
00-0033576,Eric Saubert,SEA,2025,TE,,1.8042080402374268,28.867328643798828,10.573596954345703,23.580530166625977,1.4737831354141235,18.045482635498047,32.38302230834961,70,False,125.88367462158203,12.0,-97.0163459777832,279,6
00-0039631,Cam Grandy,CIN,2025,TE,,1.7697021961212158,28.315235137939453,12.217747688293457,22.206361293792725,1.3878975808620453,12.104454040527344,37.79451370239258,71,False,125.88367462158203,12.0,-97.56843948364258,280,6
00-0033375,Tim Patrick,JAX,2025,WR,,3.704026699066162,59.264427185058594,22.231313705444336,48.148770332336426,3.0092981457710266,40.150634765625,70.69347381591797,88,False,156.8644256591797,36.0,-97.5999984741211,281,6
00-0033282,Curtis Samuel,BUF,2025,WR,,3.6991987228393555,59.18717956542969,19.441925048828125,49.466217041015625,3.0916385650634766,41.73956298828125,79.91035461425781,89,False,156.8644256591797,36.0,-97.67724609375,282,6
00-0037741,Jahan Dotson,PHI,2025,WR,,3.6906700134277344,59.05072021484375,21.59749412536621,48.251973152160645,3.0157483220100403,57.70690155029297,81.66499328613281,90,False,156.8644256591797,36.0,-97.81370544433594,283,6
00-0036187,Reggie Gilliam,BUF,2025,RB,,2.5808822941208933,41.29411670593429,11.254744515435325,35.666744448216626,2.229171528013539,10.01885868300974,51.34889495222965,96,False,139.81983121805368,24.0,-98.52571451211938,284,6
00-0026158,Joe Flacco,CIN,2025,QB,10.149205,14.106606483459473,143.17083740234375,0.2903164029121399,143.02567920088768,8.93910495005548,122.80210876464844,160.3961639404297,28,False,242.32208251953125,12.0,-99.1512451171875,285,3
00-0037654,Tucker Fisk,LAC,2025,TE,,1.6295311450958252,26.072498321533203,9.272652626037598,21.436172008514404,1.3397607505321503,18.692771911621094,35.2844123840332,72,False,125.88367462158203,12.0,-99.81117630004883,286,6
00-0039589,Kameron Johnson,TB,2025,WR,,3.5650179386138916,57.040287017822266,19.524852752685547,47.27786064147949,2.9548662900924683,27.437883377075195,66.82144927978516,91,False,156.8644256591797,36.0,-99.82413864135742,287,6
00-0029263,Russell Wilson,NYG,2025,QB,10.918113,13.043479919433594,142.41018676757812,0.3434877395629883,142.23844289779663,8.88990268111229,126.94771575927734,161.52505493164062,29,False,242.32208251953125,12.0,-99.91189575195312,288,3
00-0037276,Ty Chandler,MIN,2025,RB,,2.40259403635589,38.44150458169424,8.654655858065313,34.114176652661584,2.132136040791349,33.27529924169458,63.59815525752074,97,False,139.81983121805368,24.0,-101.37832663635945,289,6
00-0035567,Craig Reynolds,NE,2025,RB,,2.386603997874799,38.18566396599678,8.348031316146225,34.011648307923664,2.125728019245229,31.03636913158566,54.64914554744776,98,False,139.81983121805368,24.0,-101.6341672520569,290,6
00-0039041,Elijah Higgins,ARI,2025,TE,,1.4954016208648682,23.92642593383789,12.549234390258789,17.651808738708496,1.103238046169281,25.56246566772461,45.84894561767578,73,False,125.88367462158203,12.0,-101.95724868774414,291,6
00-0036984,Trey Sermon,PIT,2025,RB,,2.36294220228378,37.80707523654048,11.935252448570884,31.839449012255034,1.9899655632659397,32.56189427184537,62.45162278490635,99,False,139.81983121805368,24.0,-102.01275598151321,292,6
00-0038394,Will Mallory,IND,2025,TE,,1.4478955268859863,23.16632843017578,8.931955337524414,18.700350761413574,1.1687719225883484,13.51306438446045,30.04522132873535,74,False,125.88367462158203,12.0,-102.71734619140625,293,6
00-0037539,Lucas Krull,DEN,2025,TE,,1.436416745185852,22.982667922973633,8.755428314208984,18.60495376586914,1.1628096103668213,17.523134231567383,31.751300811767578,75,False,125.88367462158203,12.0,-102.9010066986084,294,6
00-0034798,Durham Smythe,CHI,2025,TE,,1.4190539121627808,22.704862594604492,8.64999771118164,18.379863739013672,1.1487414836883545,18.518423080444336,39.35566329956055,76,False,125.88367462158203,12.0,-103.17881202697754,295,6
00-0037569,Peyton Hendershot,KC,2025,TE,,1.4111963510513306,22.57914161682129,7.575272560119629,18.791505336761475,1.1744690835475922,13.753539085388184,33.26537322998047,77,False,125.88367462158203,12.0,-103.30453300476074,296,6
00-0039530,Brevyn Spann-Ford,DAL,2025,TE,,1.389607310295105,22.23371696472168,9.227095603942871,17.620169162750244,1.1012605726718903,14.41209888458252,27.097166061401367,78,False,125.88367462158203,12.0,-103.64995765686035,297,6
00-0038396,Eric Gray,NYG,2025,RB,,2.244137382515484,35.906198120247744,8.870733078989895,31.470831580752794,1.9669269737970496,18.785327561761648,44.5973471089963,100,False,139.81983121805368,24.0,-103.91363309780593,298,6
00-0031690,Eric Tomlinson,LAC,2025,TE,,1.3601936101913452,21.763097763061523,5.199195384979248,19.1635000705719,1.1977187544107437,14.286674499511719,26.365415573120117,79,False,125.88367462158203,12.0,-104.12057685852051,299,6
00-0039880,Malik Washington,MIA,2025,WR,,3.294938325881958,52.71901321411133,21.568071365356445,41.934977531433105,2.620936095714569,47.76066970825195,65.52808380126953,92,False,156.8644256591797,36.0,-104.14541244506836,300,6
00-0037004,Hunter Long,JAX,2025,TE,,1.3264752626419067,21.223604202270508,8.195444107055664,17.125882148742676,1.0703676342964172,13.39608383178711,28.02792739868164,80,False,125.88367462158203,12.0,-104.66007041931152,301,6
00-0033439,Pharaoh Brown,ARI,2025,TE,,1.31489896774292,21.03838348388672,8.89515495300293,16.590806007385254,1.0369253754615784,12.119117736816406,24.66298484802246,81,False,125.88367462158203,12.0,-104.84529113769531,302,6
00-0035631,Drew Sample,CIN,2025,TE,,1.305505394935608,20.888086318969727,11.842782020568848,14.966695308685303,0.9354184567928314,16.45998764038086,33.12774658203125,82,False,125.88367462158203,12.0,-104.9955883026123,303,6
00-0038606,Parker Washington,JAX,2025,WR,,3.2412326335906982,51.85972213745117,24.85912322998047,39.43016052246094,2.4643850326538086,43.26247787475586,75.62919616699219,93,False,156.8644256591797,36.0,-105.00470352172852,304,6
00-0034407,Ray-Ray McCloud,NYG,2025,WR,,3.2333619594573975,51.73379135131836,30.96687126159668,36.25035572052002,2.265647232532501,55.2457160949707,82.07725524902344,94,False,156.8644256591797,36.0,-105.13063430786133,305,6
00-0037429,Raheem Blackshear,NYJ,2025,RB,,2.1642074240306566,34.627318784490505,7.070251208154573,31.09219318041322,1.9432620737758262,11.80090685893378,44.34823043987737,101,False,139.81983121805368,24.0,-105.19251243356317,306,6
00-0031484,Chris Manhertz,NYG,2025,TE,,1.2883450984954834,20.613521575927734,3.8225839138031006,18.702229619026184,1.1688893511891365,8.3632230758667,20.565263748168945,83,False,125.88367462158203,12.0,-105.2701530456543,307,6
00-0038618,Xavier Hutchinson,HOU,2025,WR,,3.2177000045776367,51.48320007324219,19.19679832458496,41.88480091094971,2.6178000569343567,33.515052795410156,70.46734619140625,95,False,156.8644256591797,36.0,-105.3812255859375,308,6
00-0031549,Nelson Agholor,BAL,2025,WR,,3.205075740814209,51.281211853027344,20.20757484436035,41.17742443084717,2.573589026927948,40.99994659423828,75.43683624267578,96,False,156.8644256591797,36.0,-105.58321380615234,309,6
00-0036427,Tyler Johnson,NYJ,2025,WR,,3.1963350772857666,51.141361236572266,20.845325469970703,40.718698501586914,2.544918656349182,44.95036315917969,70.22207641601562,97,False,156.8644256591797,36.0,-105.72306442260742,310,6
00-0039912,Ben Sinnott,WAS,2025,TE,,1.2408572435379028,19.853715896606445,8.178683280944824,15.764374256134033,0.9852733910083771,13.26989459991455,27.083660125732422,84,False,125.88367462158203,12.0,-106.02995872497559,311,6
00-0038636,Kenny McIntosh,SEA,2025,RB,,2.065545851428732,33.048733622859714,3.537414424995459,31.280026410361987,1.9550016506476242,26.077287514678098,48.54678579156812,102,False,139.81983121805368,24.0,-106.77109759519396,312,6
00-0039623,Mason Tipton,NO,2025,WR,,3.1157214641571045,49.85154342651367,12.770474433898926,43.46630620956421,2.716644138097763,27.46389389038086,71.53084564208984,98,False,156.8644256591797,36.0,-107.01288223266602,313,6
00-0036232,Harrison Bryant,HOU,2025,TE,,1.1746768951416016,18.794830322265625,6.680606365203857,15.454527139663696,0.965907946228981,14.663151741027832,29.809032440185547,85,False,125.88367462158203,12.0,-107.0888442993164,314,6
00-0037614,John Metchie III,NYJ,2025,WR,,3.1078367233276367,49.72538757324219,19.53894805908203,39.95591354370117,2.4972445964813232,45.551734924316406,77.61397552490234,99,False,156.8644256591797,36.0,-107.1390380859375,315,6
00-0037594,Julius Chestnut,TEN,2025,RB,,2.039615876674652,32.63385402679443,9.73061188697815,27.768548083305358,1.7355342552065849,28.51157512664795,60.939526596069335,103,False,139.81983121805368,24.0,-107.18597719125924,316,6
00-0039814,Erick All,CIN,2025,TE,,1.143620491027832,18.297927856445312,10.210293769836426,13.1927809715271,0.8245488107204437,11.366629600524902,42.391021728515625,86,False,125.88367462158203,12.0,-107.58574676513672,317,6
00-0039424,Devaughn Vele,NO,2025,WR,,3.073169231414795,49.17070770263672,22.194059371948242,38.0736780166626,2.3796048760414124,42.173797607421875,68.78709411621094,100,False,156.8644256591797,36.0,-107.69371795654297,318,6
00-0034928,Steven Sims,ARI,2025,WR,,3.0689163208007812,49.1026611328125,12.902386665344238,42.65146780014038,2.665716737508774,25.49251937866211,59.579532623291016,101,False,156.8644256591797,36.0,-107.76176452636719,319,6
00-0036741,Jack Stoll,NO,2025,TE,,1.1268041133880615,18.028865814208984,7.0023369789123535,14.527697324752808,0.9079810827970505,9.878449440002441,26.530372619628906,87,False,125.88367462158203,12.0,-107.85480880737305,320,6
00-0037348,Tanner Conner,NYG,2025,TE,,1.1241425275802612,17.98628044128418,7.338972091674805,14.316794395446777,0.8947996497154236,9.9496431350708,22.35208511352539,88,False,125.88367462158203,12.0,-107.89739418029785,321,6
00-0038710,Blake Whiteheart,CLE,2025,TE,,1.09109365940094,17.45749855041504,7.044510364532471,13.935243368148804,0.8709527105093002,12.826942443847656,25.428510665893555,89,False,125.88367462158203,12.0,-108.42617607116699,322,6
00-0036988,Josh Palmer,BUF,2025,WR,,2.9918298721313477,47.86927795410156,16.811138153076172,39.46370887756348,2.4664818048477173,46.272403717041016,84.61444854736328,102,False,156.8644256591797,36.0,-108.99514770507812,323,6
00-0036415,Van Jefferson,TEN,2025,WR,,2.9839611053466797,47.743377685546875,14.882688522338867,40.30203342437744,2.51887708902359,35.67375183105469,63.27363967895508,103,False,156.8644256591797,36.0,-109.12104797363281,324,6
00-0039386,Bub Means,NO,2025,WR,,2.9637937545776367,47.42070007324219,15.758868217468262,39.54126596450806,2.4713291227817535,38.97261428833008,67.70659637451172,104,False,156.8644256591797,36.0,-109.4437255859375,325,6
00-0033589,David Moore,CAR,2025,WR,,2.9442172050476074,47.10747528076172,22.03079605102539,36.09207725524902,2.255754828453064,33.99240493774414,64.28215026855469,105,False,156.8644256591797,36.0,-109.75695037841797,326,6
00-0039751,Jordan Whittington,LA,2025,WR,,2.9235000610351562,46.7760009765625,15.6246919631958,38.9636549949646,2.4352284371852875,30.094018936157227,54.354366302490234,106,False,156.8644256591797,36.0,-110.08842468261719,327,6
00-0039648,David Martin-Robinson,TEN,2025,TE,,0.974545955657959,15.592735290527344,5.9590840339660645,12.613193273544312,0.7883245795965195,8.892175674438477,20.020177841186523,90,False,125.88367462158203,12.0,-110.29093933105469,328,6
00-0036887,Luke Farrell,SF,2025,TE,,0.9678938984870911,15.486302375793457,7.338125705718994,11.81723952293396,0.7385774701833725,15.076253890991211,27.068706512451172,91,False,125.88367462158203,12.0,-110.39737224578857,329,6
00-0031941,Jamison Crowder,WAS,2025,WR,,2.898338794708252,46.37342071533203,14.7268705368042,39.00998544692993,2.4381240904331207,28.888212203979492,64.35016632080078,107,False,156.8644256591797,36.0,-110.49100494384766,330,6
00-0033857,JuJu Smith-Schuster,KC,2025,WR,,2.8919901847839355,46.27184295654297,18.059255599975586,37.242215156555176,2.3276384472846985,32.428367614746094,59.885398864746094,108,False,156.8644256591797,36.0,-110.59258270263672,331,6
00-0035216,Diontae Johnson,CLE,2025,WR,,2.8905856609344482,46.24937057495117,16.961071014404297,37.76883506774902,2.360552191734314,38.70817184448242,77.39593505859375,109,False,156.8644256591797,36.0,-110.61505508422852,332,6
00-0034073,Ross Dwelley,CAR,2025,TE,,0.9337300062179565,14.939680099487305,5.350002288818359,12.264678955078125,0.7665424346923828,13.364778518676758,27.377777099609375,92,False,125.88367462158203,12.0,-110.94399452209473,333,6
00-0036590,Quintin Morris,JAX,2025,TE,,0.9274817109107971,14.839707374572754,6.522676944732666,11.578368902206421,0.7236480563879013,12.738945007324219,22.900482177734375,93,False,125.88367462158203,12.0,-111.04396724700928,334,6
00-0039420,Jaheim Bell,PIT,2025,TE,,0.9032239317893982,14.451582908630371,5.12734317779541,11.887911319732666,0.7429944574832916,6.375588417053223,18.103107452392578,94,False,125.88367462158203,12.0,-111.43209171295166,335,6
00-0039737,Tip Reiman,ARI,2025,TE,,0.8816896080970764,14.107033729553223,12.75476360321045,7.729651927947998,0.4831032454967499,10.113517761230469,25.38442039489746,95,False,125.88367462158203,12.0,-111.77664089202881,336,6
00-0035291,Trayveon Williams,CLE,2025,RB,,1.745365538498378,27.925848615974047,3.7260942512664954,26.0628014903408,1.6289250931463,16.3680424860485,43.06692839907752,104,False,139.81983121805368,24.0,-111.89398260207963,337,6
00-0036510,Kenny Yeboah,DET,2025,TE,,0.8247355818748474,13.195769309997559,4.648843288421631,10.871347665786743,0.6794592291116714,8.202863693237305,19.479633331298828,96,False,125.88367462158203,12.0,-112.68790531158447,338,6
00-0034521,Allen Lazard,NYJ,2025,WR,,2.745342493057251,43.925479888916016,21.265832901000977,33.29256343841553,2.0807852149009705,48.15702438354492,73.92208099365234,110,False,156.8644256591797,36.0,-112.93894577026367,339,6
00-0037837,Calvin Austin III,PIT,2025,WR,,2.736060857772827,43.776973724365234,17.066547393798828,35.24370002746582,2.2027312517166138,48.081016540527344,80.82403564453125,111,False,156.8644256591797,36.0,-113.08745193481445,340,6
00-0024243,Marcedes Lewis,DEN,2025,TE,,0.7991009950637817,12.785615921020508,0.4801880121231079,12.545521914958954,0.7840951196849346,5.6832661628723145,22.837793350219727,97,False,125.88367462158203,12.0,-113.09805870056152,341,6
00-0038643,Brayden Willis,SF,2025,TE,,0.767686128616333,12.282978057861328,5.1328606605529785,9.716547727584839,0.6072842329740524,10.618362426757812,22.150001525878906,98,False,125.88367462158203,12.0,-113.6006965637207,342,6
00-0038809,Ben Sims,MIN,2025,TE,,0.7533771991729736,12.054035186767578,7.795262813568115,8.15640377998352,0.50977523624897,8.65725040435791,24.80682945251465,99,False,125.88367462158203,12.0,-113.82963943481445,343,6
00-0035535,Darius Slayton,NYG,2025,WR,,2.688697099685669,43.0191535949707,12.425185203552246,36.80656099319458,2.3004100620746613,33.395233154296875,60.04098892211914,112,False,156.8644256591797,36.0,-113.84527206420898,344,6
00-0039244,Chris Collier,LV,2025,RB,,1.6137812332761035,25.820499732417655,4.464301662918315,23.588348900958497,1.474271806309906,12.440741620869932,34.91086842786931,105,False,139.81983121805368,24.0,-113.99933148563602,345,6
00-0039407,Dylan Laube,LV,2025,RB,,1.5721379257651897,25.154206812243036,4.455230017315436,22.926591803585318,1.4329119877240823,15.348709473423892,31.94921037861944,106,False,139.81983121805368,24.0,-114.66562440581065,346,6
00-0032385,Sterling Shepard,TB,2025,WR,,2.601966381072998,41.63146209716797,17.357494354248047,32.952714920043945,2.0595446825027466,34.48119354248047,64.66218566894531,113,False,156.8644256591797,36.0,-115.23296356201172,347,6
00-0036825,Feleipe Franks,ATL,2025,TE,,0.6656407713890076,10.650252342224121,3.234029531478882,9.03323757648468,0.5645773485302925,5.847129821777344,20.194656372070312,100,False,125.88367462158203,12.0,-115.23342227935791,348,6
00-0033307,Kendrick Bourne,SF,2025,WR,,2.5933878421783447,41.494205474853516,23.392791748046875,29.797809600830078,1.8623631000518799,33.80373001098633,64.36827850341797,114,False,156.8644256591797,36.0,-115.37022018432617,349,6
00-0031235,Odell Beckham Jr.,MIA,2025,WR,,2.5733516216278076,41.17362594604492,15.62471866607666,33.36126661300659,2.085079163312912,25.591711044311523,50.930458068847656,115,False,156.8644256591797,36.0,-115.69079971313477,350,6
00-0036332,Josiah Deguara,ARI,2025,TE,,0.6301214694976807,10.08194351196289,3.2080929279327393,8.477897047996521,0.5298685654997826,6.377902507781982,18.255157470703125,101,False,125.88367462158203,12.0,-115.80173110961914,351,6
00-0035537,Ty Johnson,BUF,2025,RB,,1.4968623549566131,23.94979767930581,6.160226672111841,20.86968434324989,1.3043552714531181,21.422679259948417,53.08380800188444,107,False,139.81983121805368,24.0,-115.87003353874786,352,6
00-0035215,Deonte Harty,BAL,2025,WR,,2.5613036155700684,40.980857849121094,12.17480182647705,34.89345693588257,2.1808410584926605,27.08497428894043,58.77060317993164,116,False,156.8644256591797,36.0,-115.8835678100586,353,6
00-0038941,Tyler Scott,LA,2025,WR,,2.5543673038482666,40.869876861572266,18.936084747314453,31.40183448791504,1.96261465549469,17.8949031829834,45.63436508178711,117,False,156.8644256591797,36.0,-115.99454879760742,354,6
00-0036182,Nick Westbrook-Ikhine,MIA,2025,WR,,2.536526918411255,40.58443069458008,13.34959602355957,33.90963268280029,2.1193520426750183,31.302783966064453,68.33699035644531,118,False,156.8644256591797,36.0,-116.27999496459961,355,6
00-0039686,Colson Yankoff,WAS,2025,TE,,0.595745861530304,9.531933784484863,1.9943175315856934,8.534775018692017,0.533423438668251,7.31300163269043,16.271318435668945,102,False,125.88367462158203,12.0,-116.35174083709717,356,6
00-0039236,Johnny Wilson,PHI,2025,WR,,2.5272083282470703,40.435333251953125,8.300911903381348,36.28487730026245,2.267804831266403,27.137474060058594,58.7710075378418,119,False,156.8644256591797,36.0,-116.42909240722656,357,6
00-0038738,Hunter Luepke,DAL,2025,RB,,1.4511045739978736,23.217673183965978,7.558862804886743,19.438241781522606,1.214890111345163,21.083470361227864,43.08715250802481,108,False,139.81983121805368,24.0,-116.6021580340877,358,6
00-0038573,Derius Davis,LAC,2025,WR,,2.4556477069854736,39.29036331176758,9.955852508544922,34.31243705749512,2.144527316093445,21.247201919555664,56.203121185302734,120,False,156.8644256591797,36.0,-117.57406234741211,359,6
00-0034860,Dante Pettis,NO,2025,WR,,2.4414429664611816,39.063087463378906,13.87328052520752,32.12644720077515,2.0079029500484467,27.497770309448242,54.095760345458984,121,False,156.8644256591797,36.0,-117.80133819580078,360,6
00-0036429,Charlie Woerner,ATL,2025,TE,,0.496825635433197,7.949210166931152,5.375186443328857,5.261616945266724,0.3288510590791702,9.044858932495117,23.01636505126953,103,False,125.88367462158203,12.0,-117.93446445465088,361,6
00-0038519,Nikko Remigio,KC,2025,WR,,2.4184765815734863,38.69562530517578,13.917941093444824,31.73665475845337,1.9835409224033356,21.27149772644043,41.15243148803711,122,False,156.8644256591797,36.0,-118.1688003540039,362,6
00-0035208,Olamide Zaccheaus,CHI,2025,WR,,2.418367862701416,38.693885803222656,19.365365982055664,29.011202812194824,1.8132001757621765,32.689727783203125,65.41172790527344,123,False,156.8644256591797,36.0,-118.17053985595703,363,6
00-0029604,Kirk Cousins,ATL,2025,QB,10.020208,12.384065628051758,124.0909194946289,0.15494020283222198,124.0134493932128,7.7508405870758,109.06377410888672,144.01438903808594,30,False,242.32208251953125,12.0,-118.23116302490234,364,3
00-0038938,Jalin Hyatt,NYG,2025,WR,,2.4132494926452637,38.61199188232422,19.411449432373047,28.906267166137695,1.806641697883606,31.29812240600586,82.24047088623047,124,False,156.8644256591797,36.0,-118.25243377685547,365,6
00-0039364,Sione Vaki,DET,2025,RB,,1.3449997448921205,21.519995918273928,4.611915822029114,19.21403800725937,1.2008773754537105,13.753442335128785,40.49956825256348,109,False,139.81983121805368,24.0,-118.29983529977974,366,6
00-0036955,Terrace Marshall Jr.,PHI,2025,WR,,2.4096906185150146,38.555049896240234,11.134493827819824,32.98780298233032,2.061737686395645,16.34865951538086,41.587677001953125,125,False,156.8644256591797,36.0,-118.30937576293945,367,6
00-0038640,Jalen Brooks,ARI,2025,WR,,2.401797294616699,38.42875671386719,14.790044784545898,31.03373432159424,1.93960839509964,31.668621063232422,61.13467788696289,126,False,156.8644256591797,36.0,-118.4356689453125,368,6
00-0038563,Tre Tucker,LV,2025,WR,,2.394338607788086,38.309417724609375,16.952335357666016,29.833250045776367,1.864578127861023,35.68496322631836,67.61078643798828,127,False,156.8644256591797,36.0,-118.55500793457031,369,6
00-0033009,Tyler Boyd,TEN,2025,WR,,2.3617022037506104,37.787235260009766,18.303401947021484,28.635534286499023,1.789720892906189,37.532310485839844,68.71800231933594,128,False,156.8644256591797,36.0,-119.07719039916992,370,6
00-0033854,Dare Ogunbowale,HOU,2025,RB,,1.2625505200238525,20.20080832038164,10.582019168819816,14.909798735971732,0.9318624209982332,11.75753659346918,45.453458639924285,110,False,139.81983121805368,24.0,-119.61902289767204,371,6
00-0039052,Trey Palmer,NO,2025,WR,,2.3231687545776367,37.17070007324219,17.977943420410156,28.18172836303711,1.7613580226898193,40.424339294433594,69.2437515258789,129,False,156.8644256591797,36.0,-119.6937255859375,372,6
00-0039816,Anthony Gould,IND,2025,WR,,2.284822940826416,36.557167053222656,8.695712089538574,32.20931100845337,2.0130819380283356,23.556121826171875,54.27399444580078,130,False,156.8644256591797,36.0,-120.30725860595703,373,6
00-0037231,Kevin Austin Jr.,NO,2025,WR,,2.2795815467834473,36.473304748535156,14.336136817932129,29.305236339569092,1.8315772712230682,27.953039169311523,55.953006744384766,131,False,156.8644256591797,36.0,-120.39112091064453,374,6
00-0038824,Ryan Miller,NYG,2025,WR,,2.24928879737854,35.98862075805664,20.486330032348633,25.745455741882324,1.6090909838676453,35.6360969543457,68.12364196777344,132,False,156.8644256591797,36.0,-120.87580490112305,375,6
00-0036646,Simi Fehoko,ARI,2025,WR,,2.236384630203247,35.78215408325195,14.956623077392578,28.303842544555664,1.768990159034729,26.560583114624023,52.4300422668457,133,False,156.8644256591797,36.0,-121.08227157592773,376,6
00-0037487,Deven Thompkins,ATL,2025,WR,,2.234112501144409,35.74580001831055,14.094144821166992,28.69872760772705,1.7936704754829407,22.362564086914062,61.68653106689453,134,False,156.8644256591797,36.0,-121.11862564086914,377,6
00-0034777,DJ Chark,LAC,2025,WR,,2.2218964099884033,35.55034255981445,14.246251106262207,28.42721700668335,1.7767010629177094,25.54062271118164,53.727500915527344,135,False,156.8644256591797,36.0,-121.31408309936523,378,6
00-0032464,Kalif Raymond,DET,2025,WR,,2.121086359024048,33.937381744384766,17.48636817932129,25.19419765472412,1.5746373534202576,26.649240493774414,60.177730560302734,136,False,156.8644256591797,36.0,-122.92704391479492,379,6
00-0038488,Brady Russell,SEA,2025,RB,,1.0511953910151057,16.81912625624169,4.256509810257741,14.69087135111282,0.9181794594445513,8.787503968518863,28.350529937430817,111,False,139.81983121805368,24.0,-123.00070496181199,380,6
00-0034775,Christian Kirk,HOU,2025,WR,,2.1007626056671143,33.61220169067383,17.149490356445312,25.037456512451172,1.5648410320281982,33.69747543334961,62.090538024902344,137,False,156.8644256591797,36.0,-123.25222396850586,381,6
00-0030431,Robert Woods,PIT,2025,WR,,2.090618371963501,33.449893951416016,12.072717666625977,27.413535118103027,1.7133459448814392,27.506912231445312,50.72191619873047,138,False,156.8644256591797,36.0,-123.41453170776367,382,6
00-0036527,DJ Turner,LV,2025,WR,,2.0870745182037354,33.393192291259766,11.703664779663086,27.541359901428223,1.721334993839264,21.203134536743164,51.36423873901367,139,False,156.8644256591797,36.0,-123.47123336791992,383,6
00-0033536,Mike Williams,LAC,2025,WR,,2.0741677284240723,33.186683654785156,9.16175365447998,28.605806827545166,1.7878629267215729,24.660438537597656,54.394981384277344,140,False,156.8644256591797,36.0,-123.67774200439453,384,6
00-0039410,Ryan Flournoy,DAL,2025,WR,,2.0585532188415527,32.936851501464844,8.505006790161133,28.684348106384277,1.7927717566490173,16.15941619873047,41.270179748535156,141,False,156.8644256591797,36.0,-123.92757415771484,385,6
00-0038496,Xavier Gipson,NYG,2025,WR,,2.051671266555786,32.82674026489258,10.808072090148926,27.422704219818115,1.7139190137386322,17.890914916992188,41.31603240966797,142,False,156.8644256591797,36.0,-124.03768539428711,386,6
00-0037300,Mike Woods,GB,2025,WR,,1.994814157485962,31.91702651977539,7.637171268463135,28.098440885543823,1.756152555346489,16.091646194458008,50.92396545410156,143,False,156.8644256591797,36.0,-124.9473991394043,387,6
00-0035594,Travis Homer,CHI,2025,RB,,0.9161705508944435,14.658728814311097,3.488613254025242,12.914422187298475,0.8071513867061547,3.418015819560331,21.277908582001988,112,False,139.81983121805368,24.0,-125.16110240374258,388,6
00-0036862,Ben Skowronek,PIT,2025,WR,,1.9657589197158813,31.4521427154541,11.25529956817627,25.824492931365967,1.614030808210373,10.775997161865234,46.766685485839844,144,False,156.8644256591797,36.0,-125.41228294372559,389,6
00-0031236,Brandin Cooks,BUF,2025,WR,,1.9525082111358643,31.240131378173828,13.547986030578613,24.46613836288452,1.5291336476802826,26.70187759399414,63.75849151611328,145,False,156.8644256591797,36.0,-125.62429428100586,390,6
00-0036950,Avery Williams,NYJ,2025,RB,,0.8826739264215858,14.122782822745373,3.107669448594701,12.568948098448024,0.7855592561530015,6.1854772984043205,34.37319250238668,113,False,139.81983121805368,24.0,-125.6970483953083,391,6
00-0039907,Ja'Lynn Polk,NO,2025,WR,,1.9469327926635742,31.150924682617188,13.936028480529785,24.182910442352295,1.5114319026470184,19.440757751464844,64.90773010253906,146,False,156.8644256591797,36.0,-125.7135009765625,392,6
00-0038465,Malik Heath,ATL,2025,WR,,1.90773606300354,30.52377700805664,6.3394904136657715,27.354031801223755,1.7096269875764847,20.643278121948242,51.46870040893555,147,False,156.8644256591797,36.0,-126.34064865112305,393,6
00-0035298,Scott Miller,PIT,2025,WR,,1.857150673866272,29.71441078186035,10.050642013549805,24.68908977508545,1.5430681109428406,19.892776489257812,45.37806701660156,148,False,156.8644256591797,36.0,-127.15001487731934,394,6
00-0038576,Charlie Jones,CIN,2025,WR,,1.84182608127594,29.46921730041504,11.099664688110352,23.919384956359863,1.4949615597724915,16.08616828918457,42.58549118041992,149,False,156.8644256591797,36.0,-127.39520835876465,395,6
00-0034054,River Cracraft,WAS,2025,WR,,1.8418039083480835,29.468862533569336,7.670760631561279,25.633482217788696,1.6020926386117935,11.695816993713379,31.200572967529297,150,False,156.8644256591797,36.0,-127.39556312561035,396,6
00-0038678,Jordan Mims,TEN,2025,RB,,0.7757673094417036,12.412276951067257,5.636729532169365,9.593912184982575,0.5996195115614109,12.3185498859946,38.80097630134598,114,False,139.81983121805368,24.0,-127.40755426698642,397,6
00-0035806,JaMycal Hasty,MIA,2025,RB,,0.7595055503040695,12.152088804865112,6.551836188993252,8.876170710368486,0.5547606693980304,9.014829409473323,30.49946164420335,115,False,139.81983121805368,24.0,-127.66774241318856,398,6
00-0033891,Zay Jones,ARI,2025,WR,,1.7909667491912842,28.655467987060547,9.978592872619629,23.666171550750732,1.4791357219219208,19.406213760375977,46.48826217651367,151,False,156.8644256591797,36.0,-128.20895767211914,399,6
00-0035140,Mecole Hardman,BUF,2025,WR,,1.775305151939392,28.404882431030273,17.272178649902344,19.7687931060791,1.2355495691299438,13.535494804382324,48.717594146728516,152,False,156.8644256591797,36.0,-128.4595432281494,400,6
00-0034386,Justin Watson,HOU,2025,WR,,1.7440334558486938,27.9045352935791,9.774699211120605,23.0171856880188,1.438574105501175,22.321706771850586,46.90055847167969,153,False,156.8644256591797,36.0,-128.9598903656006,401,6
00-0038647,Ronnie Bell,NO,2025,WR,,1.7151046991348267,27.441675186157227,8.253390312194824,23.314980030059814,1.4571862518787384,18.141225814819336,39.748573303222656,154,False,156.8644256591797,36.0,-129.42275047302246,402,6
00-0033376,Patrick Ricard,BAL,2025,RB,,0.6437190550602437,10.2995048809639,5.890689564299534,7.354160098814132,0.45963500617588327,7.2679807789663515,30.906987850024713,116,False,139.81983121805368,24.0,-129.52032633708978,403,6
00-0033555,Mack Hollins,NE,2025,WR,,1.6636018753051758,26.617630004882812,21.62506103515625,15.805099487304688,0.987818717956543,27.87587547302246,60.70097351074219,155,False,156.8644256591797,36.0,-130.24679565429688,404,6
00-0037132,Britain Covey,PHI,2025,WR,,1.6497608423233032,26.39617347717285,10.04558277130127,21.373382091522217,1.3358363807201385,18.880537033081055,43.08442687988281,156,False,156.8644256591797,36.0,-130.46825218200684,405,6
00-0039379,Jamari Thrash,CLE,2025,WR,,1.583518385887146,25.336294174194336,7.850170135498047,21.411209106445312,1.338200569152832,15.908349990844727,33.2734260559082,157,False,156.8644256591797,36.0,-131.52813148498535,406,6
00-0039365,Jacob Cowing,SF,2025,WR,,1.5775235891342163,25.24037742614746,4.351078510284424,23.06483817100525,1.441552385687828,18.551361083984375,37.05428695678711,158,False,156.8644256591797,36.0,-131.62404823303223,407,6
00-0035021,Ashton Dulin,IND,2025,WR,,1.5663882493972778,25.062211990356445,8.578701972961426,20.772861003875732,1.2983038127422333,16.357215881347656,35.961036682128906,159,False,156.8644256591797,36.0,-131.80221366882324,408,6
00-0039355,Luke McCaffrey,WAS,2025,WR,,1.5629760026931763,25.00761604309082,10.437536239624023,19.78884792327881,1.2368029952049255,22.11306381225586,51.405982971191406,160,False,156.8644256591797,36.0,-131.85680961608887,409,6
00-0034418,Cedrick Wilson Jr.,MIA,2025,WR,,1.5534957647323608,24.855932235717773,12.252375602722168,18.72974443435669,1.170609027147293,17.82696533203125,47.75946044921875,161,False,156.8644256591797,36.0,-132.0084934234619,410,6
00-0036387,Jalen Reagor,LAC,2025,WR,,1.5294188261032104,24.470701217651367,11.21398639678955,18.863708019256592,1.178981751203537,16.056787490844727,42.727088928222656,162,False,156.8644256591797,36.0,-132.39372444152832,411,6
00-0036635,Ihmir Smith-Marsette,NYG,2025,WR,,1.52839994430542,24.45439910888672,12.832688331604004,18.038054943084717,1.1273784339427948,21.7337703704834,43.24138259887695,163,False,156.8644256591797,36.0,-132.41002655029297,412,6
00-0035341,Trenton Irwin,NYJ,2025,WR,,1.516053557395935,24.25685691833496,11.215601921081543,18.64905595779419,1.1655659973621368,16.709745407104492,47.12846374511719,164,False,156.8644256591797,36.0,-132.60756874084473,413,6
00-0039853,Javon Baker,SF,2025,WR,,1.4875975847244263,23.80156135559082,8.06963062286377,19.766746044158936,1.2354216277599335,12.954294204711914,28.128665924072266,165,False,156.8644256591797,36.0,-133.06286430358887,414,6
00-0032775,Demarcus Robinson,SF,2025,WR,,1.469064712524414,23.505035400390625,12.594887733459473,17.20759153366089,1.0754744708538055,25.819486618041992,53.44725799560547,166,False,156.8644256591797,36.0,-133.35939025878906,415,6
00-0036630,Tylan Wallace,BAL,2025,WR,,1.4655479192733765,23.448766708374023,5.327502250671387,20.78501558303833,1.2990634739398956,22.50826644897461,55.6031608581543,167,False,156.8644256591797,36.0,-133.41565895080566,416,6
00-0034272,Marquez Valdes-Scantling,PIT,2025,WR,,1.4439804553985596,23.103687286376953,11.166274070739746,17.52055025100708,1.0950343906879425,16.759906768798828,47.05411148071289,168,False,156.8644256591797,36.0,-133.76073837280273,417,6
00-0038104,Tyquan Thornton,KC,2025,WR,,1.4194988012313843,22.71198081970215,8.76477336883545,18.329594135284424,1.1455996334552765,12.552698135375977,38.703365325927734,169,False,156.8644256591797,36.0,-134.15244483947754,418,6
00-0037742,Treylon Burks,WAS,2025,WR,,1.394543170928955,22.31269073486328,5.26594877243042,19.67971634864807,1.2299822717905045,10.883355140686035,32.50984191894531,170,False,156.8644256591797,36.0,-134.5517349243164,419,6
00-0035311,Myles Gaskin,SEA,2025,RB,,0.31671716083715745,5.067474573394519,1.4960130483209881,4.319468049234025,0.2699667530771266,3.9273465047414624,25.046383892349148,117,False,139.81983121805368,24.0,-134.75235664465916,420,6
00-0038752,Jake Bobo,SEA,2025,WR,,1.3530482053756714,21.648771286010742,8.948129653930664,17.17470645904541,1.0734191536903381,15.39894962310791,39.84836959838867,171,False,156.8644256591797,36.0,-135.21565437316895,421,6
00-0036497,Tim Jones,JAX,2025,WR,,1.3507897853851318,21.61263656616211,9.514159202575684,16.855556964874268,1.0534723103046417,10.778128623962402,33.607845306396484,172,False,156.8644256591797,36.0,-135.25178909301758,422,6
00-0036331,Devin Duvernay,CHI,2025,WR,,1.348182201385498,21.57091522216797,10.121868133544922,16.509981155395508,1.0318738222122192,15.323320388793945,36.4842529296875,173,False,156.8644256591797,36.0,-135.29351043701172,423,6
00-0034419,Braxton Berrios,HOU,2025,WR,,1.256872296333313,20.109956741333008,8.808985710144043,15.705463886260986,0.9815914928913116,15.136248588562012,35.17178726196289,174,False,156.8644256591797,36.0,-136.75446891784668,424,6
00-0039650,Bryce Oliver,TEN,2025,WR,,1.243222713470459,19.891563415527344,7.767229080200195,16.007948875427246,1.0004968047142029,6.524356842041016,27.349607467651367,175,False,156.8644256591797,36.0,-136.97286224365234,425,6
00-0039392,Jha'Quan Jackson,NO,2025,WR,,1.1603807210922241,18.566091537475586,3.753716468811035,16.68923330307007,1.0430770814418793,8.976391792297363,28.51137351989746,176,False,156.8644256591797,36.0,-138.2983341217041,426,6
00-0033943,Josh Reynolds,NYJ,2025,WR,,1.1448516845703125,18.317626953125,5.361520767211914,15.636866569519043,0.9773041605949402,19.187042236328125,40.350547790527344,177,False,156.8644256591797,36.0,-138.5467987060547,427,6
00-0038477,Bryce Ford-Wheaton,NYG,2025,WR,,1.07305908203125,17.1689453125,6.762951850891113,13.787469387054443,0.8617168366909027,9.844347953796387,24.23027229309082,178,False,156.8644256591797,36.0,-139.6954803466797,428,6
00-0035976,Dan Chisena,CAR,2025,WR,,1.0134788751602173,16.215662002563477,6.048641204833984,13.191341400146484,0.8244588375091553,3.5578973293304443,24.534887313842773,179,False,156.8644256591797,36.0,-140.6487636566162,429,6
00-0039451,Isaiah Williams,NYJ,2025,WR,,1.0113651752471924,16.181842803955078,9.274796485900879,11.544444561004639,0.7215277850627899,8.552176475524902,24.99299430847168,180,False,156.8644256591797,36.0,-140.6825828552246,430,6
00-0036945,Justin Fields,NYJ,2025,QB,8.905972,11.401840209960938,101.54446411132812,0.0059452480636537075,101.5414914872963,6.346343217956019,86.8918228149414,130.04617309570312,31,False,242.32208251953125,12.0,-140.77761840820312,431,4
00-0035639,Parris Campbell,DAL,2025,WR,,0.9284890294075012,14.85582447052002,7.173049449920654,11.269299745559692,0.7043312340974808,13.80390739440918,50.05813980102539,181,False,156.8644256591797,36.0,-142.00860118865967,432,6
00-0036133,James Proche,TEN,2025,WR,,0.887394905090332,14.198318481445312,2.7290377616882324,12.833799600601196,0.8021124750375748,7.976615905761719,23.8703556060791,182,False,156.8644256591797,36.0,-142.66610717773438,433,6
00-0037156,Irvin Charles,NYJ,2025,WR,,0.8854798078536987,14.16767692565918,5.375866889953613,11.479743480682373,0.7174839675426483,6.447377681732178,26.6044864654541,183,False,156.8644256591797,36.0,-142.6967487335205,434,6
00-0034646,Brandon Powell,MIN,2025,WR,,0.8703622221946716,13.925795555114746,4.087821006774902,11.881885051727295,0.7426178157329559,7.669142723083496,29.122621536254883,184,False,156.8644256591797,36.0,-142.93863010406494,435,6
00-0039164,Anthony Richardson,IND,2025,QB,7.3435736,13.485276222229004,99.03012084960938,0.1635054349899292,98.94836813211441,6.184273008257151,69.80712890625,107.59231567382812,32,False,242.32208251953125,12.0,-143.29196166992188,436,4
00-0039920,Malachi Corley,CLE,2025,WR,,0.8182390332221985,13.091824531555176,7.478575706481934,9.352536678314209,0.5845335423946381,5.771116256713867,24.8323917388916,185,False,156.8644256591797,36.0,-143.7726011276245,437,6
00-0038359,Xavier Smith,LA,2025,WR,,0.8156287670135498,13.050060272216797,7.0128021240234375,9.543659210205078,0.5964787006378174,7.250372886657715,24.71302604675293,186,False,156.8644256591797,36.0,-143.8143653869629,438,6
00-0032128,Chris Conley,SF,2025,WR,,0.7626937627792358,12.203100204467773,4.929533004760742,9.738333702087402,0.6086458563804626,6.431985855102539,26.90708351135254,187,False,156.8644256591797,36.0,-144.6613254547119,439,6
00-0031428,Allen Robinson,DET,2025,WR,,0.7444640398025513,11.91142463684082,11.242445945739746,6.290201663970947,0.3931376039981842,11.852730751037598,38.57020568847656,188,False,156.8644256591797,36.0,-144.95300102233887,440,6
00-0034854,KhaDarel Hodge,ATL,2025,WR,,0.7009658813476562,11.2154541015625,0.0,11.2154541015625,0.7009658813476562,2.082134485244751,24.42904281616211,189,False,156.8644256591797,36.0,-145.6489715576172,441,6
00-0036254,Collin Johnson,LV,2025,WR,,0.6825059056282043,10.92009449005127,6.537180423736572,7.651504278182983,0.47821901738643646,5.890969276428223,18.776416778564453,190,False,156.8644256591797,36.0,-145.94433116912842,442,6
00-0036268,Laviska Shenault Jr.,BUF,2025,WR,,0.6605061292648315,10.568098068237305,2.992274761199951,9.071960687637329,0.5669975429773331,8.157857894897461,43.979454040527344,191,False,156.8644256591797,36.0,-146.29632759094238,443,6
00-0036877,Jaelon Darden,SEA,2025,WR,,0.6512178182601929,10.419485092163086,6.5875935554504395,7.125688314437866,0.44535551965236664,6.843132972717285,28.465068817138672,192,False,156.8644256591797,36.0,-146.4449405670166,444,6
00-0038821,Rakim Jarrett,PIT,2025,WR,,0.5851616859436035,9.362586975097656,4.849757671356201,6.937708139419556,0.43360675871372223,11.92927360534668,39.752838134765625,193,False,156.8644256591797,36.0,-147.50183868408203,445,6
00-0036620,Dee Eskridge,MIA,2025,WR,,0.5628339052200317,9.005342483520508,4.660358428955078,6.675163269042969,0.41719770431518555,10.073250770568848,30.91449546813965,194,False,156.8644256591797,36.0,-147.85908317565918,446,6
00-0037093,Dareke Young,SEA,2025,WR,,0.5283017754554749,8.452828407287598,6.012160778045654,5.4467480182647705,0.34042175114154816,5.964132785797119,23.707990646362305,195,False,156.8644256591797,36.0,-148.4115972518921,447,6
00-0031763,DeAndre Carter,CLE,2025,WR,,0.4451766610145569,7.12282657623291,3.279677391052246,5.482987880706787,0.3426867425441742,2.200174331665039,28.155200958251953,196,False,156.8644256591797,36.0,-149.74159908294678,448,6
00-0039614,Jermaine Jackson,NO,2025,WR,,0.40045401453971863,6.407264232635498,1.88526451587677,5.464631974697113,0.34153949841856956,2.0423102378845215,14.175687789916992,197,False,156.8644256591797,36.0,-150.4571614265442,449,6
00-0036176,Mason Kinsey,TEN,2025,WR,,0.33755815029144287,5.400930404663086,1.6318227052688599,4.585019052028656,0.286563690751791,1.2259172201156616,15.46005630493164,198,False,156.8644256591797,36.0,-151.4634952545166,450,6
00-0031280,Derek Carr,NO,2025,QB,9.00077,9.705947875976562,87.36100006103516,0.02967403456568718,87.34616304375231,5.4591351902345195,72.35417938232422,101.45428466796875,33,False,242.32208251953125,12.0,-154.9610824584961,451,4
00-0035602,Alex Bachman,LV,2025,WR,,0.05113810673356056,0.818209707736969,1.9654041528701782,-0.16449236869812012,-0.010280773043632507,0.0,17.273406982421875,199,False,156.8644256591797,36.0,-156.04621595144272,452,6
00-0034487,Trent Sherfield,NE,2025,WR,,0.0,0.0,0.0,0.0,0.0,0.0,5.281672954559326,200,False,156.8644256591797,36.0,-156.8644256591797,453,6
00-0038122,Desmond Ridder,GB,2025,QB,7.2985477,10.068571090698242,73.48594665527344,0.1312839537858963,73.42030467838049,4.588769042398781,44.040489196777344,73.34719848632812,34,False,242.32208251953125,12.0,-168.8361358642578,454,4
00-0038128,Malik Willis,GB,2025,QB,8.114414,8.267657279968262,67.08719635009766,0.27076053619384766,66.95181608200073,4.184488505125046,46.49505615234375,88.37271118164062,35,False,242.32208251953125,12.0,-175.2348861694336,455,4
00-0033537,Deshaun Watson,CLE,2025,QB,5.783541,10.122474670410156,58.54375076293945,0.029103145003318787,58.529199190437794,3.658074949402362,35.144039154052734,69.83119201660156,36,False,242.32208251953125,12.0,-183.7783317565918,456,4
00-0038102,Kenny Pickett,LV,2025,QB,6.648555,8.067708015441895,53.63859939575195,0.18797709047794342,53.54461085051298,3.3465381781570613,42.872955322265625,72.97039031982422,37,False,242.32208251953125,12.0,-188.6834831237793,457,4
00-0035289,Gardner Minshew,KC,2025,QB,8.590928,6.126902103424072,52.63577651977539,0.0,52.63577651977539,3.289736032485962,34.09164810180664,76.9631576538086,38,False,242.32208251953125,12.0,-189.68630599975586,458,4
00-0038579,Aidan O'Connell,LV,2025,QB,6.5864353,7.738404750823975,50.968502044677734,0.11666373908519745,50.910170175135136,3.181885635945946,37.800167083740234,65.05120849609375,39,False,242.32208251953125,12.0,-191.35358047485352,459,4
00-0036972,Mac Jones,SF,2025,QB,7.170861,6.110689640045166,43.818904876708984,0.018257655203342438,43.80977604910731,2.738111003069207,31.97048568725586,58.129127502441406,40,False,242.32208251953125,12.0,-198.50317764282227,460,4
00-0035704,Drew Lock,SEA,2025,QB,6.158496,6.577519416809082,40.507625579833984,0.1075465977191925,40.45385228097439,2.5283657675608993,27.10437774658203,49.70526885986328,41,False,242.32208251953125,12.0,-201.81445693969727,461,4
00-0027973,Andy Dalton,CAR,2025,QB,4.1405888,9.45591926574707,39.153072357177734,0.0,39.153072357177734,2.4470670223236084,22.44546127319336,41.39335632324219,42,False,242.32208251953125,12.0,-203.16901016235352,462,4
00-0035993,Tyler Huntley,BAL,2025,QB,5.002659,7.713018417358398,38.58559799194336,0.011220427230000496,38.57998777832836,2.4112492361455224,24.1097469329834,52.28969955444336,43,False,242.32208251953125,12.0,-203.7364845275879,463,4
00-0038583,Dorian Thompson-Robinson,PHI,2025,QB,4.6044145,8.07662296295166,37.18811798095703,0.18064522743225098,37.097795367240906,2.3186122104525566,20.497482299804688,48.765296936035156,44,False,242.32208251953125,12.0,-205.13396453857422,464,4
00-0036898,Davis Mills,HOU,2025,QB,4.942622,7.297819137573242,36.07036209106445,0.047362200915813446,36.046680990606546,2.252917561912909,22.467464447021484,43.7490348815918,45,False,242.32208251953125,12.0,-206.2517204284668,465,4
00-0037012,Trey Lance,LAC,2025,QB,5.322514,6.738770484924316,35.8671989440918,0.0645078495144844,35.834945019334555,2.2396840637084097,21.68899154663086,42.1174430847168,46,False,242.32208251953125,12.0,-206.45488357543945,466,4
00-0026300,Josh Johnson,WAS,2025,QB,6.5619006,5.429985046386719,35.63102340698242,0.3211304545402527,35.470458179712296,2.2169036362320185,16.68155288696289,59.83930587768555,47,False,242.32208251953125,12.0,-206.69105911254883,467,4
00-0033662,Cooper Rush,BAL,2025,QB,6.125589,5.604198932647705,34.329017639160156,0.0,34.329017639160156,2.1455636024475098,22.360366821289062,47.265525817871094,48,False,242.32208251953125,12.0,-207.9930648803711,468,4
00-0033119,Jacoby Brissett,ARI,2025,QB,5.034086,6.636075973510742,33.406578063964844,0.007769686635583639,33.40269322064705,2.0876683262904407,19.40517807006836,45.648712158203125,49,False,242.32208251953125,12.0,-208.9155044555664,469,5
00-0031503,Jameis Winston,NYG,2025,QB,6.32126,5.032851219177246,31.813961029052734,0.2111579179763794,31.708382070064545,1.981773879379034,19.458065032958984,57.66973114013672,50,False,242.32208251953125,12.0,-210.50812149047852,470,5
00-0038582,Clayton Tune,GB,2025,QB,6.0276074,5.047186374664307,30.42245864868164,0.8684247136116028,29.98824629187584,1.87426539324224,20.021665573120117,38.7062873840332,51,False,242.32208251953125,12.0,-211.8996238708496,471,5
00-0033869,Mitchell Trubisky,BUF,2025,QB,9.495498,3.0895447731018066,29.33676528930664,0.0,29.33676528930664,1.833547830581665,34.82417297363281,74.8297348022461,52,False,242.32208251953125,12.0,-212.9853172302246,472,5
00-0039152,Will Levis,TEN,2025,QB,5.983345,4.711906909942627,28.192964553833008,0.2026178389787674,28.091655634343624,1.7557284771464765,26.832515716552734,54.19042205810547,53,False,242.32208251953125,12.0,-214.12911796569824,473,5
00-0031800,Taylor Heinicke,LAC,2025,QB,6.8307757,4.0716328620910645,27.812410354614258,0.10539697110652924,27.759711869060993,1.734981991816312,18.18564224243164,49.599220275878906,54,False,242.32208251953125,12.0,-214.509672164917,474,5
00-0033319,Nick Mullens,JAX,2025,QB,6.332342,4.359530925750732,27.606040954589844,0.41949281096458435,27.39629454910755,1.712268409319222,23.927770614624023,53.70555114746094,55,False,242.32208251953125,12.0,-214.7160415649414,475,5
00-0038416,Tyson Bagent,CHI,2025,QB,4.7767596,5.148255825042725,24.59197998046875,0.4819551110267639,24.351002424955368,1.5219376515597105,19.853416442871094,31.55596923828125,56,False,242.32208251953125,12.0,-217.7301025390625,476,5
00-0034771,Mason Rudolph,PIT,2025,QB,5.2920194,4.637748718261719,24.54305648803711,0.0,24.54305648803711,1.5339410305023193,12.958094596862793,41.618812561035156,57,False,242.32208251953125,12.0,-217.77902603149414,477,5
00-0038998,Jake Haener,NO,2025,QB,4.646952,2.278484344482422,10.588007926940918,0.10280162841081619,10.53660711273551,0.6585379445459694,6.599549770355225,24.184261322021484,58,False,242.32208251953125,12.0,-231.73407459259033,478,5
