player_id,player_display_name,team,season,position,projected_games_played,projected_ppr_per_game,projected_ppr,projected_receptions,projected_half_ppr,projected_half_ppr_per_game,ci_low,ci_high,position_rank,is_rookie,baseline_pts,baseline_rank,vbd,vbd_rank_overall,tier
00-0036322,Justin Jefferson,MIN,2022,WR,,22.43778419494629,359.0045471191406,124.22735595703125,296.890869140625,18.555679321289062,235.42324829101562,366.9947204589844,1,False,162.12472534179688,36.0,196.87982177734375,1,1
00-0033040,Tyreek Hill,MIA,2022,WR,,21.121686935424805,337.9469909667969,118.25996398925781,278.81700897216797,17.426063060760498,262.3788757324219,341.26092529296875,2,False,162.12472534179688,36.0,175.822265625,2,1
00-0030506,Travis Kelce,KC,2022,TE,,19.522682189941406,312.3629150390625,108.71318054199219,258.0063247680664,16.12539529800415,154.33949279785156,315.5545654296875,1,False,137.62704467773438,12.0,174.73587036132812,3,1
00-0033280,Christian McCaffrey,SF,2022,RB,,21.631048138949414,346.0967702231906,83.10329906142468,304.5451206924783,19.034070043279893,194.17312461618036,351.21109969017033,1,False,174.49445693969727,24.0,171.60231328349334,4,1
00-0033699,Austin Ekeler,LAC,2022,RB,,21.25965353129581,340.154456500733,99.43024097017032,290.4393360156478,18.15245850097799,187.14057865296874,352.14973709200444,2,False,174.49445693969727,24.0,165.6599995610357,5,1
00-0033873,Patrick Mahomes,KC,2022,QB,16.996443,24.35019302368164,413.8666687011719,0.9921087622642517,413.37061432003975,25.835663395002484,319.7817687988281,416.99066162109375,1,False,251.7641143798828,12.0,162.10255432128906,6,1
00-0031381,Davante Adams,LV,2022,WR,,20.24247169494629,323.8795471191406,98.73792266845703,274.5105857849121,17.156911611557007,255.1282958984375,333.8518981933594,3,False,162.12472534179688,36.0,161.75482177734375,7,1
00-0031588,Stefon Diggs,BUF,2022,WR,,19.34477996826172,309.5164794921875,107.38969421386719,255.8216323852539,15.98885202407837,241.7581787109375,314.599365234375,4,False,162.12472534179688,36.0,147.39175415039062,8,1
00-0034857,Josh Allen,BUF,2022,QB,15.94749,24.74502944946289,394.62109375,0.0023935693316161633,394.6198969653342,24.663743560333387,346.5965576171875,394.3102722167969,2,False,251.7641143798828,12.0,142.8569793701172,9,1
00-0035700,Josh Jacobs,LV,2022,RB,,19.75951412200928,316.15222595214846,52.25615478515625,290.02414855957034,18.126509284973146,189.73794143676758,334.11989196777347,3,False,174.49445693969727,24.0,141.65776901245118,10,1
00-0035676,A.J. Brown,PHI,2022,WR,,18.240882873535156,291.8541259765625,86.93579864501953,248.38622665405273,15.524139165878296,221.63319396972656,298.4797668457031,5,False,162.12472534179688,36.0,129.72940063476562,11,2
00-0036358,CeeDee Lamb,DAL,2022,WR,,18.08197784423828,289.3116455078125,101.0196304321289,238.80183029174805,14.925114393234253,216.77761840820312,297.1341552734375,6,False,162.12472534179688,36.0,127.18692016601562,12,2
00-0036389,Jalen Hurts,PHI,2022,QB,14.97992,25.101606369018555,376.0200500488281,0.0004080367216374725,376.0198460304673,23.501240376904207,227.43252563476562,377.41009521484375,3,False,251.7641143798828,12.0,124.25593566894531,13,1
00-0034844,Saquon Barkley,NYG,2022,RB,,17.4718429182785,279.549486692456,56.12727875687993,251.48584731401607,15.717865457126004,162.65886352413736,286.2811342287162,4,False,174.49445693969727,24.0,105.05502975275874,14,2
00-0036963,Amon-Ra St. Brown,DET,2022,WR,,16.51066780090332,264.1706848144531,104.04119873046875,212.15008544921875,13.259380340576172,233.47247314453125,267.03643798828125,7,False,162.12472534179688,36.0,102.04595947265625,15,2
00-0036613,Jaylen Waddle,MIA,2022,WR,,16.316431045532227,261.0628967285156,78.0064697265625,222.05966186523438,13.878728866577148,236.27825927734375,261.6498718261719,8,False,162.12472534179688,36.0,98.93817138671875,16,2
00-0036442,Joe Burrow,CIN,2022,QB,15.972134,21.762088775634766,347.58697509765625,0.004456995986402035,347.58474659966305,21.72404666247894,274.18670654296875,349.6481628417969,4,False,251.7641143798828,12.0,95.82286071777344,17,1
00-0032764,Derrick Henry,TEN,2022,RB,,16.805494163037977,268.88790660860764,29.409755857025083,254.1830286800951,15.886439292505944,182.32297552966483,272.9590296730287,5,False,174.49445693969727,24.0,94.39344966891036,18,2
00-0034791,Nick Chubb,CLE,2022,RB,,16.766584877716525,268.2653580434644,25.827050194358435,255.35183294628519,15.959489559142824,186.96946997191463,272.1413878596604,6,False,174.49445693969727,24.0,93.77090110376713,19,2
00-0036912,DeVonta Smith,PHI,2022,WR,,15.917515754699707,254.6802520751953,92.51805877685547,208.42122268676758,13.026326417922974,190.27340698242188,256.45513916015625,9,False,162.12472534179688,36.0,92.55552673339844,20,2
00-0031544,Amari Cooper,CLE,2022,WR,,15.105033874511719,241.6805419921875,78.32219696044922,202.5194435119629,12.65746521949768,192.34762573242188,246.05300903320312,10,False,162.12472534179688,36.0,79.55581665039062,21,3
00-0035229,T.J. Hockenson,MIN,2022,TE,,13.56143856048584,216.98301696777344,85.47151184082031,174.24726104736328,10.890453815460205,136.7903289794922,217.6892547607422,2,False,137.62704467773438,12.0,79.35597229003906,22,2
00-0036900,Ja'Marr Chase,CIN,2022,WR,,14.934026718139648,238.94442749023438,87.52751159667969,195.18067169189453,12.198791980743408,237.94692993164062,256.13421630859375,11,False,162.12472534179688,36.0,76.8197021484375,23,3
00-0032211,Tyler Lockett,SEA,2022,WR,,14.63919734954834,234.22715759277344,82.05945587158203,193.19742965698242,12.074839353561401,176.91012573242188,239.0073699951172,12,False,162.12472534179688,36.0,72.10243225097656,24,3
00-0035261,Tony Pollard,DAL,2022,RB,,15.220282116314877,243.52451386103803,38.85701939031247,224.0960041658818,14.006000260367612,116.37360910800774,251.43779412845973,7,False,174.49445693969727,24.0,69.03005692134076,25,3
00-0035659,Terry McLaurin,WAS,2022,WR,,14.171537399291992,226.74459838867188,75.10919952392578,189.18999862670898,11.824374914169312,183.4866485595703,231.5994110107422,13,False,162.12472534179688,36.0,64.619873046875,26,3
00-0031408,Mike Evans,TB,2022,WR,,14.144548416137695,226.31277465820312,75.4928207397461,188.56636428833008,11.78539776802063,196.92813110351562,227.1310577392578,14,False,162.12472534179688,36.0,64.18804931640625,27,3
00-0036410,Tee Higgins,CIN,2022,WR,,14.141221046447754,226.25953674316406,74.48179626464844,189.01863861083984,11.81366491317749,217.4869842529297,237.6314697265625,15,False,162.12472534179688,36.0,64.13481140136719,28,3
00-0035640,DK Metcalf,SEA,2022,WR,,14.118316650390625,225.89306640625,90.24810791015625,180.76901245117188,11.298063278198242,223.529052734375,247.900634765625,16,False,162.12472534179688,36.0,63.768341064453125,29,3
00-0034775,Christian Kirk,JAX,2022,WR,,14.05001449584961,224.80023193359375,79.54209899902344,185.02918243408203,11.564323902130127,149.42201232910156,236.70962524414062,17,False,162.12472534179688,36.0,62.675506591796875,30,3
00-0033288,George Kittle,SF,2022,TE,,12.516556739807129,200.26490783691406,60.28401565551758,170.12290000915527,10.632681250572205,184.5509033203125,201.5829315185547,3,False,137.62704467773438,12.0,62.63786315917969,31,2
00-0033921,Chris Godwin Jr.,TB,2022,WR,,13.949516296386719,223.1922607421875,101.29393005371094,172.54529571533203,10.784080982208252,218.1796112060547,241.89303588867188,18,False,162.12472534179688,36.0,61.067535400390625,32,3
00-0036261,Brandon Aiyuk,SF,2022,WR,,13.744257926940918,219.9081268310547,75.96247100830078,181.9268913269043,11.370430707931519,145.03135681152344,225.59915161132812,19,False,162.12472534179688,36.0,57.78340148925781,33,3
00-0033293,Aaron Jones,GB,2022,RB,,14.397774912555443,230.36439860088709,53.9222375097673,203.40327984600341,12.712704990375213,197.27745037478346,234.13431846864088,8,False,174.49445693969727,24.0,55.86994166118981,34,3
00-0033897,Joe Mixon,CIN,2022,RB,,14.385039699359924,230.16063518975878,58.05209649923483,201.13458694014136,12.570911683758835,212.1509828949497,237.2607933758808,9,False,174.49445693969727,24.0,55.666178250061506,35,3
00-0036252,Michael Pittman,IND,2022,WR,,13.57056713104248,217.1290740966797,96.26715850830078,168.9954948425293,10.562218427658081,189.8199005126953,217.58456420898438,20,False,162.12472534179688,36.0,55.00434875488281,36,3
00-0036893,Najee Harris,PIT,2022,RB,,14.314653911590577,229.03446258544923,42.34699008941651,207.86096754074097,12.99131047129631,185.78992767333986,232.70677658081055,10,False,174.49445693969727,24.0,54.54000564575196,37,3
00-0034753,Mark Andrews,BAL,2022,TE,,11.974414825439453,191.59063720703125,73.39388275146484,154.89369583129883,9.680855989456177,190.46234130859375,240.72410583496094,4,False,137.62704467773438,12.0,53.963592529296875,38,2
00-0036875,Rhamondre Stevenson,NE,2022,RB,,14.114517364501953,225.83227783203125,62.06209709167481,194.80122928619386,12.175076830387116,128.23473281860353,251.69241943359376,11,False,174.49445693969727,24.0,51.33782089233398,39,3
00-0033893,Dalvin Cook,MIN,2022,RB,,13.996112048131485,223.93779277010375,37.13804723046399,205.36876915487176,12.835548072179485,199.3470904898203,227.82624221864424,12,False,174.49445693969727,24.0,49.44333583040648,40,3
00-0030565,Geno Smith,SEA,2022,QB,16.79128,17.781526565551758,298.5746154785156,0.0056170504540205,298.5718069532886,18.66073793458054,204.90777587890625,299.8522644042969,5,False,251.7641143798828,12.0,46.81050109863281,41,2
00-0036971,Trevor Lawrence,JAX,2022,QB,16.976645,17.425434112548828,295.8254089355469,0.0030919595155864954,295.8238629557891,18.488991434736818,267.8885498046875,309.4818115234375,6,False,251.7641143798828,12.0,44.06129455566406,42,2
00-0036945,Justin Fields,CHI,2022,QB,14.971756,19.7579345703125,295.81097412109375,0.0007297333213500679,295.8106092544331,18.488163078402067,232.46072387695312,295.5387878417969,7,False,251.7641143798828,12.0,44.04685974121094,43,2
00-0035243,Miles Sanders,PHI,2022,RB,,13.504742601128328,216.07588161805324,20.720929723853203,205.71541675612664,12.857213547257915,125.15004528977786,219.28870147705075,13,False,174.49445693969727,24.0,41.58142467835597,44,3
00-0033908,Cooper Kupp,LA,2022,WR,,12.589916229248047,201.43865966796875,75.0228042602539,163.9272575378418,10.245453596115112,200.26373291015625,232.77456665039062,21,False,162.12472534179688,36.0,39.313934326171875,45,3
00-0033856,Leonard Fournette,TB,2022,RB,,13.311256672763237,212.9801067642118,68.38555710340182,178.7873282125109,11.17420801328193,202.53811677779996,217.08801384990466,14,False,174.49445693969727,24.0,38.485649824514525,46,3
00-0036567,Elijah Mitchell,SF,2022,RB,,13.298053255081177,212.76885208129883,28.058859825134277,198.7394221687317,12.42121388554573,188.01204391479493,241.15073028564453,15,False,174.49445693969727,24.0,38.27439514160156,47,3
00-0034827,DJ Moore,CAR,2022,WR,,12.519987106323242,200.31979370117188,65.05802154541016,167.7907829284668,10.486923933029175,198.57603454589844,226.09669494628906,22,False,162.12472534179688,36.0,38.195068359375,48,3
00-0036275,D'Andre Swift,DET,2022,RB,,12.966429080963135,207.46286529541015,50.19132194519043,182.36720432281496,11.397950270175935,197.92822998046876,257.30535049438475,16,False,174.49445693969727,24.0,32.96840835571288,49,3
00-0035710,Daniel Jones,NYG,2022,QB,15.838287,17.968442916870117,284.58935546875,0.0,284.58935546875,17.786834716796875,222.7425994873047,285.9671630859375,8,False,251.7641143798828,12.0,32.82524108886719,50,2
00-0033881,Evan Engram,JAX,2022,TE,,10.652532577514648,170.44052124023438,70.7494888305664,135.06577682495117,8.441611051559448,74.09773254394531,176.043701171875,5,False,137.62704467773438,12.0,32.8134765625,51,2
00-0033106,Jared Goff,DET,2022,QB,17.0,16.608348846435547,282.3419189453125,0.9791533946990967,281.85234224796295,17.615771390497684,225.9881591796875,284.043212890625,9,False,251.7641143798828,12.0,30.577804565429688,52,2
00-0036355,Justin Herbert,LAC,2022,QB,16.957878,16.596221923828125,281.43670654296875,1.991947889328003,280.44073259830475,17.527545787394047,280.71832275390625,354.6707763671875,10,False,251.7641143798828,12.0,29.672592163085938,53,2
00-0033906,Alvin Kamara,NO,2022,RB,,12.638254965162703,202.21207944260325,54.374986908590856,175.02458598830782,10.939036624269239,201.11375795159418,228.95800550080915,17,False,174.49445693969727,24.0,27.717622502905982,54,3
00-0036407,Jerry Jeudy,DEN,2022,WR,,11.514260292053223,184.22816467285156,63.205013275146484,152.62565803527832,9.539103627204895,113.88758087158203,201.64950561523438,23,False,162.12472534179688,36.0,22.103439331054688,55,4
00-0030035,Adam Thielen,MIN,2022,WR,,11.399269104003906,182.3883056640625,69.41832733154297,147.67914199829102,9.229946374893188,174.4298858642578,200.44390869140625,24,False,162.12472534179688,36.0,20.263580322265625,56,4
00-0033857,JuJu Smith-Schuster,KC,2022,WR,,11.24775218963623,179.9640350341797,74.69178771972656,142.6181411743164,8.913633823394775,98.73202514648438,183.2306365966797,25,False,162.12472534179688,36.0,17.839309692382812,57,4
00-0033536,Mike Williams,LAC,2022,WR,,11.094474792480469,177.5115966796875,63.701812744140625,145.6606903076172,9.103793144226074,173.13949584960938,200.8361358642578,26,False,162.12472534179688,36.0,15.386871337890625,58,4
00-0034960,Jakobi Meyers,NE,2022,WR,,11.094364166259766,177.50982666015625,67.31279754638672,143.8534278869629,8.99083924293518,164.44998168945312,185.5118865966797,27,False,162.12472534179688,36.0,15.385101318359375,59,4
00-0033553,James Conner,ARI,2022,RB,,11.845021340639768,189.5203414502363,42.873703558528206,168.08348967097217,10.50521810443576,179.55899995567538,211.18950891023465,18,False,174.49445693969727,24.0,15.025884510539015,60,4
00-0033110,Tyler Higbee,LA,2022,TE,,9.392476081848145,150.2796173095703,71.02355194091797,114.76784133911133,7.172990083694458,90.86526489257812,151.72781372070312,6,False,137.62704467773438,12.0,12.652572631835938,61,3
00-0035216,Diontae Johnson,PIT,2022,WR,,10.853951454162598,173.66322326660156,81.43502807617188,132.94570922851562,8.309106826782227,175.84642028808594,192.4615020751953,28,False,162.12472534179688,36.0,11.538497924804688,62,4
00-0035685,David Montgomery,CHI,2022,RB,,11.525512185583043,184.4081949693287,36.74437675734565,166.03600659065586,10.377250411915991,181.11396677423224,214.33301671523577,19,False,174.49445693969727,24.0,9.913738029631418,63,4
00-0036290,Cole Kmet,CHI,2022,TE,,9.220109939575195,147.52175903320312,49.93287658691406,122.5553207397461,7.659707546234131,116.73169708251953,152.5336151123047,7,False,137.62704467773438,12.0,9.89471435546875,64,3
00-0035250,Devin Singletary,BUF,2022,RB,,11.487099714279175,183.7935954284668,38.82258457183838,164.3823031425476,10.273893946409226,155.0069059753418,185.12335723876953,20,False,174.49445693969727,24.0,9.299138488769529,65,4
00-0036196,Gabe Davis,BUF,2022,WR,,10.64245319366455,170.2792510986328,48.85573196411133,145.85138511657715,9.115711569786072,142.99496459960938,172.4947967529297,29,False,162.12472534179688,36.0,8.154525756835938,66,4
00-0035719,Deebo Samuel Sr.,SF,2022,WR,,10.635649681091309,170.17039489746094,57.00449752807617,141.66814613342285,8.854259133338928,168.45706176757812,230.14002990722656,30,False,162.12472534179688,36.0,8.045669555664062,67,4
00-0036894,Pat Freiermuth,PIT,2022,TE,,9.103538513183594,145.6566162109375,61.86152267456055,114.72585487365723,7.170365929603577,88.38568115234375,147.6488037109375,8,False,137.62704467773438,12.0,8.029571533203125,68,3
00-0033891,Zay Jones,JAX,2022,WR,,10.616105079650879,169.85768127441406,71.15280151367188,134.28128051757812,8.392580032348633,67.38092803955078,193.20330810546875,31,False,162.12472534179688,36.0,7.7329559326171875,69,4
00-0033357,Taysom Hill,NO,2022,TE,,9.071999549865723,145.15199279785156,9.520417213439941,140.3917841911316,8.774486511945724,91.5390396118164,145.77976989746094,9,False,137.62704467773438,12.0,7.5249481201171875,70,3
00-0030279,Keenan Allen,LAC,2022,WR,,10.594962120056152,169.51939392089844,68.92703247070312,135.05587768554688,8.44099235534668,165.43246459960938,242.3398895263672,32,False,162.12472534179688,36.0,7.3946685791015625,71,4
00-0033948,Jamaal Williams,DET,2022,RB,,11.323358499147075,181.1737359863532,11.992370788174734,175.17755059226582,10.948596912016614,56.22811507473736,207.97528655817868,21,False,174.49445693969727,24.0,6.679279046655921,72,4
00-0033282,Curtis Samuel,WAS,2022,WR,,10.476353645324707,167.6216583251953,60.781349182128906,137.23098373413086,8.576936483383179,71.57778930664062,174.7718505859375,33,False,162.12472534179688,36.0,5.4969329833984375,73,4
00-0034383,Dalton Schultz,DAL,2022,TE,,8.936624526977539,142.98599243164062,57.48138427734375,114.24530029296875,7.140331268310547,138.36306762695312,158.97720336914062,10,False,137.62704467773438,12.0,5.35894775390625,74,3
00-0033045,Ezekiel Elliott,DAL,2022,RB,,11.229546270820885,179.67274033313416,17.07561377088637,171.13493344769097,10.695933340480686,174.66614904018562,194.31266359594244,22,False,174.49445693969727,24.0,5.178283393436885,75,4
00-0037012,Trey Lance,SF,2022,QB,14.581039,17.57883071899414,256.317626953125,0.0,256.317626953125,16.019851684570312,201.7664794921875,271.3114929199219,11,False,251.7641143798828,12.0,4.5535125732421875,76,2
00-0034351,Dallas Goedert,PHI,2022,TE,,8.795230865478516,140.72369384765625,55.13076400756836,113.15831184387207,7.072394490242004,141.03614807128906,167.2871551513672,11,False,137.62704467773438,12.0,3.096649169921875,77,3
00-0036997,Javonte Williams,DEN,2022,RB,,11.039692678451539,176.63508285522462,31.54357318878174,160.86329626083375,10.05395601630211,150.6488473510742,206.75816650390627,23,False,174.49445693969727,24.0,2.1406259155273517,78,4
00-0033009,Tyler Boyd,CIN,2022,WR,,10.242838859558105,163.8854217529297,57.43221664428711,135.16931343078613,8.448082089424133,132.65834045410156,165.829345703125,34,False,162.12472534179688,36.0,1.7606964111328125,79,4
00-0035662,Marquise Brown,ARI,2022,WR,,10.135708808898926,162.1713409423828,66.91189575195312,128.71539306640625,8.04471206665039,155.34799194335938,203.85862731933594,35,False,162.12472534179688,36.0,0.0466156005859375,80,4
00-0036328,Antonio Gibson,WAS,2022,RB,,10.90590355873108,174.49445693969727,45.9051233291626,151.54189527511596,9.471368454694748,170.68764068603517,215.4462454223633,24,False,174.49445693969727,24.0,0.0,81,4
00-0019596,Tom Brady,TB,2022,QB,15.591531,16.147491455078125,251.7641143798828,0.0014695205027237535,251.76337961963145,15.735211226226966,249.18565368652344,295.6539001464844,12,False,251.7641143798828,12.0,0.0,82,2
00-0033885,David Njoku,CLE,2022,TE,,8.601690292358398,137.62704467773438,54.80827713012695,110.2229061126709,6.888931632041931,75.2824935913086,140.7751922607422,12,False,137.62704467773438,12.0,0.0,83,3
00-0030564,DeAndre Hopkins,ARI,2022,WR,,10.132795333862305,162.12472534179688,64.91993713378906,129.66475677490234,8.104047298431396,153.8949432373047,205.44708251953125,36,False,162.12472534179688,36.0,0.0,84,4
00-0036233,Donovan Peoples-Jones,CLE,2022,WR,,10.118488311767578,161.89581298828125,57.9713249206543,132.9101505279541,8.306884407997131,90.46802520751953,165.29934692382812,37,False,162.12472534179688,36.0,-0.228912353515625,85,4
00-0027656,Rob Gronkowski,TB,2022,TE,,8.563307762145996,137.01292419433594,52.002620697021484,111.0116138458252,6.938225865364075,110.09658813476562,153.56248474121094,13,False,137.62704467773438,12.0,-0.6141204833984375,86,3
00-0036265,AJ Dillon,GB,2022,RB,,10.800385570526123,172.80616912841796,28.29346670150757,158.65943577766419,9.916214736104012,142.16894989013673,172.93029846191408,25,False,174.49445693969727,24.0,-1.6882878112793094,87,4
00-0034837,Calvin Ridley,JAX,2022,WR,,10.021303176879883,160.34085083007812,59.43171691894531,130.62499237060547,8.164062023162842,135.91650390625,211.3470916748047,38,False,162.12472534179688,36.0,-1.78387451171875,88,4
00-0033895,Gerald Everett,LAC,2022,TE,,8.472503662109375,135.56005859375,57.85810852050781,106.6310043334961,6.664437770843506,82.04084777832031,138.7654571533203,14,False,137.62704467773438,12.0,-2.066986083984375,89,3
00-0034348,Courtland Sutton,DEN,2022,WR,,9.851761817932129,157.62818908691406,61.990657806396484,126.63286018371582,7.914553761482239,134.76597595214844,160.3928680419922,39,False,162.12472534179688,36.0,-4.4965362548828125,90,4
00-0035689,Dawson Knox,BUF,2022,TE,,8.282938003540039,132.52700805664062,46.79484939575195,109.12958335876465,6.8205989599227905,100.48745727539062,135.81422424316406,15,False,137.62704467773438,12.0,-5.10003662109375,91,3
00-0034521,Allen Lazard,GB,2022,WR,,9.77030086517334,156.32481384277344,54.329673767089844,129.15997695922852,8.072498559951782,108.80463409423828,170.91976928710938,40,False,162.12472534179688,36.0,-5.7999114990234375,92,4
00-0036040,Juwan Johnson,NO,2022,TE,,8.202802658081055,131.24484252929688,40.571998596191406,110.95884323120117,6.934927701950073,48.67107009887695,134.60018920898438,16,False,137.62704467773438,12.0,-6.3822021484375,93,3
00-0031236,Brandin Cooks,HOU,2022,WR,,9.687833786010742,155.00534057617188,59.04104232788086,125.48481941223145,7.842801213264465,146.43287658691406,219.1914825439453,41,False,162.12472534179688,36.0,-7.119384765625,94,4
00-0036988,Josh Palmer,LAC,2022,WR,,9.685523986816406,154.9683837890625,64.79423522949219,122.5712661743164,7.660704135894775,90.84351348876953,163.6227264404297,42,False,162.12472534179688,36.0,-7.156341552734375,95,4
00-0034270,Tyler Conklin,NYJ,2022,TE,,8.119166374206543,129.9066619873047,57.87897872924805,100.96717262268066,6.3104482889175415,63.8707275390625,131.17724609375,17,False,137.62704467773438,12.0,-7.7203826904296875,96,3
00-0029604,Kirk Cousins,MIN,2022,QB,14.260923,17.096412658691406,243.81063842773438,0.0,243.81063842773438,15.238164901733398,228.51361083984375,245.24398803710938,13,False,251.7641143798828,12.0,-7.9534759521484375,97,2
00-0031503,Jameis Winston,NO,2022,QB,14.270301,17.021533966064453,242.90240478515625,0.28913605213165283,242.75783675909042,15.172364797443151,206.58108520507812,260.0519104003906,14,False,251.7641143798828,12.0,-8.861709594726562,98,2
00-0031376,Jerick McKinnon,KC,2022,RB,,10.195767657712745,163.13228252340392,46.49566679372925,139.8844491265393,8.742778070408706,58.19666338848138,164.95200770102,26,False,174.49445693969727,24.0,-11.362174416293357,99,4
00-0035644,Noah Fant,SEA,2022,TE,,7.781929016113281,124.5108642578125,51.07406234741211,98.97383308410645,6.185864567756653,122.8152084350586,163.6503143310547,18,False,137.62704467773438,12.0,-13.116180419921875,100,3
00-0027793,Antonio Brown,TB,2022,WR,,9.216102600097656,147.4576416015625,53.858943939208984,120.52816963195801,7.5330106019973755,112.47704315185547,167.95533752441406,43,False,162.12472534179688,36.0,-14.667083740234375,101,5
00-0034796,Lamar Jackson,BAL,2022,QB,12.014713,19.726879119873047,237.01280212402344,0.0,237.01280212402344,14.813300132751465,236.3925018310547,265.221435546875,15,False,251.7641143798828,12.0,-14.751312255859375,102,2
00-0036223,Jonathan Taylor,IND,2022,RB,,9.856617383956909,157.70587814331054,30.049640197753906,142.6810580444336,8.9175661277771,152.02299270629882,284.1739761352539,27,False,174.49445693969727,24.0,-16.78857879638673,103,4
00-0036345,K.J. Osborn,MIN,2022,WR,,8.920943260192871,142.73509216308594,55.1323356628418,115.16892433166504,7.198057770729065,73.43096160888672,151.95632934570312,44,False,162.12472534179688,36.0,-19.389633178710938,104,5
00-0030061,Zach Ertz,ARI,2022,TE,,7.279964447021484,116.47943115234375,47.148704528808594,92.90507888793945,5.806567430496216,115.16597747802734,152.48226928710938,19,False,137.62704467773438,12.0,-21.147613525390625,105,3
00-0036212,Tua Tagovailoa,MIA,2022,QB,13.100513,17.57254981994629,230.2094268798828,0.013933850452303886,230.20245995465666,14.387653747166041,181.8192596435547,232.33917236328125,16,False,251.7641143798828,12.0,-21.5546875,106,2
00-0034750,Rashaad Penny,SEA,2022,RB,,9.49192166876744,151.87074670027903,16.424735558840773,143.65837892085864,8.978648682553665,114.88783435051282,181.88960374470525,28,False,174.49445693969727,24.0,-22.623710239418244,107,4
00-0030431,Robert Woods,TEN,2022,WR,,8.374454498291016,133.99127197265625,53.75917053222656,107.11168670654297,6.6944804191589355,120.83360290527344,186.99986267089844,45,False,162.12472534179688,36.0,-28.133453369140625,108,5
00-0034411,Russell Gage,TB,2022,WR,,8.304818153381348,132.87709045410156,53.681339263916016,106.03642082214355,6.627276301383972,124.82160186767578,162.8703155517578,46,False,162.12472534179688,36.0,-29.247634887695312,109,5
00-0034115,Jeff Wilson,MIA,2022,RB,,9.018209551674794,144.2913528267967,20.16410388524854,134.20930088417242,8.388081305260776,71.54062336377947,150.1975271936478,29,False,174.49445693969727,24.0,-30.203104112900576,110,4
00-0034364,Jordan Akins,HOU,2022,TE,,6.681663513183594,106.9066162109375,35.84254837036133,88.98534202575684,5.561583876609802,23.2674503326416,115.67012023925781,20,False,137.62704467773438,12.0,-30.720428466796875,111,4
00-0035535,Darius Slayton,NYG,2022,WR,,8.15618896484375,130.4990234375,43.122840881347656,108.93760299682617,6.808600187301636,80.67741394042969,128.95254516601562,47,False,162.12472534179688,36.0,-31.625701904296875,112,5
00-0031280,Derek Carr,LV,2022,QB,14.979424,14.656314849853516,219.5431671142578,0.005487559828907251,219.54042333434336,13.72127645839646,218.83041381835938,259.1179504394531,17,False,251.7641143798828,12.0,-32.220947265625,113,3
00-0033090,Hunter Henry,NE,2022,TE,,6.557105541229248,104.91368865966797,41.90341567993164,83.96198081970215,5.247623801231384,103.76838684082031,143.24847412109375,21,False,137.62704467773438,12.0,-32.713356018066406,114,4
00-0035639,Parris Campbell,IND,2022,WR,,8.066238403320312,129.059814453125,53.31803894042969,102.40079498291016,6.400049686431885,63.658653259277344,143.52157592773438,48,False,162.12472534179688,36.0,-33.064910888671875,115,5
00-0033555,Mack Hollins,LV,2022,WR,,8.033498764038086,128.53598022460938,48.99970626831055,104.0361270904541,6.502257943153381,41.54997253417969,149.3208465576172,49,False,162.12472534179688,36.0,-33.5887451171875,116,6
00-0033757,Robert Tonyan,GB,2022,TE,,6.478923320770264,103.66277313232422,50.494503021240234,78.4155216217041,4.900970101356506,48.75859832763672,110.83230590820312,22,False,137.62704467773438,12.0,-33.964271545410156,117,4
00-0034272,Marquez Valdes-Scantling,KC,2022,WR,,7.882826328277588,126.1252212524414,43.03190994262695,104.60926628112793,6.538079142570496,108.9425277709961,127.841064453125,50,False,162.12472534179688,36.0,-35.99950408935547,118,6
00-0034830,Hayden Hurst,CIN,2022,TE,,6.304800987243652,100.87681579589844,50.753211975097656,75.50020980834961,4.718763113021851,49.32618713378906,105.08955383300781,23,False,137.62704467773438,12.0,-36.75022888183594,119,4
00-0034829,Mike Gesicki,MIA,2022,TE,,6.220921516418457,99.53474426269531,32.54014205932617,83.26467323303223,5.204042077064514,97.9295425415039,138.85523986816406,24,False,137.62704467773438,12.0,-38.09230041503906,120,4
00-0032392,Austin Hooper,TEN,2022,TE,,6.107892036437988,97.72627258300781,41.3499641418457,77.05129051208496,4.81570565700531,95.12841033935547,127.4153823852539,25,False,137.62704467773438,12.0,-39.90077209472656,121,4
00-0029293,Marvin Jones,JAX,2022,WR,,7.5591535568237305,120.94645690917969,47.98339080810547,96.95476150512695,6.059672594070435,115.26045227050781,146.11671447753906,51,False,162.12472534179688,36.0,-41.17826843261719,122,6
00-0034764,Michael Gallup,DAL,2022,WR,,7.552032470703125,120.83251953125,43.542442321777344,99.06129837036133,6.191331148147583,109.44320678710938,149.532470703125,52,False,162.12472534179688,36.0,-41.292205810546875,123,6
00-0032063,Mike Davis,BAL,2022,RB,,8.306630395188225,132.9060863230116,27.99206150342144,118.91005557130089,7.4318784732063055,93.71030789385098,132.0013681933686,30,False,174.49445693969727,24.0,-41.588370616685665,124,5
00-0036309,Darnell Mooney,CHI,2022,WR,,7.43361234664917,118.93779754638672,44.20647048950195,96.83456230163574,6.052160143852234,106.47177124023438,197.6267547607422,53,False,162.12472534179688,36.0,-43.186927795410156,125,6
00-0036326,Chase Claypool,CHI,2022,WR,,7.3968071937561035,118.34891510009766,46.48359298706055,95.10711860656738,5.944194912910461,106.42022705078125,166.98150634765625,54,False,162.12472534179688,36.0,-43.77581024169922,126,6
00-0036924,Michael Carter,NYJ,2022,RB,,8.11936661720276,129.90986587524415,41.75382774353027,109.03295200347901,6.814559500217438,128.6461843109131,177.31455657958986,31,False,174.49445693969727,24.0,-44.58459106445312,127,5
00-0023459,Aaron Rodgers,GB,2022,QB,14.470325,14.310198783874512,207.07322692871094,0.011518733575940132,207.06746756192297,12.941716722620185,203.93609619140625,285.7044677734375,18,False,251.7641143798828,12.0,-44.690887451171875,128,3
00-0035311,Myles Gaskin,MIA,2022,RB,,8.074827217840317,129.19723548544508,31.129958291141897,113.63225633987412,7.102016021242132,108.08844331917578,160.45277183548382,32,False,174.49445693969727,24.0,-45.297221454252195,129,5
00-0032385,Sterling Shepard,NYG,2022,WR,,7.2814249992370605,116.50279998779297,37.70724105834961,97.64917945861816,6.103073716163635,73.61579895019531,116.77130126953125,55,False,162.12472534179688,36.0,-45.621925354003906,130,6
00-0035228,Kyler Murray,ARI,2022,QB,11.190617,18.41995620727539,206.1306610107422,0.0,206.1306610107422,12.883166313171387,204.2789306640625,247.7552947998047,19,False,251.7641143798828,12.0,-45.633453369140625,131,3
00-0036331,Devin Duvernay,BAL,2022,WR,,7.255098819732666,116.08158111572266,35.149696350097656,98.50673294067383,6.156670808792114,88.58464050292969,115.73980712890625,56,False,162.12472534179688,36.0,-46.04314422607422,132,6
00-0033526,Samaje Perine,CIN,2022,RB,,7.992498822489639,127.87998115983423,35.014235100769,110.37286360944974,6.898303975590609,59.42448866829164,133.28261848569812,33,False,174.49445693969727,24.0,-46.61447577986304,133,5
00-0033466,Isaiah McKenzie,BUF,2022,WR,,7.148179054260254,114.37086486816406,39.84672164916992,94.4475040435791,5.902969002723694,77.10891723632812,117.96192932128906,57,False,162.12472534179688,36.0,-47.75386047363281,134,6
00-0027061,Jared Cook,LAC,2022,TE,,5.600734710693359,89.61175537109375,31.82921600341797,73.69714736938477,4.606071710586548,67.79560852050781,113.10982513427734,26,False,137.62704467773438,12.0,-48.015289306640625,135,4
00-0033925,D'Onta Foreman,CAR,2022,RB,,7.8892703521423035,126.22832563427686,5.38648787816692,123.5350816951934,7.720942605949587,81.34033646507186,128.76766753022432,34,False,174.49445693969727,24.0,-48.266131305420416,136,5
00-0035414,Jalen Guyton,LAC,2022,WR,,7.109147071838379,113.74635314941406,36.542179107666016,95.47526359558105,5.967203974723816,83.78443908691406,108.171142578125,58,False,162.12472534179688,36.0,-48.37837219238281,137,6
00-0033923,Kareem Hunt,CLE,2022,RB,,7.804892682213232,124.87828291541172,33.29966917070602,108.22844833005871,6.7642780206286695,120.14167532271348,147.68887402157847,35,False,174.49445693969727,24.0,-49.616174024285556,138,5
00-0031610,Darren Waller,LV,2022,TE,,5.465332984924316,87.44532775878906,28.89426612854004,72.99819469451904,4.56238716840744,85.56149291992188,171.30567932128906,27,False,137.62704467773438,12.0,-50.18171691894531,139,4
00-0030578,Cordarrelle Patterson,ATL,2022,RB,,7.72658219354435,123.6253150967096,17.95477609630483,114.64792704855718,7.165495440534824,120.20366330804113,132.50153303445325,36,False,174.49445693969727,24.0,-50.86914184298767,140,5
00-0033077,Dak Prescott,DAL,2022,QB,12.073349,16.539026260375977,199.6814422607422,0.007099681068211794,199.67789242020808,12.479868276263005,199.83291625976562,238.19659423828125,20,False,251.7641143798828,12.0,-52.082672119140625,141,3
00-0036906,Khalil Herbert,CHI,2022,RB,,7.615759153366089,121.85214645385743,11.257558479309083,116.22336721420288,7.26396045088768,99.43485717773437,128.43566108703612,37,False,174.49445693969727,24.0,-52.64231048583984,142,5
00-0034159,Will Dissly,SEA,2022,TE,,5.307594299316406,84.9215087890625,33.742530822753906,68.05024337768555,4.253140211105347,58.54206085205078,86.98641204833984,28,False,137.62704467773438,12.0,-52.705535888671875,143,4
00-0032464,Kalif Raymond,DET,2022,WR,,6.804383754730225,108.8701400756836,43.91410827636719,86.9130859375,5.43206787109375,57.56775665283203,113.77618408203125,59,False,162.12472534179688,36.0,-53.25458526611328,144,6
00-0034981,Foster Moreau,LV,2022,TE,,5.214703559875488,83.43525695800781,31.908584594726562,67.48096466064453,4.217560291290283,50.538795471191406,86.0323715209961,29,False,137.62704467773438,12.0,-54.19178771972656,145,4
00-0031235,Odell Beckham Jr.,LA,2022,WR,,6.716838836669922,107.46942138671875,37.336753845214844,88.80104446411133,5.550065279006958,81.74766540527344,128.19546508789062,60,False,162.12472534179688,36.0,-54.655303955078125,146,6
00-0032268,Marcus Mariota,ATL,2022,QB,12.955302,15.007988929748535,194.4330291748047,0.0,194.4330291748047,12.152064323425293,130.62442016601562,195.838623046875,21,False,251.7641143798828,12.0,-57.331085205078125,147,3
00-0036980,Elijah Moore,NYJ,2022,WR,,6.458682537078857,103.33892059326172,39.285423278808594,83.69620895385742,5.231013059616089,90.8538589477539,176.5573272705078,61,False,162.12472534179688,36.0,-58.785804748535156,148,6
00-0031763,DeAndre Carter,LAC,2022,WR,,6.458242893218994,103.3318862915039,43.80000686645508,81.43188285827637,5.089492678642273,50.008934020996094,112.06517028808594,62,False,162.12472534179688,36.0,-58.79283905029297,149,6
00-0031547,DeVante Parker,NE,2022,WR,,6.4580078125,103.328125,29.72227668762207,88.46698665618896,5.52918666601181,87.58547973632812,119.45640563964844,63,False,162.12472534179688,36.0,-58.796600341796875,150,6
00-0036970,Kyle Pitts,ATL,2022,TE,,4.851851463317871,77.62962341308594,28.275144577026367,63.492051124572754,3.968253195285797,75.85669708251953,191.75799560546875,30,False,137.62704467773438,12.0,-59.99742126464844,151,4
00-0031260,Logan Thomas,WAS,2022,TE,,4.845231056213379,77.52369689941406,38.83138656616211,58.10800361633301,3.631750226020813,74.00569915771484,78.43987274169922,31,False,137.62704467773438,12.0,-60.10334777832031,152,4
00-0033871,Corey Davis,NYJ,2022,WR,,6.356260299682617,101.70016479492188,32.486236572265625,85.45704650878906,5.341065406799316,96.07659149169922,141.2185516357422,64,False,162.12472534179688,36.0,-60.424560546875,153,6
00-0035500,Greg Dortch,ARI,2022,WR,,6.3332085609436035,101.33133697509766,46.66172409057617,78.00047492980957,4.875029683113098,20.021705627441406,109.00384521484375,65,False,162.12472534179688,36.0,-60.79338836669922,154,6
00-0033943,Josh Reynolds,DET,2022,WR,,6.327338218688965,101.23741149902344,35.97983932495117,83.24749183654785,5.202968239784241,87.12577819824219,108.03253936767578,66,False,162.12472534179688,36.0,-60.88731384277344,155,6
00-0036554,Nico Collins,HOU,2022,WR,,6.272816181182861,100.36505889892578,35.31647872924805,82.70681953430176,5.16917622089386,92.24075317382812,123.07096099853516,67,False,162.12472534179688,36.0,-61.759666442871094,156,6
00-0032775,Demarcus Robinson,BAL,2022,WR,,6.233806610107422,99.74090576171875,42.50358963012695,78.48911094665527,4.905569434165955,52.505393981933594,100.92091369628906,68,False,162.12472534179688,36.0,-62.383819580078125,157,6
00-0035140,Mecole Hardman,KC,2022,WR,,6.225189208984375,99.60302734375,29.036205291748047,85.08492469787598,5.3178077936172485,93.08235931396484,116.737060546875,69,False,162.12472534179688,36.0,-62.521697998046875,158,6
00-0036670,Jermar Jefferson,DET,2022,RB,,6.948207416534424,111.17131866455078,18.695501537322997,101.82356789588928,6.36397299349308,74.68044578552247,128.5568514251709,38,False,174.49445693969727,24.0,-63.32313827514649,159,5
00-0033955,Jeremy McNichols,PIT,2022,RB,,6.924804177861929,110.79686684579086,32.37808867006086,94.60782251076043,5.912988906922527,76.3739919763522,110.79202158275815,39,False,174.49445693969727,24.0,-63.69759009390641,160,5
00-0031558,Maxx Williams,ARI,2022,TE,,4.590248107910156,73.4439697265625,28.628944396972656,59.12949752807617,3.6955935955047607,48.71593475341797,78.01179504394531,32,False,137.62704467773438,12.0,-64.18307495117188,161,5
00-0032398,Chris Moore,HOU,2022,WR,,6.086256504058838,97.3801040649414,41.98823165893555,76.38598823547363,4.774124264717102,15.108943939208984,112.21041870117188,70,False,162.12472534179688,36.0,-64.74462127685547,162,6
00-0029263,Russell Wilson,DEN,2022,QB,12.38584,15.08926010131836,186.89317321777344,0.9960061311721802,186.39517015218735,11.64969813451171,186.49148559570312,223.7436065673828,22,False,251.7641143798828,12.0,-64.87094116210938,163,3
00-0030513,Latavius Murray,DEN,2022,RB,,6.795813587268357,108.73301739629372,19.796218476788304,98.83490815789958,6.1771817598687235,46.32942641128342,116.56965781021903,40,False,174.49445693969727,24.0,-65.76143954340355,164,5
00-0033591,Noah Brown,DAL,2022,WR,,6.001649856567383,96.02639770507812,38.78879165649414,76.63200187683105,4.789500117301941,62.79582595825195,110.70443725585938,71,False,162.12472534179688,36.0,-66.09832763671875,165,6
00-0036360,Clyde Edwards-Helaire,KC,2022,RB,,6.764479441642761,108.23167106628418,18.62204236984253,98.92064988136292,6.1825406175851825,102.66251846313477,174.0522560119629,41,False,174.49445693969727,24.0,-66.2627858734131,166,5
00-0035831,James Robinson,NYJ,2022,RB,,6.682423319816589,106.91877311706543,14.309462537765503,99.76404184818269,6.235252615511418,93.27217681884765,235.0065640258789,42,False,174.49445693969727,24.0,-67.57568382263185,167,5
00-0036936,Rondale Moore,ARI,2022,WR,,5.808562278747559,92.93699645996094,42.204505920410156,71.83474349975586,4.489671468734741,87.43284606933594,131.8560791015625,72,False,162.12472534179688,36.0,-69.18772888183594,168,6
00-0030496,Le'Veon Bell,TB,2022,RB,,6.562488677810104,104.99981884496167,15.811922206526173,97.09385774169859,6.068366108856162,64.66651649396766,108.2223043735512,43,False,174.49445693969727,24.0,-69.4946380947356,169,5
00-0036637,Noah Gray,KC,2022,TE,,4.2580742835998535,68.12918853759766,27.179784774780273,54.53929615020752,3.40870600938797,30.44158935546875,69.89643096923828,33,False,137.62704467773438,12.0,-69.49785614013672,170,5
00-0035208,Olamide Zaccheaus,ATL,2022,WR,,5.768810272216797,92.30096435546875,36.50510787963867,74.04841041564941,4.628025650978088,68.96653747558594,106.12251281738281,73,False,162.12472534179688,36.0,-69.82376098632812,171,6
00-0035657,Damien Harris,NE,2022,RB,,6.535462661739247,104.56740258782796,17.640699420213537,95.74705287772119,5.984190804857574,94.81182394243119,225.1714594241122,44,False,174.49445693969727,24.0,-69.92705435186932,172,5
00-0036415,Van Jefferson,LA,2022,WR,,5.757692337036133,92.12307739257812,28.5531005859375,77.84652709960938,4.865407943725586,81.32575988769531,163.20863342285156,74,False,162.12472534179688,36.0,-70.00164794921875,173,6
00-0036898,Davis Mills,HOU,2022,QB,14.97974,12.118927955627441,181.53839111328125,0.0,181.53839111328125,11.346149444580078,181.36520385742188,225.70591735839844,23,False,251.7641143798828,12.0,-70.22572326660156,174,3
00-0032257,Duke Johnson,BUF,2022,RB,,6.502199829879646,104.03519727807434,17.903858109956566,95.08326822309606,5.9427042639435035,73.8782434599535,108.05550327052978,45,False,174.49445693969727,24.0,-70.45925966162294,175,5
00-0036259,Jauan Jennings,SF,2022,WR,,5.722662925720215,91.56260681152344,38.03688049316406,72.5441665649414,4.534010410308838,80.31724548339844,101.00479125976562,75,False,162.12472534179688,36.0,-70.56211853027344,176,6
00-0033375,Tim Patrick,DEN,2022,WR,,5.718468189239502,91.49549102783203,34.01227569580078,74.48935317993164,4.6555845737457275,83.74856567382812,121.5041732788086,76,False,162.12472534179688,36.0,-70.62923431396484,177,6
00-0033594,Chris Carson,SEA,2022,RB,,6.467647611326261,103.48236178122018,15.512616720166948,95.72605342113671,5.9828783388210445,93.78296061782785,131.21248833125622,46,False,174.49445693969727,24.0,-71.0120951584771,178,5
00-0036244,Colby Parkinson,SEA,2022,TE,,4.143304347991943,66.2928695678711,22.934762954711914,54.82548809051514,3.426593005657196,18.329919815063477,68.47794342041016,34,False,137.62704467773438,12.0,-71.33417510986328,179,5
00-0033307,Kendrick Bourne,NE,2022,WR,,5.593171119689941,89.49073791503906,34.13576889038086,72.42285346984863,4.5264283418655396,87.19805145263672,119.66153717041016,77,False,162.12472534179688,36.0,-72.63398742675781,180,6
00-0031549,Nelson Agholor,NE,2022,WR,,5.506353855133057,88.1016616821289,32.89151382446289,71.65590476989746,4.478494048118591,76.98724365234375,112.71038818359375,78,False,162.12472534179688,36.0,-74.02306365966797,181,6
00-0036232,Harrison Bryant,CLE,2022,TE,,3.97210693359375,63.5537109375,31.75914764404297,47.674137115478516,2.9796335697174072,62.19092559814453,102.87208557128906,35,False,137.62704467773438,12.0,-74.07333374023438,182,5
00-0031428,Allen Robinson,LA,2022,WR,,5.5000176429748535,88.00028228759766,34.68831253051758,70.65612602233887,4.416007876396179,84.54437255859375,128.95188903808594,79,False,162.12472534179688,36.0,-74.12444305419922,183,6
00-0032426,Alex Collins,SEA,2022,RB,,6.260838806849486,100.17342090959177,11.84597748877821,94.25043216520267,5.890652010325167,71.6032123004305,121.98878460831222,47,False,174.49445693969727,24.0,-74.3210360301055,184,5
00-0036754,Brock Wright,DET,2022,TE,,3.924870014190674,62.79792022705078,17.80857276916504,53.89363384246826,3.3683521151542664,31.423471450805664,63.077640533447266,36,False,137.62704467773438,12.0,-74.8291244506836,185,5
00-0031285,Devonta Freeman,BAL,2022,RB,,6.152683157800078,98.44293052480124,20.640255700828764,88.12280267438686,5.507675167149179,71.02550946616212,92.8454296649408,48,False,174.49445693969727,24.0,-76.05152641489603,186,5
00-0036862,Ben Skowronek,LA,2022,WR,,5.344886779785156,85.5181884765625,35.3651237487793,67.83562660217285,4.239726662635803,66.6727294921875,94.52446746826172,80,False,162.12472534179688,36.0,-76.60653686523438,187,6
00-0032134,C.J. Uzomah,NYJ,2022,TE,,3.7920379638671875,60.672607421875,23.302248001098633,49.021483421325684,3.0638427138328552,57.082820892333984,131.9999542236328,37,False,137.62704467773438,12.0,-76.95443725585938,188,5
00-0034983,Hunter Renfrow,LV,2022,WR,,5.301950454711914,84.83120727539062,38.4605712890625,65.60092163085938,4.100057601928711,81.22869873046875,181.66412353515625,81,False,162.12472534179688,36.0,-77.29351806640625,189,6
00-0036427,Tyler Johnson,TB,2022,WR,,5.28378438949585,84.5405502319336,29.155271530151367,69.96291446685791,4.372682154178619,61.86652755737305,100.71784210205078,82,False,162.12472534179688,36.0,-77.58417510986328,190,6
00-0036182,Nick Westbrook-Ikhine,TEN,2022,WR,,5.250107765197754,84.00172424316406,25.019710540771484,71.49186897277832,4.468241810798645,72.49579620361328,91.72943115234375,83,False,162.12472534179688,36.0,-78.12300109863281,191,6
00-0037005,Tommy Tremble,CAR,2022,TE,,3.7066047191619873,59.3056755065918,20.429641723632812,49.09085464477539,3.068178415298462,55.277587890625,94.40198516845703,38,False,137.62704467773438,12.0,-78.32136917114258,192,5
00-0036357,Henry Ruggs III,LV,2022,WR,,5.235996723175049,83.77594757080078,24.918224334716797,71.31683540344238,4.457302212715149,66.22818756103516,110.69184112548828,84,False,162.12472534179688,36.0,-78.3487777709961,193,6
00-0036383,Eno Benjamin,NO,2022,RB,,6.004420075416565,96.07072120666504,25.403167114257812,83.36913764953613,5.210571103096008,82.0293879699707,99.13972389221192,49,False,174.49445693969727,24.0,-78.42373573303223,194,6
00-0036972,Mac Jones,NE,2022,QB,14.054066,12.327920913696289,173.25741577148438,0.0,173.25741577148438,10.828588485717773,170.7890625,238.3134002685547,24,False,251.7641143798828,12.0,-78.50669860839844,195,3
00-0027973,Andy Dalton,NO,2022,QB,13.949067,12.40169906616211,172.99212646484375,0.0,172.99212646484375,10.812007904052734,94.81053161621094,173.6924285888672,25,False,251.7641143798828,12.0,-78.77198791503906,196,3
00-0036876,Kylen Granson,IND,2022,TE,,3.6744189262390137,58.79070281982422,29.588584899902344,43.99641036987305,2.7497756481170654,49.22285842895508,62.815650939941406,39,False,137.62704467773438,12.0,-78.83634185791016,197,5
00-0033217,Mo Alie-Cox,IND,2022,TE,,3.6337716579437256,58.14034652709961,20.961700439453125,47.65949630737305,2.9787185192108154,54.2537841796875,87.8482666015625,40,False,137.62704467773438,12.0,-79.48669815063477,198,5
00-0035126,Antoine Wesley,ARI,2022,WR,,5.097964286804199,81.56742858886719,29.75522804260254,66.68981456756592,4.16811341047287,60.890201568603516,87.63951110839844,85,False,162.12472534179688,36.0,-80.55729675292969,199,6
00-0036955,Terrace Marshall Jr.,CAR,2022,WR,,5.087480545043945,81.39968872070312,27.93016815185547,67.43460464477539,4.214662790298462,57.2603759765625,94.07154083251953,86,False,162.12472534179688,36.0,-80.72503662109375,200,6
00-0028002,Randall Cobb,GB,2022,WR,,4.996730327606201,79.94768524169922,33.3567008972168,63.26933479309082,3.9543334245681763,69.36651611328125,91.98601531982422,87,False,162.12472534179688,36.0,-82.17704010009766,201,6
00-0031045,Carlos Hyde,JAX,2022,RB,,5.757402682147722,92.11844291436356,21.95202722165619,81.14242930353545,5.071401831470966,55.74936626175836,101.56331102249804,50,False,174.49445693969727,24.0,-82.37601402533372,202,6
00-0036271,Quez Watkins,PHI,2022,WR,,4.929444313049316,78.87110900878906,31.621978759765625,63.06011962890625,3.9412574768066406,50.8846549987793,83.37059783935547,88,False,162.12472534179688,36.0,-83.25361633300781,203,6
00-0033119,Jacoby Brissett,CLE,2022,QB,13.896819,12.110591888427734,168.2987060546875,0.0,168.2987060546875,10.518669128417969,151.0541229248047,191.60263061523438,26,False,251.7641143798828,12.0,-83.46540832519531,204,3
00-0036555,Chuba Hubbard,CAR,2022,RB,,5.660053215026855,90.56085144042969,15.324194889068604,82.89875399589539,5.181172124743462,75.1327131652832,93.34457511901856,51,False,174.49445693969727,24.0,-83.93360549926759,205,6
00-0036919,Kenny Gainwell,PHI,2022,RB,,5.628898096084595,90.06236953735352,22.81735019683838,78.65369443893432,4.915855902433395,87.21380722045899,117.49734901428224,52,False,174.49445693969727,24.0,-84.43208740234375,206,6
00-0034487,Trent Sherfield,MIA,2022,WR,,4.80907678604126,76.94522857666016,26.492366790771484,63.699045181274414,3.981190323829651,42.73420715332031,81.01264190673828,89,False,162.12472534179688,36.0,-85.17949676513672,207,6
00-0030068,Marquise Goodwin,SEA,2022,WR,,4.758395195007324,76.13432312011719,23.77360725402832,64.24751949310303,4.015469968318939,47.991188049316406,87.84691619873047,90,False,162.12472534179688,36.0,-85.99040222167969,208,6
00-0031382,Jarvis Landry,NO,2022,WR,,4.742572784423828,75.88116455078125,29.707265853881836,61.02753162384033,3.8142207264900208,63.916561126708984,132.41583251953125,91,False,162.12472534179688,36.0,-86.24356079101562,209,6
00-0031585,MyCole Pruitt,ATL,2022,TE,,3.1890108585357666,51.024173736572266,14.787650108337402,43.630348682403564,2.726896792650223,26.157337188720703,54.57862091064453,41,False,137.62704467773438,12.0,-86.60287094116211,210,5
00-0031387,Eric Ebron,PIT,2022,TE,,3.173027753829956,50.7684440612793,15.800607681274414,42.86814022064209,2.6792587637901306,32.9923210144043,57.25279235839844,42,False,137.62704467773438,12.0,-86.85860061645508,211,5
00-0033118,Kenyan Drake,BAL,2022,RB,,5.4755681114177195,87.60908978268351,15.466207113128911,79.87598622611905,4.992249139132441,57.81067707179263,93.23641826997792,53,False,174.49445693969727,24.0,-86.88536715701376,212,6
00-0031345,Jimmy Garoppolo,SF,2022,QB,11.010198,14.969371795654297,164.81573486328125,0.0,164.81573486328125,10.300983428955078,146.9361572265625,165.3556671142578,27,False,251.7641143798828,12.0,-86.94837951660156,213,3
00-0036550,Rashod Bateman,BAL,2022,WR,,4.697174072265625,75.15478515625,25.253908157348633,62.527831077575684,3.9079894423484802,57.41053771972656,157.4543914794922,92,False,162.12472534179688,36.0,-86.96994018554688,214,6
00-0027696,Jimmy Graham,CHI,2022,TE,,3.1534616947174072,50.455387115478516,12.738517761230469,44.08612823486328,2.755383014678955,41.87702941894531,66.12631225585938,43,False,137.62704467773438,12.0,-87.17165756225586,215,5
00-0033858,Jonnu Smith,NE,2022,TE,,3.11722469329834,49.87559509277344,25.180850982666016,37.28516960144043,2.330323100090027,50.12015914916992,62.805702209472656,44,False,137.62704467773438,12.0,-87.75144958496094,216,5
00-0027944,Julio Jones,TB,2022,WR,,4.627751350402832,74.04402160644531,24.28211784362793,61.90296268463135,3.8689351677894592,68.37031555175781,96.07817077636719,93,False,162.12472534179688,36.0,-88.08070373535156,217,6
00-0034972,Alexander Mattison,MIN,2022,RB,,5.399532198905945,86.39251518249512,15.812662401199342,78.48618398189545,4.905386498868466,79.69250946044922,93.98221923828125,54,False,174.49445693969727,24.0,-88.10194175720216,218,6
00-0025394,Adrian Peterson,SEA,2022,RB,,5.385549902915955,86.16879844665527,9.22467041015625,81.55646324157715,5.097278952598572,58.424468994140625,90.90183448791504,55,False,174.49445693969727,24.0,-88.325658493042,219,6
00-0029701,Ryan Tannehill,TEN,2022,QB,12.084754,13.472746849060059,162.81483459472656,0.009491673670709133,162.8100887578912,10.1756305473682,162.39512634277344,229.96441650390625,28,False,251.7641143798828,12.0,-88.94927978515625,220,3
00-0034367,Nyheim Hines,BUF,2022,RB,,5.2985658326661405,84.77705332265825,29.342658754175122,70.10572394557069,4.381607746598168,81.97944657421701,112.42992194883959,56,False,174.49445693969727,24.0,-89.71740361703903,221,6
00-0033896,Adam Shaheen,MIA,2022,TE,,2.98872709274292,47.81963348388672,14.177468299865723,40.73089933395386,2.545681208372116,26.07731819152832,46.73070526123047,45,False,137.62704467773438,12.0,-89.80741119384766,222,5
00-0027685,Emmanuel Sanders,BUF,2022,WR,,4.506359100341797,72.10174560546875,21.41996192932129,61.391764640808105,3.8369852900505066,60.476173400878906,99.36235046386719,94,False,162.12472534179688,36.0,-90.02297973632812,223,6
00-0032058,Tevin Coleman,SF,2022,RB,,5.266443722027773,84.26309955244437,22.52822186448491,72.99898862020191,4.56243678876262,57.57708077918333,101.19531108973698,57,False,174.49445693969727,24.0,-90.2313573872529,224,6
00-0033611,Ricky Seals-Jones,NYG,2022,TE,,2.9595837593078613,47.35334014892578,17.321870803833008,38.69240474700928,2.41827529668808,34.30082702636719,57.67705535888672,46,False,137.62704467773438,12.0,-90.2737045288086,225,5
00-0032972,Devontae Booker,NYG,2022,RB,,5.263532270552931,84.2165163288469,21.725377077615725,73.35382779003903,4.58461423687744,66.7118846645786,94.28244075767314,58,False,174.49445693969727,24.0,-90.27794061085038,226,6
00-0035187,Austin Walter,LV,2022,RB,,5.251138112168047,84.01820979468876,15.863528157357562,76.08644571600998,4.7554028572506235,54.72196762246844,93.37408675473817,59,False,174.49445693969727,24.0,-90.47624714500851,227,6
00-0032741,Peyton Barber,LV,2022,RB,,5.1808299904241695,82.89327984678671,18.44853811146542,73.669010791054,4.604313174440875,63.085582125048205,92.29698081045913,60,False,174.49445693969727,24.0,-91.60117709291056,228,6
00-0026035,Danny Amendola,HOU,2022,WR,,4.3891143798828125,70.225830078125,28.96600914001465,55.742825508117676,3.4839265942573547,40.055171966552734,80.01751708984375,95,False,162.12472534179688,36.0,-91.89889526367188,229,6
00-0033387,Jacob Hollister,SEA,2022,TE,,2.840512275695801,45.44819641113281,17.90601921081543,36.4951868057251,2.2809491753578186,32.12774658203125,58.94567108154297,47,False,137.62704467773438,12.0,-92.17884826660156,230,5
00-0034681,Chase Edmonds,DEN,2022,RB,,5.139031405233505,82.22450248373607,17.175930561702764,73.6365372028847,4.6022835751802935,73.66128525480026,122.2059346496039,61,False,174.49445693969727,24.0,-92.2699544559612,231,6
00-0036268,Laviska Shenault Jr.,CAR,2022,WR,,4.344150066375732,69.50640106201172,26.446285247802734,56.28325843811035,3.517703652381897,68.50514221191406,103.99406433105469,96,False,162.12472534179688,36.0,-92.61832427978516,232,6
00-0036277,Quintez Cephus,DET,2022,WR,,4.328845500946045,69.26152801513672,23.93361473083496,57.29472064971924,3.5809200406074524,53.7054443359375,86.57109832763672,97,False,162.12472534179688,36.0,-92.86319732666016,233,6
00-0036422,Adam Trautman,NO,2022,TE,,2.7919423580169678,44.671077728271484,17.559593200683594,35.89128112792969,2.2432050704956055,42.633705139160156,66.78199768066406,48,False,137.62704467773438,12.0,-92.95596694946289,234,5
00-0036650,Larry Rountree III,LAC,2022,RB,,5.073440251350403,81.17504402160645,12.444559965133667,74.95276403903961,4.6845477524399755,52.352953033447264,102.4593034362793,62,False,174.49445693969727,24.0,-93.31941291809082,235,6
00-0034365,Ian Thomas,CAR,2022,TE,,2.7341392040252686,43.7462272644043,21.120594024658203,33.185930252075195,2.0741206407546997,40.931671142578125,82.86004638671875,49,False,137.62704467773438,12.0,-93.88081741333008,236,6
00-0032144,Melvin Gordon,KC,2022,RB,,5.000187033892167,80.00299254227467,19.85793387943714,70.0740256025561,4.379626600159757,76.23828122806745,115.88171455649623,63,False,174.49445693969727,24.0,-94.4914643974226,237,6
00-0033421,Antony Auclair,TEN,2022,TE,,2.659909725189209,42.558555603027344,16.968891143798828,34.07411003112793,2.1296318769454956,26.628530502319336,62.196590423583984,50,False,137.62704467773438,12.0,-95.06848907470703,238,6
00-0035603,Kendall Blanton,KC,2022,TE,,2.6478676795959473,42.365882873535156,11.740638732910156,36.49556350708008,2.280972719192505,25.204151153564453,45.92890930175781,51,False,137.62704467773438,12.0,-95.26116180419922,239,6
00-0032780,Jordan Howard,NO,2022,RB,,4.911507965661662,78.58412745058659,8.330023554717735,74.41911567322772,4.651194729576733,61.510158065440805,90.02081773756629,64,False,174.49445693969727,24.0,-95.91032948911068,240,6
00-0034988,Kaden Smith,NYG,2022,TE,,2.598602771759033,41.57764434814453,13.7858304977417,34.68472909927368,2.167795568704605,30.042320251464844,65.4723892211914,52,False,137.62704467773438,12.0,-96.04940032958984,241,6
00-0034798,Durham Smythe,MIA,2022,TE,,2.586718797683716,41.38750076293945,15.060103416442871,33.85744905471802,2.116090565919876,39.14674758911133,52.5244140625,53,False,137.62704467773438,12.0,-96.23954391479492,242,6
00-0026143,Matt Ryan,IND,2022,QB,11.842518,13.012012481689453,154.09498596191406,0.0,154.09498596191406,9.630936622619629,153.32640075683594,191.98849487304688,29,False,251.7641143798828,12.0,-97.66912841796875,243,3
00-0034867,Malik Turner,HOU,2022,WR,,4.013584613800049,64.21735382080078,19.115741729736328,54.65948295593262,3.4162176847457886,41.412132263183594,74.54664611816406,98,False,162.12472534179688,36.0,-97.9073715209961,244,6
00-0035308,Tommy Sweeney,BUF,2022,TE,,2.4711170196533203,39.537872314453125,15.61139965057373,31.73217248916626,1.9832607805728912,28.322385787963867,42.010597229003906,54,False,137.62704467773438,12.0,-98.08917236328125,245,6
00-0033572,Jamal Agnew,JAX,2022,WR,,3.982046604156494,63.712745666503906,22.06090545654297,52.68229293823242,3.2926433086395264,49.06700134277344,71.37580871582031,99,False,162.12472534179688,36.0,-98.41197967529297,246,6
00-0034766,Chris Herndon,MIN,2022,TE,,2.4111061096191406,38.57769775390625,15.143274307250977,31.00606060028076,1.9378787875175476,24.998952865600586,57.53497314453125,55,False,137.62704467773438,12.0,-99.04934692382812,247,6
00-0030181,Jack Doyle,IND,2022,TE,,2.4029150009155273,38.44664001464844,16.14342498779297,30.374927520751953,1.898432970046997,33.65065002441406,52.554080963134766,56,False,137.62704467773438,12.0,-99.18040466308594,248,6
00-0031273,Cameron Brate,TB,2022,TE,,2.396436929702759,38.34299087524414,20.45648956298828,28.11474609375,1.757171630859375,37.41749572753906,88.14735412597656,57,False,137.62704467773438,12.0,-99.28405380249023,249,6
00-0034253,Dontrell Hilliard,TEN,2022,RB,,4.629722652366763,74.07556243786821,19.99819454369359,64.07646516602142,4.004779072876339,61.08137088141157,83.62564761105014,65,False,174.49445693969727,24.0,-100.41889450182906,250,6
00-0032977,Rashard Higgins,CAR,2022,WR,,3.8558974266052246,61.694358825683594,22.85819435119629,50.26526165008545,3.1415788531303406,44.8863410949707,70.61579132080078,100,False,162.12472534179688,36.0,-100.43036651611328,251,6
00-0034419,Braxton Berrios,NYJ,2022,WR,,3.8381755352020264,61.41080856323242,20.477705001831055,51.171956062316895,3.198247253894806,59.16215515136719,93.45218658447266,101,False,162.12472534179688,36.0,-100.71391677856445,252,6
00-0030456,Giovani Bernard,TB,2022,RB,,4.581242997288949,73.29988795662318,19.065239971769255,63.76726797073855,3.9854542481711595,54.363229055385084,83.76997061863246,66,False,174.49445693969727,24.0,-101.19456898307409,253,6
00-0033879,O.J. Howard,HOU,2022,TE,,2.2507057189941406,36.01129150390625,10.907502174377441,30.55754041671753,1.9098462760448456,34.995452880859375,43.14785385131836,58,False,137.62704467773438,12.0,-101.61575317382812,254,6
00-0034676,James Washington,NYG,2022,WR,,3.7775585651397705,60.44093704223633,19.6271915435791,50.62734127044678,3.1642088294029236,53.09484100341797,82.58045196533203,102,False,162.12472534179688,36.0,-101.68378829956055,255,6
00-0035249,Josh Oliver,BAL,2022,TE,,2.21285080909729,35.40561294555664,13.105815887451172,28.852705001831055,1.803294062614441,20.03525733947754,40.402427673339844,59,False,137.62704467773438,12.0,-102.22143173217773,256,6
00-0033576,Eric Saubert,DEN,2022,TE,,2.182790994644165,34.92465591430664,14.889984130859375,27.479663848876953,1.7174789905548096,22.821834564208984,36.05360412597656,60,False,137.62704467773438,12.0,-102.70238876342773,257,6
00-0036913,Kadarius Toney,KC,2022,WR,,3.6952297687530518,59.12367630004883,18.07661247253418,50.08537006378174,3.1303356289863586,56.180458068847656,81.74327850341797,103,False,162.12472534179688,36.0,-103.00104904174805,258,6
00-0036247,Freddie Swain,DEN,2022,WR,,3.6804769039154053,58.887630462646484,18.859195709228516,49.45803260803223,3.091127038002014,31.72224998474121,67.46451568603516,104,False,162.12472534179688,36.0,-103.23709487915039,259,6
00-0031951,James O'Shaughnessy,MIN,2022,TE,,2.139774799346924,34.23639678955078,20.15277671813965,24.160008430480957,1.5100005269050598,24.335285186767578,55.28978729248047,61,False,137.62704467773438,12.0,-103.3906478881836,260,6
00-0030669,Albert Wilson,LV,2022,WR,,3.6669247150421143,58.67079544067383,19.075172424316406,49.133209228515625,3.0708255767822266,40.6317253112793,67.24504852294922,105,False,162.12472534179688,36.0,-103.45392990112305,261,6
00-0036423,Albert Okwuegbunam,DEN,2022,TE,,2.129880905151367,34.078094482421875,13.261476516723633,27.44735622406006,1.7154597640037537,26.955183029174805,98.05473327636719,62,False,137.62704467773438,12.0,-103.5489501953125,262,6
00-0032688,Robbie Chosen,ARI,2022,WR,,3.6521694660186768,58.43471145629883,22.476316452026367,47.196553230285645,2.949784576892853,53.019615173339844,138.77316284179688,106,False,162.12472534179688,36.0,-103.69001388549805,263,6
00-0035664,Darrell Henderson,JAX,2022,RB,,4.412225099158238,70.59560158653181,17.672020917523,61.75959112777032,3.859974445485645,72.47907146618353,157.88616967558292,67,False,174.49445693969727,24.0,-103.89885535316546,264,6
00-0035222,Zach Gentry,PIT,2022,TE,,2.0985167026519775,33.57626724243164,17.254650115966797,24.948942184448242,1.5593088865280151,31.184648513793945,46.4421272277832,63,False,137.62704467773438,12.0,-104.05077743530273,265,6
00-0034279,Equanimeous St. Brown,CHI,2022,WR,,3.6081793308258057,57.73086929321289,21.1290225982666,47.16635799407959,2.9478973746299744,40.319366455078125,64.69791412353516,107,False,162.12472534179688,36.0,-104.39385604858398,266,6
00-0036572,Shi Smith,CAR,2022,WR,,3.6059045791625977,57.69447326660156,20.302263259887695,47.543341636657715,2.971458852291107,33.66495895385742,63.744415283203125,108,False,162.12472534179688,36.0,-104.43025207519531,267,6
00-0036332,Josiah Deguara,GB,2022,TE,,2.0598249435424805,32.95719909667969,15.310274124145508,25.302062034606934,1.5813788771629333,25.510639190673828,54.029029846191406,64,False,137.62704467773438,12.0,-104.66984558105469,268,6
00-0034407,Ray-Ray McCloud,SF,2022,WR,,3.5903751850128174,57.44600296020508,13.861163139343262,50.51542139053345,3.1572138369083405,52.337093353271484,61.330169677734375,109,False,162.12472534179688,36.0,-104.6787223815918,269,6
00-0035771,Mitchell Wilcox,CIN,2022,TE,,2.044869899749756,32.717918395996094,14.915377616882324,25.26022958755493,1.5787643492221832,15.584882736206055,36.12516403198242,65,False,137.62704467773438,12.0,-104.90912628173828,270,6
00-0027942,A.J. Green,ARI,2022,WR,,3.5631046295166016,57.009674072265625,23.58458137512207,45.21738338470459,2.826086461544037,61.03715515136719,99.96176147460938,110,False,162.12472534179688,36.0,-105.11505126953125,271,6
00-0036457,Ty'Son Williams,ARI,2022,RB,,4.2947380305805245,68.71580848928839,19.218916451025304,59.106350263775745,3.694146891485984,62.41838987260384,91.45382083263567,68,False,174.49445693969727,24.0,-105.77864845040888,272,6
00-0036628,John Bates,WAS,2022,TE,,1.986618995666504,31.785903930664062,14.238382339477539,24.666712760925293,1.5416695475578308,30.185026168823242,57.956138610839844,66,False,137.62704467773438,12.0,-105.84114074707031,273,6
00-0035547,Joseph Fortson,KC,2022,TE,,1.962642788887024,31.402284622192383,8.183876991271973,27.310346126556396,1.7068966329097748,19.411378860473633,31.7492618560791,67,False,137.62704467773438,12.0,-106.22476005554199,274,6
00-0024243,Marcedes Lewis,GB,2022,TE,,1.9551650285720825,31.28264045715332,8.241087913513184,27.16209650039673,1.6976310312747955,27.03231430053711,65.66352081298828,68,False,137.62704467773438,12.0,-106.34440422058105,275,6
00-0035350,Preston Williams,CAR,2022,WR,,3.4541361331939697,55.266178131103516,16.474130630493164,47.029112815856934,2.9393195509910583,41.876869201660156,76.36268615722656,111,False,162.12472534179688,36.0,-106.85854721069336,276,6
00-0034109,Phillip Lindsay,IND,2022,RB,,4.163100500583322,66.60960800933316,7.996762268939793,62.61122687486327,3.9132016796789544,38.8537620350435,74.12982339163173,69,False,174.49445693969727,24.0,-107.88484893036411,277,6
00-0035329,Donald Parham,LAC,2022,TE,,1.8585542440414429,29.736867904663086,11.389720916748047,24.042007446289062,1.5026254653930664,29.491300582885742,55.149784088134766,69,False,137.62704467773438,12.0,-107.89017677307129,278,6
00-0033658,Blake Jarwin,DAL,2022,TE,,1.8461686372756958,29.538698196411133,15.592586517333984,21.74240493774414,1.3589003086090088,27.156429290771484,45.16866683959961,70,False,137.62704467773438,12.0,-108.08834648132324,279,6
00-0036032,Sean McKeon,DAL,2022,TE,,1.8208870887756348,29.134193420410156,11.710960388183594,23.27871322631836,1.4549195766448975,17.493833541870117,40.39990234375,71,False,137.62704467773438,12.0,-108.49285125732422,280,6
00-0036556,Brevin Jordan,HOU,2022,TE,,1.8193391561508179,29.109426498413086,14.308528900146484,21.955162048339844,1.3721976280212402,26.996042251586914,57.74778747558594,72,False,137.62704467773438,12.0,-108.51761817932129,281,6
00-0031868,Damiere Byrd,ATL,2022,WR,,3.342271566390991,53.47634506225586,14.880922317504883,46.03588390350342,2.8772427439689636,46.57985305786133,56.27664566040039,112,False,162.12472534179688,36.0,-108.64838027954102,282,6
00-0034765,Tre'Quan Smith,NO,2022,WR,,3.328843832015991,53.26150131225586,19.043121337890625,43.73994064331055,2.733746290206909,51.873382568359375,77.3826904296875,113,False,162.12472534179688,36.0,-108.86322402954102,283,6
00-0036849,Tutu Atwell,LA,2022,WR,,3.3095619678497314,52.9529914855957,17.512086868286133,44.19694805145264,2.76230925321579,25.983135223388672,60.72222137451172,114,False,162.12472534179688,36.0,-109.17173385620117,284,6
00-0036370,Joshua Kelley,LAC,2022,RB,,4.072145552635193,65.15432884216308,14.128321409225464,58.09016813755036,3.6306355085968973,59.21439525604248,70.1715789794922,70,False,174.49445693969727,24.0,-109.34012809753419,285,6
00-0036251,Zack Moss,IND,2022,RB,,4.0701920342445375,65.1230725479126,12.335345640182496,58.95539972782135,3.6847124829888345,64.58342113494874,89.8864463043213,71,False,174.49445693969727,24.0,-109.37138439178467,286,6
00-0033471,Isaiah Ford,MIA,2022,WR,,3.2728359699249268,52.36537551879883,17.569849014282227,43.580451011657715,2.723778188228607,33.27988815307617,66.69365692138672,115,False,162.12472534179688,36.0,-109.75934982299805,287,6
00-0034854,KhaDarel Hodge,ATL,2022,WR,,3.2719035148620605,52.35045623779297,15.377399444580078,44.66175651550293,2.791359782218933,43.264408111572266,83.31522369384766,116,False,162.12472534179688,36.0,-109.7742691040039,288,6
00-0030874,Damien Williams,ATL,2022,RB,,3.9667697579953702,63.468316127925924,15.690411067547494,55.62311059415217,3.476444412134511,43.81213211083069,76.36241777251632,72,False,174.49445693969727,24.0,-111.02614081177134,289,6
00-0035715,Derrick Gore,NO,2022,RB,,3.9350062782514756,62.96010045202361,17.412061210530496,54.25406984675836,3.3908793654223977,61.28463549698158,89.63036403507178,73,False,174.49445693969727,24.0,-111.53435648767366,290,6
00-0035624,N'Keal Harry,CHI,2022,TE,,1.627342700958252,26.03748321533203,7.38445520401001,22.345255613327026,1.3965784758329391,24.589534759521484,56.17020034790039,73,False,137.62704467773438,12.0,-111.58956146240234,291,6
00-0035572,Parker Hesse,ATL,2022,TE,,1.6087422370910645,25.73987579345703,12.447725296020508,19.516013145446777,1.2197508215904236,18.336204528808594,53.363975524902344,74,False,137.62704467773438,12.0,-111.88716888427734,292,6
00-0035341,Trenton Irwin,CIN,2022,WR,,3.1386940479278564,50.2191047668457,12.29425048828125,44.07197952270508,2.7544987201690674,19.912818908691406,58.07856369018555,117,False,162.12472534179688,36.0,-111.90562057495117,293,6
00-0035631,Drew Sample,CIN,2022,TE,,1.5932830572128296,25.492528915405273,12.905712127685547,19.0396728515625,1.1899795532226562,25.831501007080078,46.88336181640625,75,False,137.62704467773438,12.0,-112.1345157623291,294,6
00-0031690,Eric Tomlinson,DEN,2022,TE,,1.5714573860168457,25.14331817626953,8.090380668640137,21.098127841949463,1.3186329901218414,8.905498504638672,28.564067840576172,76,False,137.62704467773438,12.0,-112.48372650146484,295,6
00-0035806,JaMycal Hasty,JAX,2022,RB,,3.8638310316309057,61.82129650609449,18.341301613833135,52.65064569917792,3.29066535619862,28.508247984390728,68.32439290761458,74,False,174.49445693969727,24.0,-112.67316043360279,296,6
00-0036173,Tommy Hudson,TEN,2022,TE,,1.5565749406814575,24.90519905090332,9.638927459716797,20.085735321044922,1.2553584575653076,15.818513870239258,33.4560546875,77,False,137.62704467773438,12.0,-112.72184562683105,297,6
00-0033528,Jeremy Sprinkle,DAL,2022,TE,,1.5481948852539062,24.7711181640625,5.943246841430664,21.799494743347168,1.362468421459198,13.689330101013184,35.816932678222656,78,False,137.62704467773438,12.0,-112.85592651367188,298,6
00-0031325,Sammy Watkins,BAL,2022,WR,,3.05615234375,48.8984375,17.233692169189453,40.28159141540527,2.5175994634628296,47.749961853027344,88.35338592529297,118,False,162.12472534179688,36.0,-113.22628784179688,299,6
00-0034011,Dan Arnold,JAX,2022,TE,,1.5209177732467651,24.334684371948242,10.03377628326416,19.317796230316162,1.2073622643947601,22.8084659576416,63.049434661865234,79,False,137.62704467773438,12.0,-113.29236030578613,300,6
00-0033439,Pharaoh Brown,CLE,2022,TE,,1.5023115873336792,24.036985397338867,12.65483570098877,17.709567546844482,1.1068479716777802,23.59856414794922,45.753509521484375,80,False,137.62704467773438,12.0,-113.59005928039551,301,6
00-0029608,T.Y. Hilton,DAL,2022,WR,,3.030475378036499,48.487606048583984,15.126079559326172,40.9245662689209,2.557785391807556,29.08246612548828,58.54658508300781,119,False,162.12472534179688,36.0,-113.63711929321289,302,6
00-0032141,Geoff Swaim,TEN,2022,TE,,1.4863413572311401,23.781461715698242,11.708735466003418,17.927093982696533,1.1204433739185333,22.982255935668945,41.653724670410156,81,False,137.62704467773438,12.0,-113.84558296203613,303,6
00-0033455,Anthony Firkser,ATL,2022,TE,,1.4738388061523438,23.5814208984375,10.714923858642578,18.22395896911621,1.1389974355697632,19.67999267578125,64.58541107177734,82,False,137.62704467773438,12.0,-114.04562377929688,304,6
00-0035864,Kendall Hinton,DEN,2022,WR,,2.979215621948242,47.667449951171875,22.35009765625,36.492401123046875,2.2807750701904297,35.06393814086914,58.96900177001953,120,False,162.12472534179688,36.0,-114.457275390625,305,6
00-0032602,J.D. McKissic,WAS,2022,RB,,3.739147617453015,59.82636187924824,24.63294084550256,47.50989145649696,2.96936821603106,50.633170650333355,107.23204739011209,75,False,174.49445693969727,24.0,-114.66809506044903,306,6
00-0032208,Phillip Dorsett,HOU,2022,WR,,2.953644275665283,47.25830841064453,18.44580841064453,38.035404205322266,2.3772127628326416,39.20486831665039,51.60042190551758,121,False,162.12472534179688,36.0,-114.86641693115234,307,6
00-0033733,Greg Ward,PHI,2022,WR,,2.9108035564422607,46.57285690307617,13.965676307678223,39.59001874923706,2.4743761718273163,28.094772338867188,70.21743774414062,122,False,162.12472534179688,36.0,-115.5518684387207,308,6
00-0034646,Brandon Powell,LA,2022,WR,,2.90970516204834,46.55528259277344,22.748924255371094,35.18082046508789,2.198801279067993,27.74123764038086,50.79344177246094,123,False,162.12472534179688,36.0,-115.56944274902344,309,6
00-0032355,Chester Rogers,CLE,2022,WR,,2.906611680984497,46.50578689575195,14.550061225891113,39.2307562828064,2.4519222676754,35.22367858886719,65.0976791381836,124,False,162.12472534179688,36.0,-115.61893844604492,310,6
00-0032135,Jesse James,CLE,2022,TE,,1.3728582859039307,21.96573257446289,10.662925720214844,16.63426971435547,1.0396418571472168,21.49250602722168,37.646522521972656,83,False,137.62704467773438,12.0,-115.66131210327148,311,6
00-0036219,Marquez Callaway,NO,2022,WR,,2.869556427001953,45.91290283203125,17.612991333007812,37.106407165527344,2.319150447845459,38.68251037597656,111.29080200195312,125,False,162.12472534179688,36.0,-116.21182250976562,312,6
00-0034052,Brandon Zylstra,DET,2022,WR,,2.867562770843506,45.881004333496094,12.572442054748535,39.594783306121826,2.474673956632614,22.081514358520508,49.381690979003906,126,False,162.12472534179688,36.0,-116.24372100830078,313,6
00-0036456,Dominique Dafney,IND,2022,TE,,1.336039423942566,21.376630783081055,9.76540470123291,16.4939284324646,1.0308705270290375,11.750349998474121,24.4733943939209,84,False,137.62704467773438,12.0,-116.25041389465332,314,6
00-0035021,Ashton Dulin,IND,2022,WR,,2.8629660606384277,45.807456970214844,15.81894588470459,37.89798402786255,2.3686240017414093,31.74053192138672,60.73318099975586,127,False,162.12472534179688,36.0,-116.31726837158203,315,6
00-0036626,Dyami Brown,WAS,2022,WR,,2.8628323078155518,45.80531692504883,10.905704498291016,40.35246467590332,2.5220290422439575,37.04660415649414,117.49711608886719,128,False,162.12472534179688,36.0,-116.31940841674805,316,6
00-0034073,Ross Dwelley,SF,2022,TE,,1.3309231996536255,21.294771194458008,3.9920578002929688,19.298742294311523,1.2061713933944702,19.708457946777344,39.20640563964844,85,False,137.62704467773438,12.0,-116.33227348327637,317,6
00-0036741,Jack Stoll,PHI,2022,TE,,1.3297221660614014,21.275554656982422,10.185501098632812,16.182804107666016,1.011425256729126,14.310608863830566,23.12537384033203,86,False,137.62704467773438,12.0,-116.35149002075195,318,6
00-0034930,Trinity Benson,DET,2022,WR,,2.856177806854248,45.69884490966797,16.09795379638672,37.64986801147461,2.353116750717163,29.963180541992188,59.3796501159668,129,False,162.12472534179688,36.0,-116.4258804321289,319,6
00-0036984,Trey Sermon,PHI,2022,RB,,3.605206279754639,57.68330047607422,10.62255965232849,52.37202064990998,3.2732512906193736,54.05375122070313,94.91692977905274,76,False,174.49445693969727,24.0,-116.81115646362305,320,6
00-0033308,Matt Breida,NYG,2022,RB,,3.6014287374706644,57.62285979953063,18.028472270900302,48.60862366408048,3.03803897900503,53.845835069373074,69.21455317847783,77,False,174.49445693969727,24.0,-116.87159714016664,321,6
00-0034440,Justin Jackson,DET,2022,RB,,3.597729196334685,57.56366714135496,13.634705809515523,50.7463142365972,3.171644639787325,51.71687075897572,105.9181299751381,78,False,174.49445693969727,24.0,-116.93078979834232,322,6
00-0033950,Wayne Gallman,SEA,2022,RB,,3.5919402890952785,57.471044625524456,14.292642987530007,50.32472313175945,3.1452951957349655,49.76167930908516,82.9356118797391,79,False,174.49445693969727,24.0,-117.02341231417282,323,6
00-0032009,Adam Humphries,WAS,2022,WR,,2.81184983253479,44.98959732055664,17.031856536865234,36.47366905212402,2.2796043157577515,36.902374267578125,62.66460037231445,130,False,162.12472534179688,36.0,-117.13512802124023,324,6
00-0035345,Chris Myarick,NYG,2022,TE,,1.2661337852478027,20.258140563964844,7.407264709472656,16.554508209228516,1.0346567630767822,19.138469696044922,29.934162139892578,87,False,137.62704467773438,12.0,-117.36890411376953,325,6
00-0036755,Jaret Patterson,WAS,2022,RB,,3.544627809524536,56.71404495239258,16.324114389419556,48.5519877576828,3.034499234855175,73.54991485595703,107.68882919311524,80,False,174.49445693969727,24.0,-117.78041198730469,326,6
00-0035298,Scott Miller,TB,2022,WR,,2.7516117095947266,44.025787353515625,23.223594665527344,32.41399002075195,2.025874376296997,39.80977249145508,61.20454025268555,131,False,162.12472534179688,36.0,-118.09893798828125,327,6
00-0028097,Lee Smith,ATL,2022,TE,,1.2060751914978027,19.297203063964844,5.877915382385254,16.358245372772217,1.0223903357982635,14.630474090576172,32.71284484863281,88,False,137.62704467773438,12.0,-118.32984161376953,328,6
00-0033251,Zach Pascal,PHI,2022,WR,,2.737100124359131,43.793601989746094,20.09257698059082,33.747313499450684,2.1092070937156677,37.93723678588867,94.50860595703125,132,False,162.12472534179688,36.0,-118.33112335205078,329,6
00-0037011,Tre' McKitty,LAC,2022,TE,,1.177311658859253,18.836986541748047,10.339112281799316,13.667430400848389,0.8542144000530243,16.988252639770508,34.662227630615234,89,False,137.62704467773438,12.0,-118.79005813598633,330,6
00-0032062,Blake Bell,KC,2022,TE,,1.1297264099121094,18.07562255859375,5.60397481918335,15.273635149002075,0.9546021968126297,15.032806396484375,25.26662254333496,90,False,137.62704467773438,12.0,-119.55142211914062,331,6
00-0035593,Juwann Winfree,GB,2022,WR,,2.657263994216919,42.5162239074707,9.83366584777832,37.59939098358154,2.3499619364738464,23.787466049194336,57.935401916503906,133,False,162.12472534179688,36.0,-119.60850143432617,332,6
00-0030288,Rex Burkhead,HOU,2022,RB,,3.4068100117592683,54.50896018814829,27.015302438181124,41.00130896905773,2.5625818105661082,52.18215478175149,72.1893643597362,81,False,174.49445693969727,24.0,-119.98549675154898,333,6
00-0032986,J.P. Holtz,NO,2022,TE,,1.046152949333191,16.738447189331055,2.838681221008301,15.319106578826904,0.9574441611766815,7.362389087677002,28.08847427368164,91,False,137.62704467773438,12.0,-120.88859748840332,334,6
00-0034301,Darrel Williams,ARI,2022,RB,,3.333031132338718,53.328498117419485,23.918444777220426,41.36927572880927,2.5855797330505794,58.25589866403192,97.64523188377552,82,False,174.49445693969727,24.0,-121.16595882227779,335,6
00-0030525,Tavon Austin,BUF,2022,WR,,2.544118881225586,40.705902099609375,10.60084056854248,35.405481815338135,2.2128426134586334,27.315027236938477,53.947269439697266,134,False,162.12472534179688,36.0,-121.4188232421875,336,6
00-0034164,Trenton Cannon,TEN,2022,RB,,3.3161627785266874,53.058604456427,16.581485044073357,44.76786193439032,2.797991370899395,11.717316740193978,57.09317335845508,83,False,174.49445693969727,24.0,-121.43585248327028,337,6
00-0033258,Darrell Daniels,IND,2022,TE,,1.0102695226669312,16.1643123626709,6.913373947143555,12.707625389099121,0.7942265868186951,9.69066047668457,26.167627334594727,92,False,137.62704467773438,12.0,-121.46273231506348,338,6
00-0027981,Kyle Rudolph,TB,2022,TE,,0.9814184904098511,15.702695846557617,4.24282169342041,13.581284999847412,0.8488303124904633,12.23924732208252,46.291297912597656,93,False,137.62704467773438,12.0,-121.92434883117676,339,6
00-0036991,Amari Rodgers,HOU,2022,WR,,2.4932873249053955,39.89259719848633,14.779961585998535,32.50261640548706,2.0314135253429413,33.768890380859375,45.609344482421875,135,False,162.12472534179688,36.0,-122.23212814331055,340,6
00-0035273,Qadree Ollison,DAL,2022,RB,,3.2368102566956005,51.78896410712961,10.660626925495208,46.458650644382004,2.9036656652738753,38.172463409872925,67.14177737743213,84,False,174.49445693969727,24.0,-122.70549283256767,341,6
00-0034104,Cam Sims,WAS,2022,WR,,2.4439377784729004,39.103004455566406,15.927955627441406,31.139026641845703,1.9461891651153564,24.823673248291016,72.67369079589844,136,False,162.12472534179688,36.0,-123.02172088623047,342,6
00-0035956,Giovanni Ricci,CAR,2022,TE,,0.9096018671989441,14.553629875183105,6.033779144287109,11.53674030303955,0.7210462689399719,4.299330234527588,17.444969177246094,94,False,137.62704467773438,12.0,-123.07341480255127,343,6
00-0033095,Garrett Griffin,DET,2022,TE,,0.9088414907455444,14.541463851928711,4.407196521759033,12.337865591049194,0.7711165994405746,8.639727592468262,26.042949676513672,95,False,137.62704467773438,12.0,-123.08558082580566,344,6
00-0034816,Ronald Jones,KC,2022,RB,,3.2019584255492664,51.23133480878826,12.257909095282427,45.10238026114705,2.8188987663216905,62.86048028291863,91.97620884941671,85,False,174.49445693969727,24.0,-123.26312213090901,345,6
00-0034414,Boston Scott,PHI,2022,RB,,3.197086451342463,51.15338322147941,6.650628644367508,47.82806889929566,2.9892543062059787,45.79293044730623,113.2714291836153,86,False,174.49445693969727,24.0,-123.34107371821787,346,6
00-0032200,Ty Montgomery,NE,2022,WR,,2.417966842651367,38.687469482421875,4.115231990814209,36.62985348701477,2.289365842938423,12.780611038208008,46.68035125732422,137,False,162.12472534179688,36.0,-123.437255859375,347,6
00-0036425,DeeJay Dallas,SEA,2022,RB,,3.1787265706062318,50.85962512969971,17.74039876937866,41.98942574501038,2.6243391090631487,48.052499504089354,89.04493492126466,87,False,174.49445693969727,24.0,-123.63483180999756,348,6
00-0036255,Denzel Mims,NYJ,2022,WR,,2.366537570953369,37.864601135253906,13.955114364624023,30.887043952941895,1.9304402470588684,30.807254791259766,70.65647888183594,138,False,162.12472534179688,36.0,-124.26012420654297,349,6
00-0030155,Demetrius Harris,ARI,2022,TE,,0.8346589207649231,13.35454273223877,5.167728900909424,10.770678281784058,0.6731673926115036,10.58328914642334,26.679229736328125,96,False,137.62704467773438,12.0,-124.2725019454956,350,6
00-0036887,Luke Farrell,JAX,2022,TE,,0.8330004215240479,13.328006744384766,5.512433052062988,10.571790218353271,0.6607368886470795,8.823062896728516,27.619712829589844,97,False,137.62704467773438,12.0,-124.29903793334961,351,6
00-0034838,Royce Freeman,HOU,2022,RB,,3.0944624724525203,49.511399559240324,9.503603218615178,44.75959794993273,2.797474871870796,33.987068811138556,64.24409710580564,88,False,174.49445693969727,24.0,-124.98305738045696,352,6
00-0032394,Nick Vannett,NYG,2022,TE,,0.7898733615875244,12.63797378540039,6.0996623039245605,9.58814263343811,0.5992589145898819,10.939508438110352,26.327884674072266,98,False,137.62704467773438,12.0,-124.98907089233398,353,6
00-0033338,Cethan Carter,MIA,2022,TE,,0.7846115827560425,12.55378532409668,4.026736736297607,10.540416955947876,0.6587760597467422,5.59030818939209,16.94078826904297,99,False,137.62704467773438,12.0,-125.0732593536377,354,6
00-0030085,Kenny Stills,NO,2022,WR,,2.2880477905273438,36.6087646484375,12.645978927612305,30.285775184631348,1.8928609490394592,24.912221908569336,66.55349731445312,139,False,162.12472534179688,36.0,-125.51596069335938,355,6
00-0035457,Tyron Johnson,CIN,2022,WR,,2.278188943862915,36.45102310180664,15.462265014648438,28.719890594482422,1.7949931621551514,19.023460388183594,44.26374816894531,140,False,162.12472534179688,36.0,-125.67370223999023,356,6
00-0032187,David Johnson,NO,2022,RB,,2.9820164078168068,47.71226252506891,11.86028816349779,41.782118443320016,2.611382402707501,36.05745768913254,61.16536353464408,89,False,174.49445693969727,24.0,-126.78219441462836,357,6
00-0027966,Mark Ingram,NO,2022,RB,,2.912186100311593,46.59497760498549,12.642395243282436,40.27377998334427,2.517111248959017,39.13088036170976,104.48573760359685,90,False,174.49445693969727,24.0,-127.89947933471178,358,6
00-0035594,Travis Homer,SEA,2022,RB,,2.8886933064460756,46.21909290313721,16.385546464920044,38.02631967067719,2.3766449794173243,43.30666244506836,73.22125030517579,91,False,174.49445693969727,24.0,-128.27536403656006,359,6
00-0032104,Ameer Abdullah,LV,2022,RB,,2.8816844186270427,46.10695069803268,21.94015402409412,35.13687368598562,2.1960546053741012,43.615150762162415,65.37170678349572,92,False,174.49445693969727,24.0,-128.3875062416646,360,6
00-0032214,Tyler Kroft,SF,2022,TE,,0.5750868320465088,9.20138931274414,4.0582966804504395,7.172240972518921,0.44826506078243256,9.463876724243164,30.605419158935547,100,False,137.62704467773438,12.0,-128.42565536499023,361,6
00-0034418,Cedrick Wilson Jr.,MIA,2022,WR,,2.089921236038208,33.43873977661133,14.18199348449707,26.347743034362793,1.6467339396476746,28.53511619567871,86.3077163696289,141,False,162.12472534179688,36.0,-128.68598556518555,362,6
00-0028042,Luke Stocker,MIN,2022,TE,,0.5364001989364624,8.582403182983398,7.036718845367432,5.064043760299683,0.31650273501873016,5.237147331237793,20.637348175048828,101,False,137.62704467773438,12.0,-129.04464149475098,363,6
00-0033481,Marcus Kemp,KC,2022,WR,,2.0445921421051025,32.71347427368164,12.549073219299316,26.438937664031982,1.652433604001999,20.413663864135742,45.52497100830078,142,False,162.12472534179688,36.0,-129.41125106811523,364,6
00-0036250,Tyler Davis,GB,2022,TE,,0.5047571659088135,8.076114654541016,4.05240535736084,6.049911975860596,0.37811949849128723,6.408625602722168,15.64956283569336,102,False,137.62704467773438,12.0,-129.55093002319336,365,6
00-0034855,Baker Mayfield,LA,2022,QB,11.991104,10.188007354736328,122.16545867919922,0.0,122.16545867919922,7.635341167449951,121.4103775024414,173.79507446289062,30,False,251.7641143798828,12.0,-129.5986557006836,366,4
00-0031484,Chris Manhertz,JAX,2022,TE,,0.49670809507369995,7.947329521179199,4.711794376373291,5.591432332992554,0.3494645208120346,9.38770866394043,22.42559814453125,103,False,137.62704467773438,12.0,-129.67971515655518,367,6
00-0036254,Collin Johnson,NYG,2022,WR,,2.0001626014709473,32.002601623535156,18.673614501953125,22.665794372558594,1.416612148284912,27.303403854370117,55.076942443847656,143,False,162.12472534179688,36.0,-130.12212371826172,368,6
00-0035537,Ty Johnson,NYJ,2022,RB,,2.7706880259513857,44.33100841522217,12.289069232940674,38.186473798751834,2.3866546124219896,43.03268363952637,64.92210105895997,93,False,174.49445693969727,24.0,-130.1634485244751,369,6
00-0032778,Tajae Sharpe,SF,2022,WR,,1.9945398569107056,31.91263771057129,16.493186950683594,23.666044235229492,1.4791277647018433,27.32223892211914,57.52720260620117,144,False,162.12472534179688,36.0,-130.2120876312256,370,6
00-0036999,Anthony Schwartz,CLE,2022,WR,,1.9910966157913208,31.857545852661133,8.304885864257812,27.705102920532227,1.7315689325332642,20.119007110595703,121.40471649169922,145,False,162.12472534179688,36.0,-130.26717948913574,371,6
00-0033460,John Ross,KC,2022,WR,,1.9760185480117798,31.616296768188477,15.376523971557617,23.928034782409668,1.4955021739006042,22.93738555908203,52.1702995300293,146,False,162.12472534179688,36.0,-130.5084285736084,372,6
00-0033681,Keelan Cole,LV,2022,WR,,1.9463088512420654,31.140941619873047,10.226533889770508,26.027674674987793,1.626729667186737,27.29564666748047,52.899627685546875,147,False,162.12472534179688,36.0,-130.98378372192383,373,6
00-0035246,J.J. Arcega-Whiteside,SEA,2022,WR,,1.9189815521240234,30.703704833984375,13.485883712768555,23.960762977600098,1.497547686100006,22.75518798828125,46.7992057800293,148,False,162.12472534179688,36.0,-131.4210205078125,374,6
00-0032725,Stephen Anderson,ARI,2022,TE,,0.37166303396224976,5.946608543395996,3.9707720279693604,3.961222529411316,0.24757640808820724,3.968442440032959,33.430023193359375,104,False,137.62704467773438,12.0,-131.68043613433838,375,6
00-0035562,Jesper Horsted,LV,2022,TE,,0.3676862120628357,5.882979393005371,3.4997026920318604,4.133128046989441,0.25832050293684006,5.034511566162109,36.73419952392578,105,False,137.62704467773438,12.0,-131.744065284729,376,6
00-0030108,Ryan Griffin,CHI,2022,TE,,0.3555445373058319,5.6887125968933105,4.319180965423584,3.5291221141815186,0.2205701321363449,6.363596439361572,26.712337493896484,106,False,137.62704467773438,12.0,-131.93833208084106,377,6
00-0036429,Charlie Woerner,SF,2022,TE,,0.3490288257598877,5.584461212158203,2.158169746398926,4.50537633895874,0.28158602118492126,0.7940254211425781,28.025976181030273,107,False,137.62704467773438,12.0,-132.04258346557617,378,6
00-0035259,Trevon Wesco,CHI,2022,TE,,0.3059481680393219,4.89517068862915,2.3505632877349854,3.7198890447616577,0.2324930652976036,5.684506416320801,11.668811798095703,108,False,137.62704467773438,12.0,-132.73187398910522,379,6
00-0035891,Cody White,PIT,2022,WR,,1.8283655643463135,29.253849029541016,11.955677032470703,23.276010513305664,1.454750657081604,14.804977416992188,33.837181091308594,149,False,162.12472534179688,36.0,-132.87087631225586,380,6
00-0033725,Corey Clement,ARI,2022,RB,,2.5937916258309985,41.50066601329598,6.1729336106328425,38.41419920797955,2.400887450498722,30.380796661115852,55.24524922378091,94,False,174.49445693969727,24.0,-132.9937909264013,381,6
00-0026189,DeSean Jackson,BAL,2022,WR,,1.820115089416504,29.121841430664062,8.470064163208008,24.88680934906006,1.5554255843162537,23.5716609954834,54.350284576416016,150,False,162.12472534179688,36.0,-133.0028839111328,382,6
00-0022924,Ben Roethlisberger,PIT,2022,QB,8.455119,14.033363342285156,118.65375518798828,0.15178033709526062,118.57786501944065,7.411116563715041,90.64010620117188,126.26890563964844,31,False,251.7641143798828,12.0,-133.11035919189453,383,4
00-0036096,J.J. Taylor,NE,2022,RB,,2.5831195640563966,41.329913024902346,11.047845640182496,35.805990204811096,2.2378743878006935,33.87092746734619,72.27005310058594,95,False,174.49445693969727,24.0,-133.16454391479493,384,6
00-0032951,Laquon Treadwell,SEA,2022,WR,,1.8091686964035034,28.946699142456055,10.836023330688477,23.528687477111816,1.4705429673194885,17.216625213623047,45.878509521484375,151,False,162.12472534179688,36.0,-133.17802619934082,385,6
00-0033932,Kenny Golladay,NYG,2022,WR,,1.8070967197418213,28.91354751586914,8.628120422363281,24.5994873046875,1.5374679565429688,20.9727725982666,112.61530303955078,152,False,162.12472534179688,36.0,-133.21117782592773,386,6
00-0034297,Byron Pringle,CHI,2022,WR,,1.7893699407577515,28.629919052124023,9.54309368133545,23.8583722114563,1.4911482632160187,23.323930740356445,38.56036376953125,153,False,162.12472534179688,36.0,-133.49480628967285,387,6
00-0035567,Craig Reynolds,DET,2022,RB,,2.552664655522889,40.84263448836622,9.21281229136008,36.23622834268618,2.2647642714178864,31.723366552740643,83.73416019322201,96,False,174.49445693969727,24.0,-133.65182245133104,388,6
00-0034799,Kalen Ballage,PIT,2022,RB,,2.5463170126608836,40.74107220257414,14.394806163652069,33.5436691207481,2.096479320046756,30.286224299110344,59.86610443102179,97,False,174.49445693969727,24.0,-133.75338473712313,389,6
00-0035860,Tony Jones,SEA,2022,RB,,2.499641094207764,39.99425750732422,7.609123821258545,36.189695596694946,2.261855974793434,29.467616958618166,68.76967819213867,98,False,174.49445693969727,24.0,-134.50019943237305,390,6
00-0036133,James Proche,BAL,2022,WR,,1.7191632986068726,27.50661277770996,12.212526321411133,21.400349617004395,1.3375218510627747,13.620646476745605,101.21437072753906,154,False,162.12472534179688,36.0,-134.6181125640869,391,6
00-0036110,Ja'Marcus Bradley,PIT,2022,WR,,1.696866750717163,27.14986801147461,12.673028945922852,20.813353538513184,1.300834596157074,15.778359413146973,45.42575454711914,155,False,162.12472534179688,36.0,-134.97485733032227,392,6
00-0033951,Marlon Mack,DEN,2022,RB,,2.4643302944504506,39.42928471120721,7.976457795274332,35.441055813570046,2.215065988348128,37.89898011804851,67.06586236550334,99,False,174.49445693969727,24.0,-135.06517222849007,393,6
00-0036387,Jalen Reagor,MIN,2022,WR,,1.6805697679519653,26.889116287231445,7.634883880615234,23.071674346923828,1.4419796466827393,27.079458236694336,87.6943588256836,156,False,162.12472534179688,36.0,-135.23560905456543,394,6
00-0027691,Andre Roberts,CAR,2022,WR,,1.6067122220993042,25.707395553588867,6.610800743103027,22.401995182037354,1.4001246988773346,13.492069244384766,39.57398986816406,157,False,162.12472534179688,36.0,-136.417329788208,395,6
00-0032128,Chris Conley,TEN,2022,WR,,1.6035860776901245,25.657377243041992,9.052105903625488,21.131324291229248,1.320707768201828,13.607927322387695,59.86887741088867,158,False,162.12472534179688,36.0,-136.46734809875488,396,6
00-0035510,Jeff Smith,NYJ,2022,WR,,1.5964971780776978,25.543954849243164,8.96308422088623,21.06241273880005,1.316400796175003,20.224960327148438,45.971153259277344,159,False,162.12472534179688,36.0,-136.5807704925537,397,6
00-0032054,Breshad Perriman,TB,2022,WR,,1.5899336338043213,25.43893814086914,10.505594253540039,20.18614101409912,1.261633813381195,23.095579147338867,56.68102264404297,160,False,162.12472534179688,36.0,-136.68578720092773,398,6
00-0029632,Mohamed Sanu,MIA,2022,WR,,1.5668562650680542,25.069700241088867,14.768978118896484,17.685211181640625,1.105325698852539,24.88245964050293,53.04059982299805,161,False,162.12472534179688,36.0,-137.055025100708,399,6
00-0031800,Taylor Heinicke,WAS,2022,QB,8.948925,12.808679580688477,114.62391662597656,0.0,114.62391662597656,7.163994789123535,74.08651733398438,115.41626739501953,32,False,251.7641143798828,12.0,-137.14019775390625,400,4
00-0036825,Feleipe Franks,ATL,2022,TE,,0.003293873043730855,0.05270196869969368,0.0,0.05270196869969368,0.003293873043730855,0.08823376893997192,10.87200927734375,109,False,137.62704467773438,12.0,-137.57434270903468,401,6
00-0033854,Dare Ogunbowale,HOU,2022,RB,,2.296987007641776,36.75179212226842,15.977027371424182,28.76327843655633,1.7977049022847706,36.81498255651998,47.4074542010214,100,False,174.49445693969727,24.0,-137.74266481742885,402,6
00-0032950,Carson Wentz,WAS,2022,QB,8.075752,14.05530071258545,113.50712585449219,0.0,113.50712585449219,7.094195365905762,101.68590545654297,114.59881591796875,33,False,251.7641143798828,12.0,-138.25698852539062,403,4
00-0034686,Auden Tate,ARI,2022,WR,,1.4879953861236572,23.807926177978516,11.551658630371094,18.03209686279297,1.1270060539245605,14.653952598571777,41.79005813598633,162,False,162.12472534179688,36.0,-138.31679916381836,404,6
00-0029000,Cole Beasley,BUF,2022,WR,,1.4848413467407227,23.757461547851562,9.560173988342285,18.97737455368042,1.1860859096050262,14.466562271118164,141.80679321289062,163,False,162.12472534179688,36.0,-138.3672637939453,405,6
00-0036951,Frank Darby,ATL,2022,WR,,1.4637439250946045,23.419902801513672,10.727567672729492,18.056118965148926,1.1285074353218079,13.495973587036133,30.482439041137695,164,False,162.12472534179688,36.0,-138.7048225402832,406,6
00-0035645,Gunner Olszewski,PIT,2022,WR,,1.4524567127227783,23.239307403564453,8.832409858703613,18.823102474212646,1.1764439046382904,16.770605087280273,46.12396240234375,165,False,162.12472534179688,36.0,-138.88541793823242,407,6
00-0035480,Malik Taylor,NYJ,2022,WR,,1.4395354986190796,23.032567977905273,10.083803176879883,17.990666389465332,1.1244166493415833,13.363664627075195,33.223758697509766,166,False,162.12472534179688,36.0,-139.0921573638916,408,6
00-0036620,Dee Eskridge,SEA,2022,WR,,1.4142906665802002,22.628650665283203,10.325490951538086,17.46590518951416,1.091619074344635,15.460184097290039,48.19533920288086,167,False,162.12472534179688,36.0,-139.49607467651367,409,6
00-0032980,Marcus Johnson,NYG,2022,WR,,1.3952608108520508,22.324172973632812,10.277527809143066,17.18540906906128,1.07408806681633,20.349437713623047,53.58284378051758,168,False,162.12472534179688,36.0,-139.80055236816406,410,6
00-0036698,Mekhi Sargent,JAX,2022,RB,,2.16489914894104,34.63838638305664,6.8105466222763065,31.23311307191849,1.9520695669949055,18.295438652038573,43.75537788391114,101,False,174.49445693969727,24.0,-139.85607055664065,411,6
00-0036228,Dezmon Patmon,BUF,2022,WR,,1.3504129648208618,21.60660743713379,12.755993843078613,15.228610515594482,0.9517881572246552,6.891197681427002,28.94921112060547,169,False,162.12472534179688,36.0,-140.5181179046631,412,6
00-0035544,Tom Kennedy,DET,2022,WR,,1.2833119630813599,20.532991409301758,7.952966213226318,16.5565083026886,1.0347817689180374,17.092451095581055,35.98249053955078,170,False,162.12472534179688,36.0,-141.59173393249512,413,6
00-0036671,Dax Milne,WAS,2022,WR,,1.2469463348388672,19.951141357421875,7.136269569396973,16.38300657272339,1.0239379107952118,17.288625717163086,39.50917434692383,171,False,162.12472534179688,36.0,-142.173583984375,414,6
00-0036950,Avery Williams,ATL,2022,RB,,1.9904692339897156,31.84750774383545,12.560998010635377,25.56700873851776,1.59793804615736,18.622535476684572,78.3549836730957,102,False,174.49445693969727,24.0,-142.64694919586182,415,6
00-0036382,K.J. Hill,LAC,2022,WR,,1.1240122318267822,17.984195709228516,8.618513107299805,13.674939155578613,0.8546836972236633,8.51211929321289,32.624549865722656,172,False,162.12472534179688,36.0,-144.14052963256836,416,6
00-0032975,Jonathan Williams,WAS,2022,RB,,1.8906070862462634,30.249713379940214,6.717373630088295,26.89102656489607,1.6806891603060043,23.979938535997103,52.16317100185471,103,False,174.49445693969727,24.0,-144.24474355975707,417,6
00-0035359,David Sills,NYG,2022,WR,,1.1016924381256104,17.627079010009766,9.544754028320312,12.85470199584961,0.8034188747406006,14.565834045410156,30.632709503173828,173,False,162.12472534179688,36.0,-144.4976463317871,418,6
00-0033025,Jalen Richard,LV,2022,RB,,1.8532442783346574,29.65190845335452,14.86526789681541,22.219274504946814,1.3887046565591759,21.23156160867679,42.63907107902177,104,False,174.49445693969727,24.0,-144.84254848634276,419,6
00-0028237,Chris Hogan,NO,2022,WR,,1.079633355140686,17.274133682250977,7.915459632873535,13.316403865814209,0.8322752416133881,0.380192369222641,31.981491088867188,174,False,162.12472534179688,36.0,-144.8505916595459,420,6
00-0033292,Trent Taylor,CIN,2022,WR,,1.0634924173355103,17.015878677368164,5.785853385925293,14.122951984405518,0.8826844990253448,13.763335227966309,43.971038818359375,175,False,162.12472534179688,36.0,-145.1088466644287,421,6
00-0036877,Jaelon Darden,CLE,2022,WR,,1.059348464012146,16.949575424194336,6.6918110847473145,13.603669881820679,0.8502293676137924,9.528751373291016,57.84233093261719,176,False,162.12472534179688,36.0,-145.17514991760254,422,6
00-0029664,Josh Gordon,TEN,2022,WR,,1.0524426698684692,16.839082717895508,6.979135036468506,13.349515199661255,0.8343446999788284,4.681279182434082,37.326988220214844,177,False,162.12472534179688,36.0,-145.28564262390137,423,6
00-0036571,Marquez Stevenson,CLE,2022,WR,,1.0467833280563354,16.748533248901367,8.67031478881836,12.413375854492188,0.7758359909057617,7.506187915802002,26.805763244628906,178,False,162.12472534179688,36.0,-145.3761920928955,424,6
00-0027939,Cam Newton,CAR,2022,QB,7.9328036,13.365486145019531,106.0257797241211,0.06360196322202682,105.99397874251008,6.62462367140688,61.614559173583984,118.87178039550781,34,False,251.7641143798828,12.0,-145.73833465576172,425,4
00-0033114,Mike Thomas,BAL,2022,WR,,1.012205719947815,16.19529151916504,3.9901163578033447,14.200233340263367,0.8875145837664604,8.58598518371582,35.100250244140625,179,False,162.12472534179688,36.0,-145.92943382263184,426,6
00-0031941,Jamison Crowder,BUF,2022,WR,,1.0065944194793701,16.105510711669922,7.3400444984436035,12.43548846244812,0.7772180289030075,13.74096393585205,74.34013366699219,180,False,162.12472534179688,36.0,-146.01921463012695,427,6
00-0036630,Tylan Wallace,BAL,2022,WR,,1.0040087699890137,16.06414031982422,6.488779067993164,12.819750785827637,0.8012344241142273,9.444541931152344,42.55051040649414,181,False,162.12472534179688,36.0,-146.06058502197266,428,6
00-0031806,Malcolm Brown,LA,2022,RB,,1.7649239844218418,28.23878375074947,5.606487258154591,25.435540121672172,1.5897212576045108,21.007633553765395,87.23428843269113,105,False,174.49445693969727,24.0,-146.2556731889478,429,6
00-0031787,Jake Kumerow,BUF,2022,WR,,0.9889326691627502,15.822922706604004,4.244619369506836,13.700613021850586,0.8562883138656616,10.464394569396973,23.509321212768555,182,False,162.12472534179688,36.0,-146.30180263519287,430,6
00-0035217,Benny Snell,PIT,2022,RB,,1.7505995225906372,28.009592361450196,3.5598114728927612,26.229686625003815,1.6393554140627384,21.073184146881104,84.96904342651368,106,False,174.49445693969727,24.0,-146.48486457824708,431,6
00-0033006,Jaydon Mickens,NYG,2022,WR,,0.9730669856071472,15.569071769714355,6.218879699707031,12.45963191986084,0.7787269949913025,4.322996139526367,20.632884979248047,183,False,162.12472534179688,36.0,-146.55565357208252,432,6
00-0032791,Jakeem Grant,CLE,2022,WR,,0.9730312824249268,15.568500518798828,7.220687389373779,11.958156824111938,0.7473848015069962,10.928051948547363,34.79396057128906,184,False,162.12472534179688,36.0,-146.55622482299805,433,6
00-0031545,Kevin White,NO,2022,WR,,0.9193179607391357,14.709087371826172,4.315056800842285,12.55155897140503,0.7844724357128143,10.332874298095703,38.2431526184082,185,False,162.12472534179688,36.0,-147.4156379699707,434,6
00-0029269,Travis Benjamin,SF,2022,WR,,0.9106062650680542,14.569700241088867,5.215145111083984,11.962127685546875,0.7476329803466797,3.904061794281006,20.790822982788086,186,False,162.12472534179688,36.0,-147.555025100708,435,6
00-0036569,Gary Brightwell,NYG,2022,RB,,1.6420838475227357,26.27334156036377,4.329937291145325,24.108372914791108,1.5067733071744442,24.355470275878908,33.97938346862793,107,False,174.49445693969727,24.0,-148.2211153793335,436,6
00-0036365,Bryan Edwards,KC,2022,WR,,0.8511587977409363,13.61854076385498,7.208158493041992,10.014461517333984,0.625903844833374,6.447419166564941,81.13668060302734,187,False,162.12472534179688,36.0,-148.5061845779419,437,6
00-0033839,Dede Westbrook,GB,2022,WR,,0.8109272718429565,12.974836349487305,2.3857955932617188,11.781938552856445,0.7363711595535278,5.8322601318359375,29.8844051361084,188,False,162.12472534179688,36.0,-149.14988899230957,438,6
00-0029239,Brandon Bolden,LV,2022,RB,,1.5413395381610249,24.661432610576398,8.596352059131284,20.363256581010756,1.2727035363131722,21.2227559592151,85.01200959943891,108,False,174.49445693969727,24.0,-149.83302432912086,439,6
00-0034652,Cameron Batson,ATL,2022,WR,,0.7610805034637451,12.177288055419922,3.5757267475128174,10.389424681663513,0.6493390426039696,3.2371764183044434,28.396081924438477,189,False,162.12472534179688,36.0,-149.94743728637695,440,6
00-0034614,Godwin Igwebuike,SEA,2022,RB,,1.5263060456510278,24.420896730416445,8.208281813966828,20.31675582343303,1.2697972389645644,17.44244367650402,45.85376904257188,109,False,174.49445693969727,24.0,-150.07356020928083,441,6
00-0032543,Alex Erickson,WAS,2022,WR,,0.7511928081512451,12.019084930419922,5.373769283294678,9.332200288772583,0.5832625180482864,6.629759788513184,27.703100204467773,190,False,162.12472534179688,36.0,-150.10564041137695,442,6
00-0036652,Racey McMath,TEN,2022,WR,,0.7356835007667542,11.770936012268066,3.473228693008423,10.034321665763855,0.6271451041102409,7.014967441558838,25.911224365234375,191,False,162.12472534179688,36.0,-150.3537893295288,443,6
00-0026498,Matthew Stafford,LA,2022,QB,8.262897,12.255241394042969,101.2637939453125,0.00401676120236516,101.26178556471132,6.328861597794457,99.6066665649414,166.7886505126953,35,False,251.7641143798828,12.0,-150.5003204345703,444,4
00-0030663,Willie Snead,SF,2022,WR,,0.7219457030296326,11.551131248474121,7.852229595184326,7.625016450881958,0.4765635281801224,5.828925609588623,29.307126998901367,192,False,162.12472534179688,36.0,-150.57359409332275,445,6
00-0034845,Sony Michel,LAC,2022,RB,,1.4775921868837345,23.641474990139752,8.393082559769649,19.44493371025493,1.215308356890933,22.925853146077184,77.72826817334311,110,False,174.49445693969727,24.0,-150.85298194955752,446,6
00-0035621,Nsimba Webster,CHI,2022,WR,,0.6446358561515808,10.314173698425293,5.962401866912842,7.332972764968872,0.4583107978105545,9.396631240844727,25.591238021850586,193,False,162.12472534179688,36.0,-151.81055164337158,447,6
00-0033111,Pharoh Cooper,ARI,2022,WR,,0.5933026671409607,9.492842674255371,4.638097286224365,7.1737940311431885,0.4483621269464493,5.505402088165283,26.578781127929688,194,False,162.12472534179688,36.0,-152.6318826675415,448,6
00-0031319,Diontae Spencer,NYJ,2022,WR,,0.5715081691741943,9.14413070678711,2.5118730068206787,7.88819420337677,0.4930121377110481,1.3659796714782715,18.592266082763672,195,False,162.12472534179688,36.0,-152.98059463500977,449,6
00-0035399,Stanley Morgan,CIN,2022,WR,,0.5651036500930786,9.041658401489258,1.3272353410720825,8.378040730953217,0.523627545684576,1.9790927171707153,20.554561614990234,196,False,162.12472534179688,36.0,-153.08306694030762,450,6
00-0037013,Zach Wilson,NYJ,2022,QB,9.008163,10.948956489562988,98.62998962402344,0.9692713022232056,98.14535397291183,6.13408462330699,47.806365966796875,98.93892669677734,36,False,251.7641143798828,12.0,-153.13412475585938,451,4
00-0033367,C.J. Board,TEN,2022,WR,,0.5479401350021362,8.76704216003418,3.501068592071533,7.016507863998413,0.4385317414999008,3.212843894958496,19.32452964782715,197,False,162.12472534179688,36.0,-153.3576831817627,452,6
00-0036439,Tyrie Cleveland,PHI,2022,WR,,0.5365299582481384,8.584479331970215,3.2540032863616943,6.957477688789368,0.4348423555493355,3.7314863204956055,18.41695213317871,198,False,162.12472534179688,36.0,-153.54024600982666,453,6
00-0035215,Deonte Harty,NO,2022,WR,,0.5237280130386353,8.379648208618164,2.5449209213256836,7.107187747955322,0.44419923424720764,3.2791247367858887,58.819244384765625,199,False,162.12472534179688,36.0,-153.7450771331787,454,6
00-0036635,Ihmir Smith-Marsette,KC,2022,WR,,0.4398132860660553,7.037012577056885,2.9458515644073486,5.5640867948532104,0.34775542467832565,2.4333205223083496,52.86177062988281,200,False,162.12472534179688,36.0,-155.08771276474,455,6
00-0033376,Patrick Ricard,BAL,2022,RB,,1.2033301005356938,19.2532816085711,9.459269760544379,14.523646728298912,0.907727920518682,15.487868881878342,23.735612327855065,111,False,174.49445693969727,24.0,-155.24117533112616,456,6
00-0034132,Christian Blake,ARI,2022,WR,,0.37296414375305176,5.967426300048828,7.537642478942871,2.1986050605773926,0.13741281628608704,3.310803174972534,19.98235321044922,201,False,162.12472534179688,36.0,-156.15729904174805,457,6
00-0035022,Penny Hart,SEA,2022,WR,,0.356655478477478,5.706487655639648,3.8214917182922363,3.7957417964935303,0.23723386228084564,5.195432662963867,26.47320556640625,202,False,162.12472534179688,36.0,-156.41823768615723,458,6
00-0036187,Reggie Gilliam,BUF,2022,RB,,1.08675306794335,17.3880490870936,7.082108916932798,13.846994628627199,0.8654371642891999,8.331593350267509,21.016868597183386,112,False,174.49445693969727,24.0,-157.10640785260367,459,6
00-0036020,Salvon Ahmed,MIA,2022,RB,,1.0402449822425843,16.64391971588135,3.228392350673676,15.029723540544511,0.9393577212840319,15.066440477371216,74.27653038024903,113,False,174.49445693969727,24.0,-157.85053722381593,460,6
00-0026293,Matthew Slater,NE,2022,WR,,0.1782272607088089,2.8516361713409424,0.8491491079330444,2.42706161737442,0.15169135108590126,0.0,12.136363983154297,203,False,162.12472534179688,36.0,-159.27308917045593,461,6
00-0035628,D'Ernest Johnson,CLE,2022,RB,,0.945574238308891,15.129187812942256,3.5658583181349894,13.34625865387476,0.8341411658671725,7.015783666340478,85.10451528874266,114,False,174.49445693969727,24.0,-159.365269126755,462,6
00-0035973,Patrick Taylor,GB,2022,RB,,0.9305142211914063,14.8882275390625,2.7977833628654483,13.489335857629776,0.843083491101861,9.847743425369263,73.64707458496093,115,False,174.49445693969727,24.0,-159.60622940063476,463,6
00-0036857,Chris Evans,CIN,2022,RB,,0.8958810782432557,14.334097251892091,4.582980666160584,12.0426069188118,0.7526629324257375,12.166886787414551,56.74941505432129,116,False,174.49445693969727,24.0,-160.16035968780517,464,6
00-0036842,Kene Nwangwu,MIN,2022,RB,,0.8880125492811203,14.208200788497924,3.155244812965393,12.630578382015228,0.7894111488759518,13.679437017440796,43.25671131134033,117,False,174.49445693969727,24.0,-160.28625615119935,465,6
00-0035924,Jonathan Ward,TEN,2022,RB,,0.868251685500145,13.89202696800232,6.893730406761169,10.445161764621735,0.6528226102888585,8.730750341415405,28.79248100280762,118,False,174.49445693969727,24.0,-160.60242997169496,466,6
00-0034597,Ryan Nall,DAL,2022,RB,,0.837637403657141,13.402198458514256,6.433494748063972,10.18545108448227,0.6365906927801419,11.277902220145714,24.732499885846295,119,False,174.49445693969727,24.0,-161.09225848118302,467,6
00-0035406,Lil'Jordan Humphrey,NE,2022,WR,,0.06332800537347794,1.013248085975647,0.30748605728149414,0.8595050573348999,0.053719066083431244,2.6550545692443848,32.200103759765625,204,False,162.12472534179688,36.0,-161.11147725582123,468,6
00-0036860,Jake Funk,IND,2022,RB,,0.7739003080129624,12.382404928207398,2.971804401874542,10.896502727270127,0.6810314204543829,10.435405960083008,32.477063732147215,120,False,174.49445693969727,24.0,-162.11205201148988,469,6
00-0035291,Trayveon Williams,CIN,2022,RB,,0.7385837405920029,11.817339849472047,2.8225939059257508,10.40604289650917,0.6503776810318231,8.799033851623536,46.185832748413084,121,False,174.49445693969727,24.0,-162.67711709022524,470,6
00-0036450,Ke'Shawn Vaughn,TB,2022,RB,,0.706185171254117,11.298962740065871,3.5995942941289667,9.499165593001388,0.5936978495625868,10.556511337135364,70.35751662127048,122,False,174.49445693969727,24.0,-163.1954941996314,471,6
00-0032450,Dwayne Washington,NO,2022,RB,,0.694103888073333,11.105662209173328,1.7611324531031667,10.225095982621745,0.6390684989138591,5.260227500953387,36.739537903787664,123,False,174.49445693969727,24.0,-163.38879473052395,472,6
00-0035304,Cullen Gillaspia,SEA,2022,RB,,0.6879851034130648,11.007761654609038,2.7273806245566883,9.644071342330694,0.6027544588956684,6.750251311462763,26.978388568282863,124,False,174.49445693969727,24.0,-163.48669528508825,473,6
00-0036669,Kylin Hill,GB,2022,RB,,0.5269967639446259,8.431948223114015,1.3316590929031373,7.766118676662446,0.48538241729140286,3.426637508869171,26.86477508544922,125,False,174.49445693969727,24.0,-166.06250871658327,474,6
00-0034869,Sam Darnold,CAR,2022,QB,5.977979,14.29581356048584,85.46007537841797,0.002730087609961629,85.45871033461299,5.341169395913312,40.28799057006836,85.94947052001953,37,False,251.7641143798828,12.0,-166.30403900146484,475,4
00-0035726,Jakob Johnson,LV,2022,RB,,0.5001727124744699,8.002763399591519,4.72475634399952,5.640385227591758,0.3525240767244849,5.587993920921545,19.725253394320763,126,False,174.49445693969727,24.0,-166.49169354010576,476,6
00-0036654,Demetric Felton,CLE,2022,RB,,0.4405468219518662,7.048749151229859,2.9353167057037353,5.581090798377991,0.34881817489862443,3.3048003363609313,46.77858253479004,127,False,174.49445693969727,24.0,-167.44570778846742,477,6
00-0034449,Buddy Howell,LA,2022,RB,,0.4274806059155457,6.839689694648731,3.223555251850321,5.227912068723572,0.3267445042952232,6.339903957773609,18.602493455431215,128,False,174.49445693969727,24.0,-167.65476724504853,478,6
00-0033296,Alex Armah,WAS,2022,RB,,0.38658071767684127,6.18529148282946,2.034607136895769,5.167987914381576,0.3229992446488485,0.7019859376396731,17.90085434441694,129,False,174.49445693969727,24.0,-168.30916545686782,479,6
00-0026300,Josh Johnson,SF,2022,QB,6.2913837,12.735411643981934,80.12335968017578,0.03891110047698021,80.10390412993729,5.006494008121081,53.54859924316406,79.5624771118164,38,False,251.7641143798828,12.0,-171.64075469970703,480,4
00-0028063,Taiwan Jones,BUF,2022,RB,,0.04725153185427189,0.7560245096683502,0.0,0.7560245096683502,0.04725153185427189,0.0,24.198540687561035,130,False,174.49445693969727,24.0,-173.73843243002892,481,6
00-0033869,Mitchell Trubisky,PIT,2022,QB,7.0858693,10.5497407913208,74.75408172607422,0.0008523296564817429,74.75365556124598,4.672103472577874,74.42742919921875,84.20606231689453,39,False,251.7641143798828,12.0,-177.0100326538086,482,5
00-0026197,Chad Henne,KC,2022,QB,6.7344284,9.095902442932129,61.25570297241211,0.1372222751379013,61.18709183484316,3.8241932396776974,23.421459197998047,71.45710754394531,40,False,251.7641143798828,12.0,-190.5084114074707,483,5
00-0034401,Mike White,NYJ,2022,QB,4.1104736,14.023114204406738,57.641639709472656,0.016751576215028763,57.63326392136514,3.6020789950853214,23.220169067382812,58.069087982177734,41,False,251.7641143798828,12.0,-194.12247467041016,484,5
00-0033662,Cooper Rush,DAL,2022,QB,8.064688,7.106663227081299,57.313018798828125,0.0,57.313018798828125,3.582063674926758,57.08192443847656,77.15630340576172,42,False,251.7641143798828,12.0,-194.4510955810547,485,5
00-0035704,Drew Lock,SEA,2022,QB,6.9124465,7.860424995422363,54.33476638793945,0.054205071181058884,54.307663852348924,3.3942289907718077,40.008270263671875,72.72673034667969,43,False,251.7641143798828,12.0,-197.42934799194336,486,5
00-0035993,Tyler Huntley,BAL,2022,QB,4.98858,10.052970886230469,50.15005111694336,0.0,50.15005111694336,3.13437819480896,43.739540100097656,61.86027908325195,44,False,251.7641143798828,12.0,-201.61406326293945,487,5
00-0030520,Mike Glennon,MIA,2022,QB,6.277291,6.936326026916504,43.54133605957031,0.28306475281715393,43.399803683161736,2.7124877301976085,22.841184616088867,52.945716857910156,45,False,251.7641143798828,12.0,-208.2227783203125,488,5
00-0034177,Tim Boyle,CHI,2022,QB,6.7017546,6.211331367492676,41.6268196105957,0.21277421712875366,41.520432502031326,2.595027031376958,32.690670013427734,57.469482421875,46,False,251.7641143798828,12.0,-210.1372947692871,489,5
00-0031237,Teddy Bridgewater,MIA,2022,QB,5.14564,7.646042346954346,39.343780517578125,0.009866653010249138,39.338847191073,2.4586779494420625,39.084938049316406,58.665794372558594,47,False,251.7641143798828,12.0,-212.4203338623047,490,5
00-0033275,PJ Walker,CAR,2022,QB,5.868934,6.489370822906494,38.085689544677734,0.0,38.085689544677734,2.3803555965423584,13.648630142211914,38.262489318847656,48,False,251.7641143798828,12.0,-213.67842483520508,491,5
00-0028118,Tyrod Taylor,NYG,2022,QB,5.115113,7.187320709228516,36.763954162597656,0.04255742207169533,36.74267545156181,2.296417215722613,19.24017333984375,45.47636413574219,49,False,251.7641143798828,12.0,-215.00016021728516,492,6
00-0034438,Logan Woodside,ATL,2022,QB,6.115766,5.909305572509766,36.139930725097656,0.4528629183769226,35.913499265909195,2.2445937041193247,22.762712478637695,45.44271469116211,50,False,251.7641143798828,12.0,-215.62418365478516,493,6
00-0032434,Brandon Allen,CIN,2022,QB,6.201755,5.825298309326172,36.127071380615234,0.0,36.127071380615234,2.257941961288452,19.11579132080078,47.648887634277344,51,False,251.7641143798828,12.0,-215.63704299926758,494,6
00-0026625,Brian Hoyer,NE,2022,QB,6.4494348,5.434817790985107,35.0515022277832,0.12431084364652634,34.98934680595994,2.1868341753724962,33.84726333618164,62.446842193603516,52,False,251.7641143798828,12.0,-216.7126121520996,495,6
00-0027688,Colt McCoy,ARI,2022,QB,4.0804734,8.096366882324219,33.037010192871094,0.004606158938258886,33.034707113401964,2.0646691945876228,28.48699188232422,33.6544075012207,53,False,251.7641143798828,12.0,-218.72710418701172,496,6
00-0027948,Blaine Gabbert,TB,2022,QB,6.679566,4.261941432952881,28.467918395996094,0.22905437648296356,28.353391207754612,1.7720869504846632,22.179121017456055,53.09906005859375,54,False,251.7641143798828,12.0,-223.29619598388672,497,6
00-0028986,Case Keenum,BUF,2022,QB,5.0422688,5.328115940093994,26.865793228149414,0.00023180631978902966,26.86567732498952,1.679104832811845,25.577594757080078,42.7086067199707,55,False,251.7641143798828,12.0,-224.8983211517334,498,6
00-0032156,Trevor Siemian,CHI,2022,QB,4.432466,5.946317672729492,26.35685157775879,0.03498746454715729,26.33935784548521,1.6462098653428257,22.282093048095703,40.714149475097656,56,False,251.7641143798828,12.0,-225.40726280212402,499,6
00-0036264,Jordan Love,GB,2022,QB,4.0645704,2.992337226867676,12.162565231323242,0.0009521777974441648,12.16208914242452,0.7601305714015325,11.804364204406738,34.62580490112305,57,False,251.7641143798828,12.0,-239.60154914855957,500,6
