player_id,player_display_name,team,season,position,projected_games_played,projected_ppr_per_game,projected_ppr,projected_receptions,projected_half_ppr,projected_half_ppr_per_game,ci_low,ci_high,position_rank,is_rookie,baseline_pts,baseline_rank,vbd,vbd_rank_overall,tier
00-0036358,CeeDee Lamb,DAL,2023,WR,,24.233230590820312,387.731689453125,131.00550842285156,322.2289352416992,20.1393084526062,227.1776885986328,399.2729187011719,1,False,129.85909843444824,36.0,192.36983680725098,1,1
00-0033280,Christian McCaffrey,SF,2023,RB,,23.24458071894714,371.91329150315426,64.2985874942098,339.7639977560494,21.235249859753086,230.10510358085867,371.77772988258687,1,False,160.07113681793214,24.0,179.69286093811724,2,1
00-0033040,Tyreek Hill,MIA,2023,WR,,22.85468864440918,365.6750183105469,116.23746490478516,307.5562858581543,19.222267866134644,230.15988159179688,374.86053466796875,2,False,129.85909843444824,36.0,177.69718742370605,3,1
00-0034857,Josh Allen,BUF,2023,QB,16.925358,23.062541961669922,390.3417663574219,0.0,390.3417663574219,24.396360397338867,332.01312255859375,390.8923645019531,1,False,255.802995524602,12.0,134.53877083281986,4,1
00-0036963,Amon-Ra St. Brown,DET,2023,WR,,19.865102767944336,317.8416442871094,118.40831756591797,258.6374855041504,16.1648428440094,253.76693725585938,330.3366394042969,3,False,129.85909843444824,36.0,128.77838706970215,5,2
00-0035676,A.J. Brown,PHI,2023,WR,,17.986658096313477,287.7865295410156,103.1317367553711,236.22066116333008,14.76379132270813,274.15789794921875,291.15606689453125,4,False,129.85909843444824,36.0,106.36156272888184,6,2
00-0031408,Mike Evans,TB,2023,WR,,17.084735870361328,273.35577392578125,76.88346862792969,234.9140396118164,14.682127475738525,179.8872528076172,280.513671875,7,False,129.85909843444824,36.0,105.05494117736816,7,2
00-0034827,DJ Moore,CHI,2023,WR,,17.447412490844727,279.1585998535156,94.1044921875,232.10635375976562,14.506647109985352,160.13961791992188,285.0732116699219,6,False,129.85909843444824,36.0,102.24725532531738,8,2
00-0036389,Jalen Hurts,PHI,2023,QB,16.949923,20.93609619140625,354.8652038574219,0.0,354.8652038574219,22.179075241088867,352.5091552734375,367.6310119628906,2,False,255.802995524602,12.0,99.06220833281986,9,1
00-0031588,Stefon Diggs,BUF,2023,WR,,17.490589141845703,279.84942626953125,107.86647033691406,225.91619110107422,14.119761943817139,270.8047180175781,312.3748779296875,5,False,129.85909843444824,36.0,96.05709266662598,10,2
00-0038120,Breece Hall,NYJ,2023,RB,,18.35133457183838,293.62135314941406,77.14249092102051,255.0501076889038,15.940631730556488,185.46613525390626,298.9294302368164,2,False,160.07113681793214,24.0,94.97897087097166,11,2
00-0036973,Travis Etienne,JAX,2023,RB,,17.7128005027771,283.4048080444336,57.11446342468262,254.8475763320923,15.927973520755769,180.89326278686525,288.050966796875,3,False,160.07113681793214,24.0,94.77643951416016,12,2
00-0030279,Keenan Allen,LAC,2023,WR,,17.058704376220703,272.93927001953125,106.80780792236328,219.5353660583496,13.72096037864685,174.01402282714844,277.79840087890625,8,False,129.85909843444824,36.0,89.67626762390137,13,2
00-0033077,Dak Prescott,DAL,2023,QB,16.978874,20.118057250976562,341.58197021484375,0.0,341.58197021484375,21.348873138427734,283.91912841796875,342.35235595703125,3,False,255.802995524602,12.0,85.77897469024174,14,1
00-0031381,Davante Adams,LV,2023,WR,,16.590206146240234,265.44329833984375,102.47684478759766,214.20487594604492,13.387804746627808,212.16903686523438,266.5906677246094,9,False,129.85909843444824,36.0,84.34577751159668,15,3
00-0036900,Ja'Marr Chase,CIN,2023,WR,,16.31639289855957,261.0622863769531,98.0653076171875,212.02963256835938,13.251852035522461,237.7440185546875,267.1497802734375,10,False,129.85909843444824,36.0,82.17053413391113,16,3
00-0035719,Deebo Samuel Sr.,SF,2023,WR,,15.020968437194824,240.3354949951172,61.22093963623047,209.72502517700195,13.107814073562622,200.10874938964844,244.6956787109375,13,False,129.85909843444824,36.0,79.86592674255371,17,3
00-0037256,Rachaad White,TB,2023,RB,,17.033328742980956,272.5332598876953,65.34904121398925,239.8587392807007,14.991171205043793,143.05988983154296,274.70076110839847,4,False,160.07113681793214,24.0,79.78760246276855,18,2
00-0036261,Brandon Aiyuk,SF,2023,WR,,15.189069747924805,243.02511596679688,76.05111694335938,204.9995574951172,12.812472343444824,193.53701782226562,248.4713897705078,11,False,129.85909843444824,36.0,75.14045906066895,19,3
00-0037840,Kyren Williams,LA,2023,RB,,15.677179822921753,250.83487716674804,31.71530206680298,234.97722613334656,14.68607663333416,93.38736343383789,261.14125808715823,6,False,160.07113681793214,24.0,74.90608931541442,20,2
00-0034796,Lamar Jackson,BAL,2023,QB,15.9432535,20.700347900390625,330.0308837890625,0.0,330.0308837890625,20.626930236816406,277.46087646484375,330.0625305175781,4,False,255.802995524602,12.0,74.22788826446049,21,1
00-0033897,Joe Mixon,CIN,2023,RB,,15.948972569595538,255.1835611135286,49.81165869107727,230.27773176798996,14.392358235499373,216.3933669898773,257.4572506156154,5,False,160.07113681793214,24.0,70.20659495005782,22,2
00-0036554,Nico Collins,HOU,2023,WR,,14.46235466003418,231.39767456054688,71.54200744628906,195.62667083740234,12.226666927337646,92.3056640625,248.9805450439453,14,False,129.85909843444824,36.0,65.7675724029541,23,3
00-0036264,Jordan Love,GB,2023,QB,16.965822,18.757122039794922,318.2300109863281,0.0035372511483728886,318.22824236075394,19.88926514754712,157.09860229492188,318.4222717285156,5,False,255.802995524602,12.0,62.42524683615193,24,1
00-0035640,DK Metcalf,SEA,2023,WR,,14.093656539916992,225.49850463867188,66.81441497802734,192.0912971496582,12.005706071853638,191.36268615722656,228.16664123535156,18,False,129.85909843444824,36.0,62.23219871520996,25,3
00-0030506,Travis Kelce,KC,2023,TE,,13.780061721801758,220.48098754882812,92.63897705078125,174.1614990234375,10.885093688964844,211.38722229003906,241.65338134765625,1,False,112.23047828674316,12.0,61.931020736694336,26,1
00-0031544,Amari Cooper,CLE,2023,WR,,14.15624713897705,226.4999542236328,70.69917297363281,191.1503677368164,11.946897983551025,198.24327087402344,229.78143310546875,17,False,129.85909843444824,36.0,61.291269302368164,27,3
00-0036252,Michael Pittman,IND,2023,WR,,15.135638236999512,242.1702117919922,105.08870697021484,189.62585830688477,11.851616144180298,163.8997802734375,250.43374633789062,12,False,129.85909843444824,36.0,59.76675987243652,28,3
00-0036912,DeVonta Smith,PHI,2023,WR,,14.414015769958496,230.62425231933594,82.68860626220703,189.27994918823242,11.829996824264526,216.55909729003906,238.89984130859375,16,False,129.85909843444824,36.0,59.42085075378418,29,3
00-0037239,Chris Olave,NO,2023,WR,,14.421001434326172,230.73602294921875,86.13164520263672,187.6702003479004,11.729387521743774,199.6638946533203,234.63104248046875,15,False,129.85909843444824,36.0,57.81110191345215,30,3
00-0035229,T.J. Hockenson,MIN,2023,TE,,13.54893684387207,216.78298950195312,94.9686279296875,169.29867553710938,10.581167221069336,134.02154541015625,218.8760528564453,3,False,112.23047828674316,12.0,57.06819725036621,31,1
00-0033288,George Kittle,SF,2023,TE,,12.573512077331543,201.1761932373047,64.28839874267578,169.0319938659668,10.564499616622925,141.57208251953125,202.83287048339844,4,False,112.23047828674316,12.0,56.80151557922363,32,1
00-0033881,Evan Engram,JAX,2023,TE,,13.656122207641602,218.49795532226562,109.0179672241211,163.98897171020508,10.249310731887817,128.06765747070312,228.86199951171875,2,False,112.23047828674316,12.0,51.758493423461914,33,1
00-0030564,DeAndre Hopkins,TEN,2023,WR,,13.547154426574707,216.7544708251953,74.36619567871094,179.57137298583984,11.22321081161499,163.4215545654297,222.8452911376953,19,False,129.85909843444824,36.0,49.7122745513916,34,4
00-0033885,David Njoku,CLE,2023,TE,,12.435159683227539,198.96255493164062,80.03878021240234,158.94316482543945,9.933947801589966,116.27774047851562,200.58518981933594,5,False,112.23047828674316,12.0,46.71268653869629,35,1
00-0036322,Justin Jefferson,MIN,2023,WR,,13.193117141723633,211.08987426757812,70.5739974975586,175.80287551879883,10.987679719924927,203.31080627441406,299.9513244628906,21,False,129.85909843444824,36.0,45.943777084350586,36,4
00-0037248,James Cook,BUF,2023,RB,,14.090382633209229,225.44612213134766,43.81668422698975,203.53778001785278,12.721111251115799,122.3849690246582,235.43452575683594,7,False,160.07113681793214,24.0,43.46664319992064,37,3
00-0032764,Derrick Henry,TEN,2023,RB,,13.384699739342599,214.15519582948158,24.267959447504317,202.02121610572942,12.626326006608089,166.95150081188038,214.0260504125325,10,False,160.07113681793214,24.0,41.95007928779728,38,3
00-0031687,Raheem Mostert,MIA,2023,RB,,13.053727671096457,208.8596427375433,20.376490468972356,198.67139750305714,12.416962343941071,108.73751865676786,214.11218625715546,13,False,160.07113681793214,24.0,38.600260685124994,39,3
00-0037247,George Pickens,PIT,2023,WR,,12.445974349975586,199.13558959960938,62.7122688293457,167.77945518493652,10.486215949058533,158.8545379638672,208.1525115966797,26,False,129.85909843444824,36.0,37.92035675048828,40,4
00-0033921,Chris Godwin Jr.,TB,2023,WR,,13.021784782409668,208.3485565185547,82.17098999023438,167.2630615234375,10.453941345214844,207.26068115234375,252.5543975830078,22,False,129.85909843444824,36.0,37.40396308898926,41,4
00-0037834,Brock Purdy,SF,2023,QB,15.940928,18.391700744628906,293.1807861328125,0.0,293.1807861328125,18.32379913330078,213.6456298828125,294.4484558105469,6,False,255.802995524602,12.0,37.37779060821049,42,2
00-0036613,Jaylen Waddle,MIA,2023,WR,,12.724905967712402,203.59849548339844,73.61830139160156,166.78934478759766,10.424334049224854,199.06365966796875,250.041015625,24,False,129.85909843444824,36.0,36.930246353149414,43,4
00-0035659,Terry McLaurin,WAS,2023,WR,,12.876205444335938,206.019287109375,79.16069793701172,166.43893814086914,10.402433633804321,196.94970703125,223.48776245117188,23,False,129.85909843444824,36.0,36.5798397064209,44,4
00-0034844,Saquon Barkley,NYG,2023,RB,,13.519737519617362,216.3158003138778,39.47178343439331,196.57990859668112,12.28624428729257,199.6361124761165,221.28939273372077,8,False,160.07113681793214,24.0,36.50877177874898,45,3
00-0035685,David Montgomery,DET,2023,RB,,12.713346249047083,203.41353998475333,16.700146317269848,195.0634668261184,12.1914666766324,157.26590966623502,204.43227420605837,16,False,160.07113681793214,24.0,34.99233000818626,46,3
00-0037197,Isiah Pacheco,KC,2023,RB,,13.505325117111207,216.0852018737793,43.36001621246338,194.40519376754762,12.150324610471726,134.91343475341796,219.40827835083007,9,False,160.07113681793214,24.0,34.33405694961547,47,3
00-0030035,Adam Thielen,CAR,2023,WR,,13.226056098937988,211.6168975830078,97.12139892578125,163.0561981201172,10.191012382507324,112.80715942382812,226.88815307617188,20,False,129.85909843444824,36.0,33.197099685668945,48,4
00-0033106,Jared Goff,DET,2023,QB,16.995779,16.968944549560547,288.4004211425781,0.007855793461203575,288.3964932458475,18.02478082786547,258.6244201660156,289.1723327636719,7,False,255.802995524602,12.0,32.59349772124551,49,2
00-0034791,Nick Chubb,CLE,2023,RB,,12.766966377411046,204.27146203857674,24.990685134211443,191.77611947147102,11.986007466966939,179.33325496164437,217.65087568247833,15,False,160.07113681793214,24.0,31.704982653538877,50,3
00-0036290,Cole Kmet,CHI,2023,TE,,11.23812484741211,179.80999755859375,72.53347778320312,143.5432586669922,8.971453666687012,116.55912017822266,181.18116760253906,6,False,112.23047828674316,12.0,31.312780380249023,51,2
00-0034960,Jakobi Meyers,LV,2023,WR,,12.053675651550293,192.8588104248047,65.57901763916016,160.0693016052246,10.004331350326538,134.32691955566406,214.5115966796875,28,False,129.85909843444824,36.0,30.210203170776367,52,4
00-0037740,Garrett Wilson,NYJ,2023,WR,,12.709702491760254,203.35523986816406,86.9884262084961,159.86102676391602,9.991314172744751,182.89622497558594,211.92929077148438,25,False,129.85909843444824,36.0,30.001928329467773,53,4
00-0032211,Tyler Lockett,SEA,2023,WR,,12.364581108093262,197.8332977294922,76.1662368774414,159.75017929077148,9.984386205673218,176.3552703857422,204.27056884765625,27,False,129.85909843444824,36.0,29.891080856323242,54,4
00-0035261,Tony Pollard,DAL,2023,RB,,13.289462931963943,212.63140691142308,51.29177497440784,186.98551942421915,11.686594964013697,170.72409254728157,217.95892292249863,11,False,160.07113681793214,24.0,26.914382606287006,55,3
00-0033873,Patrick Mahomes,KC,2023,QB,16.007467,17.598819732666016,281.7125244140625,0.0004935659817419946,281.71227763107163,17.607017351941977,280.4659423828125,329.953125,8,False,255.802995524602,12.0,25.909282106469618,56,2
00-0036275,D'Andre Swift,PHI,2023,RB,,12.90413652420044,206.46618438720705,41.261251335144046,185.835558719635,11.614722419977188,191.44783950805663,221.31309310913088,14,False,160.07113681793214,24.0,25.76442190170286,57,3
00-0038134,Kenneth Walker III,SEA,2023,RB,,12.427017345428467,198.83227752685548,28.481886558532715,184.59133424758912,11.53695839047432,173.4904835510254,204.00214324951173,17,False,160.07113681793214,24.0,24.520197429656974,58,3
00-0038041,Jake Ferguson,DAL,2023,TE,,10.491386413574219,167.8621826171875,67.26604461669922,134.2291603088379,8.389322519302368,58.8344841003418,175.06629943847656,8,False,112.23047828674316,12.0,21.998682022094727,59,2
00-0036893,Najee Harris,PIT,2023,RB,,12.270510889101649,196.32817422562638,29.866281244550805,181.39503360335098,11.337189600209436,169.4183723593835,198.55909293653212,19,False,160.07113681793214,24.0,21.32389678541884,60,3
00-0037744,Trey McBride,ARI,2023,TE,,10.742475509643555,171.87960815429688,77.202880859375,133.27816772460938,8.329885482788086,39.46236038208008,179.95016479492188,7,False,112.23047828674316,12.0,21.04768943786621,61,2
00-0033536,Mike Williams,LAC,2023,WR,,11.092874526977539,177.48599243164062,54.03556823730469,150.46820831298828,9.404263019561768,153.23062133789062,203.2136688232422,29,False,129.85909843444824,36.0,20.60910987854004,62,4
00-0037746,Brian Robinson,WAS,2023,RB,,12.242427415847779,195.87883865356446,34.57187393188477,178.5929016876221,11.16205635547638,109.25896781921386,202.78172149658204,20,False,160.07113681793214,24.0,18.521764869689946,63,3
00-0037267,Jerome Ford,CLE,2023,RB,,12.407238063812256,198.5158090209961,41.702725372314454,177.66444633483889,11.10402789592743,27.327641315460205,213.5648797607422,18,False,160.07113681793214,24.0,17.593309516906743,64,3
00-0033906,Alvin Kamara,NO,2023,RB,,13.189310056717733,211.02896090748374,66.95573888759104,177.55109146368824,11.096943216480515,157.03368068906562,213.40521885302033,12,False,160.07113681793214,24.0,17.479954645756095,65,3
00-0033357,Taysom Hill,NO,2023,TE,,8.883057594299316,142.12892150878906,32.27629089355469,125.99077606201172,7.874423503875732,68.59354400634766,143.52639770507812,10,False,112.23047828674316,12.0,13.760297775268555,66,2
00-0036212,Tua Tagovailoa,MIA,2023,QB,16.90734,15.938664436340332,269.48040771484375,0.001627919147722423,269.4795937552699,16.842474609704368,264.79486083984375,282.22479248046875,9,False,255.802995524602,12.0,13.676598230667878,67,2
00-0034855,Baker Mayfield,TB,2023,QB,16.80781,16.032209396362305,269.4663391113281,0.0,269.4663391113281,16.841646194458008,218.20083618164062,270.9082336425781,10,False,255.802995524602,12.0,13.663343586726114,68,2
00-0033553,James Conner,ARI,2023,RB,,11.622734118036666,185.96374588858666,25.533638239161434,173.19692676900593,10.82480792306287,170.00299899216796,193.62473265786926,23,False,160.07113681793214,24.0,13.125789951073784,69,3
00-0036196,Gabe Davis,BUF,2023,WR,,10.245139122009277,163.92222595214844,45.762046813964844,141.04120254516602,8.815075159072876,156.35504150390625,179.4419403076172,33,False,129.85909843444824,36.0,11.182104110717773,70,5
00-0031236,Brandin Cooks,DAL,2023,WR,,10.398787498474121,166.38059997558594,52.879451751708984,139.94087409973145,8.746304631233215,105.13017272949219,170.85089111328125,31,False,129.85909843444824,36.0,10.081775665283203,71,5
00-0035700,Josh Jacobs,LV,2023,RB,,11.66271871828527,186.6034994925643,37.70327814142644,167.7518604218511,10.484491276365693,183.96053809362434,237.6405899857267,22,False,160.07113681793214,24.0,7.680723603918949,72,4
00-0037238,Drake London,ATL,2023,WR,,10.774657249450684,172.39451599121094,70.07193756103516,137.35854721069336,8.584909200668335,171.9512176513672,221.6561737060547,30,False,129.85909843444824,36.0,7.499448776245117,73,5
00-0034383,Dalton Schultz,HOU,2023,TE,,9.303956031799316,148.86329650878906,58.50067901611328,119.61295700073242,7.475809812545776,112.79031372070312,150.62625122070312,9,False,112.23047828674316,12.0,7.382478713989258,74,2
00-0033908,Cooper Kupp,LA,2023,WR,,10.326966285705566,165.23146057128906,59.79393768310547,135.33449172973633,8.45840573310852,164.06451416015625,241.36143493652344,32,False,129.85909843444824,36.0,5.475393295288086,75,5
00-0036971,Trevor Lawrence,JAX,2023,QB,15.953634,16.3754940032959,261.2486572265625,0.0009231615113094449,261.24819564580685,16.328012227862928,261.1625671386719,273.11016845703125,11,False,255.802995524602,12.0,5.445200121204834,76,2
00-0036555,Chuba Hubbard,CAR,2023,RB,,11.590777883529663,185.4524461364746,39.93281364440918,165.48603931427002,10.342877457141876,125.07562713623047,187.66120330810548,24,False,160.07113681793214,24.0,5.414902496337874,77,4
00-0034348,Courtland Sutton,DEN,2023,WR,,10.140088081359863,162.2414093017578,54.770362854003906,134.85622787475586,8.428514242172241,109.2180404663086,187.66209411621094,34,False,129.85909843444824,36.0,4.997129440307617,78,5
00-0034775,Christian Kirk,JAX,2023,WR,,10.07817554473877,161.2508087158203,59.271400451660156,131.61510848999023,8.22594428062439,150.9557342529297,212.75967407226562,35,False,129.85909843444824,36.0,1.7560100555419922,79,5
00-0034753,Mark Andrews,BAL,2023,TE,,8.477134704589844,135.6341552734375,45.308631896972656,112.97983932495117,7.061239957809448,135.18478393554688,196.15365600585938,13,False,112.23047828674316,12.0,0.7493610382080078,80,2
00-0037228,Jaylen Warren,PIT,2023,RB,,11.830365924835206,189.2858547973633,58.42943595886231,160.07113681793214,10.004446051120759,108.82112037658692,197.79778259277344,21,False,160.07113681793214,24.0,0.0,81,4
00-0034351,Dallas Goedert,PHI,2023,TE,,8.852694511413574,141.6431121826172,58.82526779174805,112.23047828674316,7.014404892921448,136.35581970214844,165.59890747070312,11,False,112.23047828674316,12.0,0.0,82,2
00-0029263,Russell Wilson,DEN,2023,QB,14.969784,17.088106155395508,255.8052520751953,0.004513101186603308,255.802995524602,15.987687220287626,214.30517578125,256.5900573730469,12,False,255.802995524602,12.0,0.0,83,2
00-0036410,Tee Higgins,CIN,2023,WR,,9.67619514465332,154.81912231445312,49.920047760009766,129.85909843444824,8.116193652153015,144.49227905273438,243.6387481689453,36,False,129.85909843444824,36.0,0.0,84,5
00-0034184,Gus Edwards,BAL,2023,RB,,10.31527554259408,165.04440868150527,10.909654388747585,159.58958148713148,9.974348842945718,77.9724534133295,169.81309000389942,28,False,160.07113681793214,24.0,-0.48155533080065993,85,4
00-0037545,Rashid Shaheed,NO,2023,WR,,9.47266674041748,151.5626678466797,45.58504104614258,128.7701473236084,8.048134207725525,102.88088989257812,155.8620147705078,41,False,129.85909843444824,36.0,-1.0889511108398438,86,5
00-0036970,Kyle Pitts,ATL,2023,TE,,8.579039573669434,137.26463317871094,52.965179443359375,110.78204345703125,6.923877716064453,125.93666076660156,145.93043518066406,12,False,112.23047828674316,12.0,-1.448434829711914,87,2
00-0036997,Javonte Williams,DEN,2023,RB,,11.338320932388307,181.4131349182129,47.115364685058594,157.8554525756836,9.865965785980224,95.4173762512207,183.6372314453125,25,False,160.07113681793214,24.0,-2.2156842422485568,88,4
00-0035662,Marquise Brown,ARI,2023,WR,,9.65114688873291,154.41835021972656,55.206607818603516,126.8150463104248,7.92594039440155,137.27687072753906,208.40628051757812,37,False,129.85909843444824,36.0,-3.0440521240234375,89,5
00-0036223,Jonathan Taylor,IND,2023,RB,,10.456644916534424,167.3063186645508,20.819061241149903,156.89678804397585,9.80604925274849,162.0990475463867,240.21501388549805,27,False,160.07113681793214,24.0,-3.1743487739562966,90,4
00-0035216,Diontae Johnson,PIT,2023,WR,,9.529203414916992,152.46725463867188,51.61613082885742,126.65918922424316,7.916199326515198,151.4060516357422,206.61587524414062,39,False,129.85909843444824,36.0,-3.199909210205078,91,5
00-0033699,Austin Ekeler,LAC,2023,RB,,11.06991700519037,177.1186720830459,47.42672491923495,153.40530962342845,9.587831851464278,170.4378151754579,247.08843357845987,26,False,160.07113681793214,24.0,-6.6658271945036915,92,4
00-0036407,Jerry Jeudy,DEN,2023,WR,,9.517008781433105,152.2721405029297,59.35609817504883,122.59409141540527,7.66213071346283,144.37554931640625,195.5065460205078,40,False,129.85909843444824,36.0,-7.265007019042969,93,5
00-0033282,Curtis Samuel,WAS,2023,WR,,9.543754577636719,152.7000732421875,61.87557601928711,121.76228523254395,7.610142827033997,101.78866577148438,157.00418090820312,38,False,129.85909843444824,36.0,-8.096813201904297,94,5
00-0035250,Devin Singletary,HOU,2023,RB,,10.166552766568852,162.66484426510164,30.393202150411433,147.46824318989593,9.216765199368496,115.13175789396377,165.2137630915397,29,False,160.07113681793214,24.0,-12.602893628036213,95,4
00-0035535,Darius Slayton,NYG,2023,WR,,8.672486305236816,138.75978088378906,44.336116790771484,116.59172248840332,7.2869826555252075,69.65181732177734,147.27053833007812,43,False,129.85909843444824,36.0,-13.267375946044922,96,6
00-0033090,Hunter Henry,NE,2023,TE,,7.480001926422119,119.6800308227539,41.728172302246094,98.81594467163086,6.175996541976929,101.966552734375,120.90948486328125,16,False,112.23047828674316,12.0,-13.414533615112305,97,3
00-0036251,Zack Moss,IND,2023,RB,,9.905023777013279,158.48038043221246,25.144233267977985,145.90826379822346,9.119266487388966,81.6585009711838,167.59608438438295,30,False,160.07113681793214,24.0,-14.162873019708684,98,4
00-0026498,Matthew Stafford,LA,2023,QB,14.924938,16.14830207824707,241.0124053955078,0.005027198698371649,241.00989179615863,15.063118237259914,208.92709350585938,241.94070434570312,13,False,255.802995524602,12.0,-14.793103728443384,99,2
00-0033858,Jonnu Smith,ATL,2023,TE,,7.604172229766846,121.66675567626953,48.79688262939453,97.26831436157227,6.079269647598267,55.868011474609375,123.83557891845703,15,False,112.23047828674316,12.0,-14.962163925170898,100,3
00-0037816,Romeo Doubs,GB,2023,WR,,8.709708213806152,139.35533142089844,49.40555191040039,114.65255546569824,7.16578471660614,99.31758117675781,164.8914337158203,42,False,129.85909843444824,36.0,-15.20654296875,101,6
00-0031280,Derek Carr,NO,2023,QB,16.920282,14.20600700378418,240.36964416503906,0.010585601441562176,240.36435136431828,15.022771960269893,236.8782501220703,257.6299743652344,14,False,255.802995524602,12.0,-15.43864416028373,102,2
00-0031260,Logan Thomas,WAS,2023,TE,,7.682836055755615,122.92537689208984,53.54594421386719,96.15240478515625,6.009525299072266,56.442832946777344,126.1650390625,14,False,112.23047828674316,12.0,-16.078073501586914,103,3
00-0038129,Cade Otton,TB,2023,TE,,7.3307695388793945,117.29231262207031,46.72532272338867,93.92965126037598,5.8706032037734985,92.95133209228516,118.8677978515625,18,False,112.23047828674316,12.0,-18.300827026367188,104,3
00-0036158,J.K. Dobbins,BAL,2023,RB,,9.246535186767579,147.94456298828126,19.801341762542727,138.0438921070099,8.627743256688118,117.39740745544434,160.51615493774415,33,False,160.07113681793214,24.0,-22.027244710922247,105,4
00-0034270,Tyler Conklin,NYJ,2023,TE,,7.470992088317871,119.53587341308594,58.76158905029297,90.15507888793945,5.634692430496216,93.8750228881836,123.24893188476562,17,False,112.23047828674316,12.0,-22.07539939880371,106,3
00-0036355,Justin Herbert,LAC,2023,QB,13.0110445,17.99609375,234.14797973632812,0.9947145581245422,233.65062245726585,14.603163903579116,234.2045440673828,261.000732421875,15,False,255.802995524602,12.0,-22.152373067336157,107,2
00-0037263,Tyler Allgeier,ATL,2023,RB,,9.164745264053344,146.6359242248535,18.439001502990724,137.41642347335815,8.588526467084884,141.15636383056642,173.36123062133788,34,False,160.07113681793214,24.0,-22.65471334457399,108,4
00-0037838,Isaiah Likely,BAL,2023,TE,,6.608392238616943,105.7342758178711,33.16514587402344,89.15170288085938,5.571981430053711,102.29307556152344,143.78768920898438,23,False,112.23047828674316,12.0,-23.07877540588379,109,3
00-0031610,Darren Waller,NYG,2023,TE,,7.179009914398193,114.8641586303711,52.14411544799805,88.79210090637207,5.549506306648254,112.92870330810547,133.4103546142578,19,False,112.23047828674316,12.0,-23.438377380371094,110,3
00-0037809,Chig Okonkwo,TEN,2023,TE,,7.088441848754883,113.41506958007812,53.215576171875,86.80728149414062,5.425455093383789,103.15831756591797,120.0677490234375,20,False,112.23047828674316,12.0,-25.42319679260254,111,3
00-0036945,Justin Fields,CHI,2023,QB,13.001429,17.705617904663086,230.19833374023438,0.003162465989589691,230.19675250723958,14.387297031702474,227.19117736816406,245.3527374267578,16,False,255.802995524602,12.0,-25.60624301736243,112,2
00-0033045,Ezekiel Elliott,NE,2023,RB,,9.836287512769445,157.38060020431112,46.02183596632564,134.3696822211483,8.39810513882177,117.98993606254061,160.30973445414517,31,False,160.07113681793214,24.0,-25.701454596783833,113,4
00-0037741,Jahan Dotson,WAS,2023,WR,,7.966625213623047,127.46600341796875,47.45740509033203,103.73730087280273,6.483581304550171,122.28462219238281,132.39401245117188,46,False,129.85909843444824,36.0,-26.121797561645508,114,6
00-0036980,Elijah Moore,CLE,2023,WR,,8.185998916625977,130.97598266601562,57.466575622558594,102.24269485473633,6.3901684284210205,115.47249603271484,137.41395568847656,44,False,129.85909843444824,36.0,-27.616403579711914,115,6
00-0033943,Josh Reynolds,DET,2023,WR,,7.514976978302002,120.23963165283203,37.19358444213867,101.6428394317627,6.3526774644851685,98.84458923339844,128.3134307861328,49,False,129.85909843444824,36.0,-28.216259002685547,116,6
00-0030565,Geno Smith,SEA,2023,QB,15.022669,15.182249069213867,228.07789611816406,0.9869219660758972,227.5844351351261,14.224027195945382,226.47125244140625,238.52432250976562,17,False,255.802995524602,12.0,-28.218560389475897,117,2
00-0036875,Rhamondre Stevenson,NE,2023,RB,,9.4281435095195,150.850296152312,38.17403412959251,131.76327908751577,8.235204942969736,148.09284448058375,214.66656126582404,32,False,160.07113681793214,24.0,-28.307857730416373,118,4
00-0033110,Tyler Higbee,LA,2023,TE,,6.713649749755859,107.41839599609375,47.15865707397461,83.83906745910645,5.239941716194153,77.14138793945312,110.22586059570312,22,False,112.23047828674316,12.0,-28.39141082763672,119,3
00-0033009,Tyler Boyd,CIN,2023,WR,,8.164190292358398,130.62704467773438,58.79781723022461,101.22813606262207,6.326758503913879,100.5604248046875,142.4358673095703,45,False,129.85909843444824,36.0,-28.630962371826172,120,6
00-0033895,Gerald Everett,LAC,2023,TE,,6.7482008934021,107.9712142944336,49.99897003173828,82.97172927856445,5.185733079910278,83.38185119628906,111.72391510009766,21,False,112.23047828674316,12.0,-29.25874900817871,121,3
00-0036345,K.J. Osborn,MIN,2023,WR,,7.748765468597412,123.9802474975586,49.12664794921875,99.41692352294922,6.213557720184326,112.0065689086914,130.25059509277344,48,False,129.85909843444824,36.0,-30.442174911499023,122,6
00-0038124,Christian Watson,GB,2023,WR,,7.143824577331543,114.30119323730469,31.592084884643555,98.50515079498291,6.156571924686432,104.20409393310547,145.31793212890625,50,False,129.85909843444824,36.0,-31.353947639465332,123,7
00-0038117,Wan'Dale Robinson,NYG,2023,WR,,7.876924514770508,126.03079223632812,56.40402603149414,97.82877922058105,6.114298701286316,62.64167404174805,131.09573364257812,47,False,129.85909843444824,36.0,-32.03031921386719,124,7
00-0036040,Juwan Johnson,NO,2023,TE,,6.109104156494141,97.74566650390625,37.36172103881836,79.06480598449707,4.941550374031067,81.3543930053711,111.51974487304688,24,False,112.23047828674316,12.0,-33.165672302246094,125,3
00-0034777,DJ Chark,CAR,2023,WR,,7.043997287750244,112.7039566040039,36.99063491821289,94.20863914489746,5.888039946556091,99.0843276977539,119.31303405761719,51,False,129.85909843444824,36.0,-35.65045928955078,126,7
00-0037755,Jelani Woods,IND,2023,TE,,5.656558990478516,90.50494384765625,31.824003219604492,74.592942237854,4.662058889865875,71.662353515625,93.12393188476562,25,False,112.23047828674316,12.0,-37.63753604888916,127,3
00-0034972,Alexander Mattison,MIN,2023,RB,,8.508975118079634,136.14360188927415,30.540776804741895,120.8732134869032,7.55457584293145,116.26003624025068,138.14669976236397,36,False,160.07113681793214,24.0,-39.197923331028946,128,5
00-0036988,Josh Palmer,LAC,2023,WR,,6.839877605438232,109.43804168701172,39.27686309814453,89.79961013793945,5.612475633621216,105.89412689208984,136.19021606445312,52,False,129.85909843444824,36.0,-40.05948829650879,129,7
00-0023459,Aaron Rodgers,NYJ,2023,QB,12.702849,16.889854431152344,214.5492706298828,0.4041386544704437,214.3472013026476,13.396700081415474,192.06715393066406,227.04019165039062,18,False,255.802995524602,12.0,-41.45579422195442,130,2
00-0037261,Khalil Shakir,BUF,2023,WR,,6.475973606109619,103.6155776977539,34.79801940917969,86.21656799316406,5.388535499572754,68.04727172851562,111.27361297607422,54,False,129.85909843444824,36.0,-43.64253044128418,131,7
00-0036936,Rondale Moore,ARI,2023,WR,,6.609403610229492,105.75045776367188,39.587642669677734,85.95663642883301,5.372289776802063,102.13319396972656,132.53955078125,53,False,129.85909843444824,36.0,-43.902462005615234,132,7
00-0036328,Antonio Gibson,WAS,2023,RB,,8.719161017233178,139.50657627573085,48.64717471431495,115.18298891857339,7.198936807410837,131.07304973782456,177.1335681356003,35,False,160.07113681793214,24.0,-44.888147899358756,133,5
00-0036849,Tutu Atwell,LA,2023,WR,,6.448886394500732,103.18218231201172,36.968284606933594,84.69804000854492,5.293627500534058,60.70304870605469,110.62966918945312,55,False,129.85909843444824,36.0,-45.16105842590332,134,7
00-0037252,Greg Dulcich,DEN,2023,TE,,5.33486270904541,85.35780334472656,36.819522857666016,66.94804191589355,4.184252619743347,67.07489013671875,110.3937759399414,26,False,112.23047828674316,12.0,-45.28243637084961,135,4
00-0037664,Alec Pierce,IND,2023,WR,,6.276495933532715,100.42393493652344,33.20648956298828,83.8206901550293,5.238793134689331,95.75798797607422,132.21832275390625,56,False,129.85909843444824,36.0,-46.038408279418945,136,7
00-0033856,Leonard Fournette,BUF,2023,RB,,8.042650958432636,128.68241533492218,32.28157875262084,112.54162595861175,7.033851622413234,96.46086744899867,164.15046116165067,37,False,160.07113681793214,24.0,-47.529510859320396,137,5
00-0037265,Snoop Conner,JAX,2023,RB,,7.667013778686524,122.67222045898438,20.48543025970459,112.42950532913208,7.026844083070755,42.10572135925293,135.80734512329101,39,False,160.07113681793214,24.0,-47.64163148880006,138,5
00-0033293,Aaron Jones,GB,2023,RB,,7.854303098191634,125.66884957106615,27.809473511554216,111.76411281528904,6.985257050955565,122.04798044307849,171.10761574277154,38,False,160.07113681793214,24.0,-48.307024002643104,139,5
00-0034764,Michael Gallup,DAL,2023,WR,,6.267911434173584,100.28658294677734,37.85420227050781,81.35948181152344,5.084967613220215,90.8747329711914,144.71310424804688,57,False,129.85909843444824,36.0,-48.499616622924805,140,7
00-0036894,Pat Freiermuth,PIT,2023,TE,,4.9337077140808105,78.93932342529297,33.41541290283203,62.23161697387695,3.8894760608673096,77.59723663330078,171.26170349121094,27,False,112.23047828674316,12.0,-49.99886131286621,141,4
00-0036906,Khalil Herbert,CHI,2023,RB,,7.4814034662468645,119.70245545994983,20.318347958963592,109.54328148046802,6.8464550925292516,114.50353517259498,161.16171706192466,40,False,160.07113681793214,24.0,-50.52785533746412,142,5
00-0035329,Donald Parham,LAC,2023,TE,,4.607525825500488,73.72041320800781,25.740385055541992,60.850220680236816,3.803138792514801,41.624752044677734,78.8612060546875,31,False,112.23047828674316,12.0,-51.38025760650635,143,4
00-0036876,Kylen Granson,IND,2023,TE,,4.755294322967529,76.08470916748047,30.95081901550293,60.609299659729004,3.7880812287330627,66.64827728271484,78.44381713867188,30,False,112.23047828674316,12.0,-51.62117862701416,144,4
00-0035644,Noah Fant,SEA,2023,TE,,4.763966083526611,76.22345733642578,32.769874572753906,59.83852005004883,3.7399075031280518,74.19363403320312,109.75005340576172,29,False,112.23047828674316,12.0,-52.391958236694336,145,4
00-0033307,Kendrick Bourne,NE,2023,WR,,5.895825386047363,94.33320617675781,34.69941711425781,76.9834976196289,4.811468601226807,57.89070510864258,99.12979125976562,58,False,129.85909843444824,36.0,-52.875600814819336,146,7
00-0033591,Noah Brown,HOU,2023,WR,,5.793155193328857,92.69048309326172,31.477752685546875,76.95160675048828,4.809475421905518,49.10233688354492,98.27705383300781,59,False,129.85909843444824,36.0,-52.90749168395996,147,7
00-0034613,Tanner Hudson,CIN,2023,TE,,4.799213886260986,76.78742218017578,37.2524299621582,58.16120719909668,3.6350754499435425,34.66438293457031,79.37055969238281,28,False,112.23047828674316,12.0,-54.069271087646484,148,4
00-0036383,Eno Benjamin,NO,2023,RB,,7.289632334709168,116.63411735534669,27.158971271514893,103.05463171958924,6.440914482474327,74.62252243041992,119.37029846191406,41,False,160.07113681793214,24.0,-57.016505098342904,149,5
00-0034521,Allen Lazard,NYJ,2023,WR,,5.492989540100098,87.88783264160156,31.326705932617188,72.22447967529297,4.5140299797058105,66.4979248046875,159.70315551757812,61,False,129.85909843444824,36.0,-57.63461875915527,150,7
00-0036309,Darnell Mooney,CHI,2023,WR,,5.577584743499756,89.2413558959961,34.157169342041016,72.16277122497559,4.510173201560974,80.3985366821289,150.10247802734375,60,False,129.85909843444824,36.0,-57.696327209472656,151,7
00-0036265,AJ Dillon,GB,2023,RB,,7.00526115904109,112.08417854465743,20.44467859836085,101.86183924547701,6.366364952842313,92.9579368071716,120.15474184207277,42,False,160.07113681793214,24.0,-58.20929757245513,152,5
00-0036637,Noah Gray,KC,2023,TE,,4.234986782073975,67.7597885131836,28.07798194885254,53.720797538757324,3.3575498461723328,49.360595703125,70.43683624267578,34,False,112.23047828674316,12.0,-58.50968074798584,153,4
00-0034829,Mike Gesicki,NE,2023,TE,,4.248459815979004,67.97535705566406,29.609264373779297,53.170724868774414,3.323170304298401,65.73970031738281,105.79146575927734,33,False,112.23047828674316,12.0,-59.05975341796875,154,4
00-0034798,Durham Smythe,MIA,2023,TE,,4.344189643859863,69.50703430175781,33.667903900146484,52.67308235168457,3.2920676469802856,40.763282775878906,70.94120025634766,32,False,112.23047828674316,12.0,-59.557395935058594,155,4
00-0032775,Demarcus Robinson,LA,2023,WR,,5.0920186042785645,81.47229766845703,24.273977279663086,69.33530902862549,4.333456814289093,45.93192672729492,85.6540756225586,67,False,129.85909843444824,36.0,-60.523789405822754,156,7
00-0035289,Gardner Minshew,IND,2023,QB,15.90942,12.265996932983398,195.1448974609375,0.009165320545434952,195.14031480066478,12.196269675041549,97.24722290039062,195.1609344482422,19,False,255.802995524602,12.0,-60.66268072393723,157,2
00-0034386,Justin Watson,KC,2023,WR,,5.116381645202637,81.86210632324219,25.48333168029785,69.12044048309326,4.320027530193329,57.13829040527344,87.90967559814453,66,False,129.85909843444824,36.0,-60.73865795135498,158,7
00-0032464,Kalif Raymond,DET,2023,WR,,5.248053073883057,83.9688491821289,29.767070770263672,69.08531379699707,4.317832112312317,63.77968215942383,93.7596664428711,63,False,129.85909843444824,36.0,-60.77378463745117,159,7
00-0036244,Colby Parkinson,SEA,2023,TE,,3.9150733947753906,62.64117431640625,24.757278442382812,50.262535095214844,3.1414084434509277,57.608028411865234,68.05632019042969,35,False,112.23047828674316,12.0,-61.96794319152832,160,4
00-0030431,Robert Woods,HOU,2023,WR,,5.436468601226807,86.9834976196289,38.407527923583984,67.77973365783691,4.236233353614807,80.60050201416016,92.03900146484375,62,False,129.85909843444824,36.0,-62.07936477661133,161,7
00-0033923,Kareem Hunt,CLE,2023,RB,,6.548467862532614,104.77548580052182,13.905278937282993,97.82284633188033,6.1139278957425205,57.42215375880686,108.34979691397727,46,False,160.07113681793214,24.0,-62.248290486051815,162,5
00-0031549,Nelson Agholor,BAL,2023,WR,,5.124446392059326,81.99114227294922,29.01264762878418,67.48481845855713,4.217801153659821,42.14975357055664,92.57402038574219,65,False,129.85909843444824,36.0,-62.37427997589111,163,7
00-0035864,Kendall Hinton,DEN,2023,WR,,5.071101188659668,81.13761901855469,28.03736686706543,67.11893558502197,4.194933474063873,53.2448616027832,87.787109375,68,False,129.85909843444824,36.0,-62.74016284942627,164,7
00-0035689,Dawson Knox,BUF,2023,TE,,3.863649845123291,61.818397521972656,25.973682403564453,48.83155632019043,3.051972270011902,56.39739227294922,137.7262420654297,36,False,112.23047828674316,12.0,-63.398921966552734,165,4
00-0036422,Adam Trautman,DEN,2023,TE,,3.6948695182800293,59.11791229248047,21.294910430908203,48.47045707702637,3.029403567314148,43.91181945800781,60.25077819824219,37,False,112.23047828674316,12.0,-63.7600212097168,166,4
00-0034411,Russell Gage,TB,2023,WR,,4.972777366638184,79.56443786621094,27.407073974609375,65.86090087890625,4.116306304931641,52.766788482666016,96.56204986572266,69,False,129.85909843444824,36.0,-63.99819755554199,167,7
00-0033891,Zay Jones,JAX,2023,WR,,5.168316841125488,82.69306945800781,35.0615348815918,65.16230201721191,4.072643876075745,79.20233917236328,149.8639678955078,64,False,129.85909843444824,36.0,-64.69679641723633,168,7
00-0037005,Tommy Tremble,CAR,2023,TE,,3.6477243900299072,58.363590240478516,22.319046020507812,47.20406723022461,2.950254201889038,44.480831146240234,60.36440658569336,39,False,112.23047828674316,12.0,-65.02641105651855,169,4
00-0034975,Justice Hill,BAL,2023,RB,,6.724267596797043,107.58828154875269,27.36148094239911,93.90754107755313,5.869221317347071,75.14275210840746,109.29722584452229,43,False,160.07113681793214,24.0,-66.16359574037901,170,5
00-0037240,Jameson Williams,DET,2023,WR,,4.68832540512085,75.0132064819336,23.364416122436523,63.33099842071533,3.9581874012947083,54.77280807495117,81.54963684082031,70,False,129.85909843444824,36.0,-66.52810001373291,171,7
00-0035624,N'Keal Harry,MIN,2023,TE,,3.569269895553589,57.10831832885742,23.397869110107422,45.40938377380371,2.838086485862732,38.82582473754883,80.35382080078125,41,False,112.23047828674316,12.0,-66.82109451293945,172,4
00-0037286,Kevin Harris,NE,2023,RB,,6.313435988426209,101.01497581481934,15.806848258972169,93.11155168533325,5.819471980333328,40.7632173538208,117.83412330627442,48,False,160.07113681793214,24.0,-66.95958513259889,173,5
00-0033576,Eric Saubert,HOU,2023,TE,,3.571174144744873,57.13878631591797,23.886245727539062,45.19566345214844,2.8247289657592773,40.427608489990234,65.27906799316406,40,False,112.23047828674316,12.0,-67.03481483459473,174,4
00-0030061,Zach Ertz,DET,2023,TE,,3.655564546585083,58.48903274536133,28.098779678344727,44.439642906188965,2.7774776816368103,52.180335998535156,120.02637481689453,38,False,112.23047828674316,12.0,-67.7908353805542,175,4
00-0033217,Mo Alie-Cox,IND,2023,TE,,3.2104809284210205,51.36769485473633,14.915181159973145,43.910104274749756,2.7443815171718597,48.59282684326172,62.4068489074707,45,False,112.23047828674316,12.0,-68.32037401199341,176,4
00-0036182,Nick Westbrook-Ikhine,TEN,2023,WR,,4.621716499328613,73.94746398925781,26.103246688842773,60.895840644836426,3.8059900403022766,39.36516571044922,82.43914031982422,73,False,129.85909843444824,36.0,-68.96325778961182,177,7
00-0035249,Josh Oliver,MIN,2023,TE,,3.381135940551758,54.098175048828125,22.219594955444336,42.98837757110596,2.6867735981941223,47.568634033203125,67.08134460449219,42,False,112.23047828674316,12.0,-69.2421007156372,178,4
00-0036556,Brevin Jordan,HOU,2023,TE,,3.188939094543457,51.02302551269531,17.0360050201416,42.50502300262451,2.656563937664032,49.49020004272461,64.75550079345703,46,False,112.23047828674316,12.0,-69.72545528411865,179,4
00-0036165,Isaiah Hodgins,NYG,2023,WR,,4.484115123748779,71.74584197998047,24.16240882873535,59.66463756561279,3.7290398478507996,63.45317077636719,130.57388305664062,75,False,129.85909843444824,36.0,-70.19446086883545,180,7
00-0034816,Ronald Jones,DAL,2023,RB,,6.086435618194956,97.3829698911193,15.096194599577208,89.8348725913307,5.614679536958168,62.963289192090045,96.54324982462315,49,False,160.07113681793214,24.0,-70.23626422660145,181,5
00-0038090,Skyy Moore,KC,2023,WR,,4.586054801940918,73.37687683105469,28.24112892150879,59.25631237030029,3.7035195231437683,57.21322250366211,130.54734802246094,74,False,129.85909843444824,36.0,-70.60278606414795,182,7
00-0027942,A.J. Green,ARI,2023,WR,,4.372805595397949,69.96488952636719,21.768224716186523,59.080777168273926,3.6925485730171204,40.81504821777344,78.28924560546875,78,False,129.85909843444824,36.0,-70.77832126617432,183,7
00-0036550,Rashod Bateman,BAL,2023,WR,,4.653270721435547,74.45233154296875,30.8087100982666,59.04797649383545,3.6904985308647156,63.2465705871582,77.75843048095703,71,False,129.85909843444824,36.0,-70.8111219406128,184,7
00-0034073,Ross Dwelley,SF,2023,TE,,3.017803907394409,48.28486251831055,13.818243026733398,41.37574100494385,2.5859838128089905,29.54191017150879,63.26365661621094,48,False,112.23047828674316,12.0,-70.85473728179932,185,4
00-0032398,Chris Moore,TEN,2023,WR,,4.385889530181885,70.17423248291016,23.42314338684082,58.462660789489746,3.653916299343109,52.064117431640625,70.92047119140625,77,False,129.85909843444824,36.0,-71.3964376449585,186,7
00-0031547,DeVante Parker,NE,2023,WR,,4.6488728523254395,74.38196563720703,32.38634490966797,58.18879318237305,3.6367995738983154,69.97174072265625,92.94451141357422,72,False,129.85909843444824,36.0,-71.6703052520752,187,7
00-0036219,Marquez Callaway,NO,2023,WR,,4.4236602783203125,70.778564453125,25.281049728393555,58.13803958892822,3.633627474308014,60.32477569580078,92.2024154663086,76,False,129.85909843444824,36.0,-71.72105884552002,188,7
00-0036919,Kenny Gainwell,PHI,2023,RB,,6.514494409561157,104.23191055297852,31.92714548110962,88.26833781242371,5.516771113276482,101.21529113769532,149.64042617797853,47,False,160.07113681793214,24.0,-71.80279900550843,189,5
00-0034981,Foster Moreau,NO,2023,TE,,3.217435359954834,51.478965759277344,22.39371681213379,40.28210735321045,2.517631709575653,46.59297180175781,66.96688079833984,44,False,112.23047828674316,12.0,-71.94837093353271,190,4
00-0037258,Dameon Pierce,HOU,2023,RB,,5.948300685882568,95.17281097412109,15.169134397506713,87.58824377536774,5.474265235960484,86.90975479125977,202.0834507751465,50,False,160.07113681793214,24.0,-72.4828930425644,191,5
00-0038115,Daniel Bellinger,NYG,2023,TE,,3.236358165740967,51.78173065185547,24.89664077758789,39.33341026306152,2.458338141441345,49.80319595336914,62.45154571533203,43,False,112.23047828674316,12.0,-72.89706802368164,192,4
00-0036493,Deon Jackson,NYG,2023,RB,,6.637841844558716,106.20546951293946,38.252171936035154,87.07938354492188,5.442461471557618,73.22600456237794,114.49669761657715,45,False,160.07113681793214,24.0,-72.99175327301026,193,6
00-0031273,Cameron Brate,TB,2023,TE,,2.938201427459717,47.01122283935547,18.74907684326172,37.63668441772461,2.352292776107788,40.48080062866211,67.71540832519531,50,False,112.23047828674316,12.0,-74.59379386901855,194,4
00-0034418,Cedrick Wilson Jr.,MIA,2023,WR,,4.128663063049316,66.05860900878906,21.80593490600586,55.15564155578613,3.4472275972366333,52.310420989990234,69.51067352294922,81,False,129.85909843444824,36.0,-74.70345687866211,195,7
00-0033526,Samaje Perine,DEN,2023,RB,,6.6565065122841975,106.50410419654716,42.573415019866296,85.21739668661401,5.326087292913376,79.35001748233198,111.41365991136786,44,False,160.07113681793214,24.0,-74.85374013131813,196,6
00-0034301,Darrel Williams,NO,2023,RB,,5.934495173378566,94.95192277405705,20.01886084152525,84.94249235329443,5.308905772080902,64.70671735535086,90.68192762887944,51,False,160.07113681793214,24.0,-75.12864446463772,197,6
00-0032392,Austin Hooper,LV,2023,TE,,3.1057403087615967,49.69184494018555,25.207130432128906,37.088279724121094,2.3180174827575684,48.34528350830078,89.93646240234375,47,False,112.23047828674316,12.0,-75.14219856262207,198,5
00-0037277,Teagan Quitoriano,HOU,2023,TE,,2.962656021118164,47.402496337890625,21.706159591674805,36.54941654205322,2.2843385338783264,45.51441192626953,68.1817398071289,49,False,112.23047828674316,12.0,-75.68106174468994,199,5
00-0031382,Jarvis Landry,NO,2023,WR,,4.218902111053467,67.50243377685547,26.657230377197266,54.173818588256836,3.3858636617660522,52.45927047729492,81.15118408203125,79,False,129.85909843444824,36.0,-75.6852798461914,200,7
00-0034011,Dan Arnold,JAX,2023,TE,,2.79522705078125,44.7236328125,16.755739212036133,36.345763206481934,2.271610200405121,29.97713279724121,51.75254821777344,51,False,112.23047828674316,12.0,-75.88471508026123,201,5
00-0034253,Dontrell Hilliard,TEN,2023,RB,,5.745158666519985,91.92253866431976,16.80190529051095,83.52158601906429,5.220099126191518,57.47650058960441,93.95099455951583,54,False,160.07113681793214,24.0,-76.54955079886786,202,6
00-0035500,Greg Dortch,ARI,2023,WR,,4.0972442626953125,65.555908203125,24.570171356201172,53.270822525024414,3.329426407814026,64.26262664794922,99.12332153320312,82,False,129.85909843444824,36.0,-76.58827590942383,203,7
00-0037157,Bam Knight,DET,2023,RB,,5.8951247119903565,94.3219953918457,21.944085483551024,83.3499526500702,5.209372040629387,77.83955932617188,129.29758827209474,52,False,160.07113681793214,24.0,-76.72118416786195,204,6
00-0034272,Marquez Valdes-Scantling,KC,2023,WR,,3.954514265060425,63.2722282409668,20.6321964263916,52.956130027770996,3.3097581267356873,57.11133575439453,117.0784912109375,84,False,129.85909843444824,36.0,-76.90296840667725,205,7
00-0033879,O.J. Howard,HOU,2023,TE,,2.761765480041504,44.18824768066406,18.015701293945312,35.180397033691406,2.198774814605713,35.41111755371094,57.637481689453125,53,False,112.23047828674316,12.0,-77.05008125305176,206,5
00-0034830,Hayden Hurst,CAR,2023,TE,,2.7799429893493652,44.479087829589844,18.963497161865234,34.99733924865723,2.1873337030410767,42.76633071899414,95.72066497802734,52,False,112.23047828674316,12.0,-77.23313903808594,207,5
00-0031690,Eric Tomlinson,IND,2023,TE,,2.49564266204834,39.93028259277344,10.562932014465332,34.64881658554077,2.165551036596298,23.87924575805664,50.404144287109375,56,False,112.23047828674316,12.0,-77.58166170120239,208,5
00-0034750,Rashaad Penny,PHI,2023,RB,,5.3970975964955485,86.35356154392878,8.518969262845708,82.09407691250593,5.13087980703162,73.79748695498864,107.9881850585311,57,False,160.07113681793214,24.0,-77.97705990542622,209,6
00-0033857,JuJu Smith-Schuster,NE,2023,WR,,4.200385570526123,67.20616912841797,31.079574584960938,51.6663818359375,3.2291488647460938,62.67812728881836,147.54983520507812,80,False,129.85909843444824,36.0,-78.19271659851074,210,7
00-0036232,Harrison Bryant,CLE,2023,TE,,2.506117582321167,40.09788131713867,12.49842643737793,33.84866809844971,2.1155417561531067,35.846073150634766,50.124244689941406,55,False,112.23047828674316,12.0,-78.38181018829346,211,5
00-0037382,Brandon Johnson,DEN,2023,WR,,3.657118558883667,58.51389694213867,14.445455551147461,51.29116916656494,3.205698072910309,24.989688873291016,65.48480224609375,90,False,129.85909843444824,36.0,-78.5679292678833,212,7
00-0034159,Will Dissly,SEA,2023,TE,,2.6533915996551514,42.45426559448242,18.290681838989258,33.30892467498779,2.081807792186737,40.918880462646484,68.5539779663086,54,False,112.23047828674316,12.0,-78.92155361175537,213,5
00-0034845,Sony Michel,LA,2023,RB,,5.7732683449881605,92.37229351981057,22.55083939358439,81.09687382301837,5.068554613938648,57.96023021426453,98.47876963161754,53,False,160.07113681793214,24.0,-78.97426299491377,214,6
00-0034646,Brandon Powell,MIN,2023,WR,,4.000598430633545,64.00957489013672,26.737388610839844,50.6408805847168,3.1650550365448,18.267818450927734,67.22404479980469,83,False,129.85909843444824,36.0,-79.21821784973145,215,7
00-0033925,D'Onta Foreman,CHI,2023,RB,,5.328871469265953,85.26194350825524,9.868550635878963,80.32766819031576,5.020479261894735,83.27648681922615,105.3017819031096,58,False,160.07113681793214,24.0,-79.74346862761638,216,6
00-0036259,Jauan Jennings,SF,2023,WR,,3.818251132965088,61.092018127441406,22.56151580810547,49.81126022338867,3.113203763961792,54.4948616027832,84.1698989868164,86,False,129.85909843444824,36.0,-80.04783821105957,217,7
00-0038122,Desmond Ridder,ATL,2023,QB,14.903839,11.797940254211426,175.83460998535156,0.9774317741394043,175.34589409828186,10.959118381142616,161.44285583496094,194.5272674560547,20,False,255.802995524602,12.0,-80.45710142632015,218,3
00-0035544,Tom Kennedy,DET,2023,WR,,3.585601568222046,57.369625091552734,16.952816009521484,48.89321708679199,3.0558260679244995,38.485992431640625,71.19995880126953,91,False,129.85909843444824,36.0,-80.96588134765625,219,7
00-0033439,Pharaoh Brown,NE,2023,TE,,2.328883171081543,37.26213073730469,12.747186660766602,30.888537406921387,1.9305335879325867,31.629701614379883,41.540252685546875,58,False,112.23047828674316,12.0,-81.34194087982178,220,5
00-0035341,Trenton Irwin,CIN,2023,WR,,3.727924108505249,59.646785736083984,22.845407485961914,48.22408199310303,3.014005124568939,55.22381591796875,64.44561004638672,87,False,129.85909843444824,36.0,-81.63501644134521,221,7
00-0037291,Jalen Nailor,MIN,2023,WR,,3.6594626903533936,58.5514030456543,20.731216430664062,48.185794830322266,3.0116121768951416,34.34624481201172,74.2824935913086,89,False,129.85909843444824,36.0,-81.67330360412598,222,7
00-0036255,Denzel Mims,PIT,2023,WR,,3.5011115074157715,56.017784118652344,17.930866241455078,47.052350997924805,2.9407719373703003,37.29806900024414,60.336578369140625,92,False,129.85909843444824,36.0,-82.80674743652344,223,7
00-0036534,Shane Zylstra,DET,2023,TE,,2.1643974781036377,34.6303596496582,10.943047523498535,29.158835887908936,1.8224272429943085,28.43201446533203,48.58571243286133,60,False,112.23047828674316,12.0,-83.07164239883423,224,5
00-0034970,Irv Smith,CIN,2023,TE,,2.3474535942077637,37.55925750732422,18.91876792907715,28.099873542785645,1.7562420964241028,34.13444519042969,100.34487915039062,57,False,112.23047828674316,12.0,-84.13060474395752,225,5
00-0035243,Miles Sanders,CAR,2023,RB,,5.54685422841202,88.74966765459232,25.778813963164865,75.86026067300988,4.741266292063117,86.24605473951146,146.58071950955556,56,False,160.07113681793214,24.0,-84.21087614492227,226,6
00-0034983,Hunter Renfrow,LV,2023,WR,,3.706413984298706,59.3026237487793,27.35207748413086,45.62658500671387,2.8516615629196167,51.87653732299805,98.56192779541016,88,False,129.85909843444824,36.0,-84.23251342773438,227,7
00-0031428,Allen Robinson,PIT,2023,WR,,3.854644536972046,61.674312591552734,32.2261848449707,45.56122016906738,2.8475762605667114,61.856441497802734,88.50530242919922,85,False,129.85909843444824,36.0,-84.29787826538086,228,7
00-0033246,Johnny Mundt,MIN,2023,TE,,2.200571298599243,35.20914077758789,15.403368949890137,27.507456302642822,1.7192160189151764,11.174556732177734,38.82696533203125,59,False,112.23047828674316,12.0,-84.72302198410034,229,5
00-0037742,Treylon Burks,TEN,2023,WR,,3.4574787616729736,55.31966018676758,22.13542938232422,44.25194549560547,2.765746593475342,44.936866760253906,111.8171615600586,93,False,129.85909843444824,36.0,-85.60715293884277,230,7
00-0032214,Tyler Kroft,MIA,2023,TE,,1.9572885036468506,31.31661605834961,9.568954467773438,26.53213882446289,1.6582586765289307,21.375850677490234,40.482940673828125,65,False,112.23047828674316,12.0,-85.69833946228027,231,5
00-0032394,Nick Vannett,LAC,2023,TE,,1.9950624704360962,31.92099952697754,11.001322746276855,26.42033815383911,1.6512711346149445,26.67045783996582,42.52085876464844,64,False,112.23047828674316,12.0,-85.81014013290405,232,5
00-0035831,James Robinson,NO,2023,RB,,5.056905534353915,80.91048854966265,13.903199256137167,73.95888892159407,4.622430557599629,70.26629279327915,103.4045988519709,60,False,160.07113681793214,24.0,-86.11224789633808,233,6
00-0034765,Tre'Quan Smith,DEN,2023,WR,,3.114713668823242,49.835418701171875,12.32473373413086,43.673051834106445,2.729565739631653,34.14036560058594,56.8263053894043,97,False,129.85909843444824,36.0,-86.1860466003418,234,7
00-0033555,Mack Hollins,ATL,2023,WR,,3.4219672679901123,54.7514762878418,22.535680770874023,43.483635902404785,2.717727243900299,43.88759231567383,103.9521713256836,95,False,129.85909843444824,36.0,-86.37546253204346,235,7
00-0036754,Brock Wright,DET,2023,TE,,2.0555262565612793,32.88842010498047,14.596696853637695,25.59007167816162,1.5993794798851013,28.710891723632812,95.65963745117188,61,False,112.23047828674316,12.0,-86.64040660858154,236,5
00-0036423,Albert Okwuegbunam,PHI,2023,TE,,2.0264053344726562,32.4224853515625,14.415687561035156,25.214641571044922,1.5759150981903076,24.83086395263672,48.203548431396484,62,False,112.23047828674316,12.0,-87.01583671569824,237,5
00-0037011,Tre' McKitty,BUF,2023,TE,,1.9329614639282227,30.927383422851562,11.700830459594727,25.0769681930542,1.5673105120658875,20.90952491760254,40.1616325378418,67,False,112.23047828674316,12.0,-87.15351009368896,238,5
00-0032063,Mike Davis,BAL,2023,RB,,5.568038352467604,89.08861363948166,32.623250075776966,72.77698860159319,4.548561787599574,62.343128866552085,118.92997994330874,55,False,160.07113681793214,24.0,-87.29414821633895,239,6
00-0031585,MyCole Pruitt,ATL,2023,TE,,1.8243229389190674,29.189167022705078,9.701767921447754,24.3382830619812,1.521142691373825,26.30838394165039,55.82078170776367,69,False,112.23047828674316,12.0,-87.89219522476196,240,5
00-0034419,Braxton Berrios,MIA,2023,WR,,3.4392926692962646,55.028682708740234,26.314823150634766,41.87127113342285,2.6169544458389282,44.41236114501953,58.37748718261719,94,False,129.85909843444824,36.0,-87.98782730102539,241,7
00-0033455,Anthony Firkser,DET,2023,TE,,2.0011179447174072,32.017887115478516,16.563081741333008,23.73634624481201,1.4835216403007507,27.852230072021484,43.27116394042969,63,False,112.23047828674316,12.0,-88.49413204193115,242,5
00-0036913,Kadarius Toney,KC,2023,WR,,3.363098382949829,53.809574127197266,25.89128303527832,40.863932609558105,2.5539957880973816,49.68399429321289,69.06147003173828,96,False,129.85909843444824,36.0,-88.99516582489014,243,7
00-0033118,Kenyan Drake,GB,2023,RB,,4.96792223653591,79.48675578457456,18.04602673499899,70.46374241707505,4.403983901067191,60.877127278228066,85.40844427538276,62,False,160.07113681793214,24.0,-89.60739440085709,244,6
00-0036628,John Bates,WAS,2023,TE,,1.9398760795593262,31.03801727294922,17.166902542114258,22.45456600189209,1.4034103751182556,24.345937728881836,34.0650520324707,66,False,112.23047828674316,12.0,-89.77591228485107,245,5
00-0033572,Jamal Agnew,JAX,2023,WR,,3.026165723800659,48.41865158081055,17.233001708984375,39.80215072631836,2.4876344203948975,41.596797943115234,80.99110412597656,98,False,129.85909843444824,36.0,-90.05694770812988,246,7
00-0036959,Michael Bandy,DEN,2023,WR,,3.0246236324310303,48.393978118896484,17.2587833404541,39.764586448669434,2.4852866530418396,27.086828231811523,69.05093383789062,99,False,129.85909843444824,36.0,-90.09451198577881,247,7
00-0035547,Joseph Fortson,KC,2023,TE,,1.850435733795166,29.606971740722656,14.975152015686035,22.11939573287964,1.3824622333049774,26.00299644470215,50.26575469970703,68,False,112.23047828674316,12.0,-90.11108255386353,248,5
00-0036991,Amari Rodgers,IND,2023,WR,,2.9468510150909424,47.14961624145508,15.475360870361328,39.411935806274414,2.463245987892151,33.98268127441406,62.302490234375,102,False,129.85909843444824,36.0,-90.44716262817383,249,7
00-0032602,J.D. McKissic,WAS,2023,RB,,5.176797429798891,82.82875887678226,26.438161673131336,69.6096780402166,4.350604877513537,63.972508430245966,91.26034406663292,59,False,160.07113681793214,24.0,-90.46145877771555,250,6
00-0031325,Sammy Watkins,BAL,2023,WR,,3.0185134410858154,48.29621505737305,18.192575454711914,39.19992733001709,2.449995458126068,33.73810958862305,65.0141830444336,100,False,129.85909843444824,36.0,-90.65917110443115,251,7
00-0033757,Robert Tonyan,CHI,2023,TE,,1.7209744453430176,27.53559112548828,12.3006591796875,21.38526153564453,1.3365788459777832,22.79097557067871,100.92813110351562,71,False,112.23047828674316,12.0,-90.84521675109863,252,5
00-0036887,Luke Farrell,JAX,2023,TE,,1.7075045108795166,27.320072174072266,12.333353042602539,21.153395652770996,1.3220872282981873,23.527339935302734,36.51582717895508,72,False,112.23047828674316,12.0,-91.07708263397217,253,5
00-0034364,Jordan Akins,CLE,2023,TE,,1.786718726158142,28.587499618530273,15.502643585205078,20.836177825927734,1.3022611141204834,27.929243087768555,60.782875061035156,70,False,112.23047828674316,12.0,-91.39430046081543,254,5
00-0035208,Olamide Zaccheaus,PHI,2023,WR,,2.883892774581909,46.14228439331055,16.01095962524414,38.13680458068848,2.38355028629303,39.75733947753906,108.57859802246094,105,False,129.85909843444824,36.0,-91.72229385375977,255,7
00-0027981,Kyle Rudolph,TB,2023,TE,,1.55185067653656,24.82961082458496,9.131827354431152,20.263697147369385,1.2664810717105865,22.141761779785156,39.21720504760742,73,False,112.23047828674316,12.0,-91.96678113937378,256,5
00-0032980,Marcus Johnson,NYG,2023,WR,,2.7155494689941406,43.44879150390625,11.357333183288574,37.77012491226196,2.3606328070163727,30.179214477539062,66.85343170166016,109,False,129.85909843444824,36.0,-92.08897352218628,257,7
00-0035021,Ashton Dulin,IND,2023,WR,,2.9467549324035645,47.14807891845703,18.847644805908203,37.72425651550293,2.357766032218933,38.99940490722656,70.97347259521484,103,False,129.85909843444824,36.0,-92.13484191894531,258,7
00-0030456,Giovani Bernard,TB,2023,RB,,4.909667614921163,78.5546818387386,21.98208972131937,67.56363697807892,4.222727311129932,56.62911551128912,94.31494287479096,63,False,160.07113681793214,24.0,-92.50749983985322,259,6
00-0032134,C.J. Uzomah,NYJ,2023,TE,,1.5189415216445923,24.303064346313477,9.217631340026855,19.69424867630005,1.230890542268753,20.252376556396484,73.81549835205078,74,False,112.23047828674316,12.0,-92.53622961044312,260,5
00-0036271,Quez Watkins,PHI,2023,WR,,2.8943870067596436,46.3101921081543,18.31692123413086,37.15173149108887,2.321983218193054,39.881874084472656,91.99860382080078,104,False,129.85909843444824,36.0,-92.70736694335938,261,7
00-0038040,Zamir White,LV,2023,RB,,4.679598174095154,74.87357078552246,15.20864384651184,67.26924886226654,4.2043280538916585,47.04186229705811,79.5684822845459,65,False,160.07113681793214,24.0,-92.8018879556656,262,6
00-0037801,KaVontae Turpin,DAL,2023,WR,,2.6209733486175537,41.93557357788086,9.82114315032959,37.025002002716064,2.314062625169754,16.013301849365234,55.22613525390625,112,False,129.85909843444824,36.0,-92.83409643173218,263,7
00-0036415,Van Jefferson,ATL,2023,WR,,2.9765493869781494,47.62479019165039,21.312591552734375,36.9684944152832,2.3105309009552,44.17190933227539,106.67073822021484,101,False,129.85909843444824,36.0,-92.89060401916504,264,7
00-0037078,Cole Turner,WAS,2023,TE,,1.517156958580017,24.274511337280273,11.020220756530762,18.764400959014893,1.1727750599384308,22.48060417175293,32.19963073730469,75,False,112.23047828674316,12.0,-93.46607732772827,265,5
00-0037257,David Bell,CLE,2023,WR,,2.7119388580322266,43.391021728515625,14.140094757080078,36.320974349975586,2.270060896873474,43.668190002441406,73.11505126953125,110,False,129.85909843444824,36.0,-93.53812408447266,266,7
00-0037617,Hassan Haskins,TEN,2023,RB,,4.680721416473388,74.89154266357421,16.990524711608888,66.39628030776977,4.149767519235611,51.88461547851563,98.75308097839356,64,False,160.07113681793214,24.0,-93.67485651016237,267,6
00-0037086,Grant Calcaterra,PHI,2023,TE,,1.382115125656128,22.113842010498047,8.02110481262207,18.10328960418701,1.1314556002616882,13.267044067382812,34.066898345947266,78,False,112.23047828674316,12.0,-94.12718868255615,268,5
00-0033932,Kenny Golladay,NYG,2023,WR,,2.7641286849975586,44.22605895996094,17.00959587097168,35.7212610244751,2.2325788140296936,28.099939346313477,59.52527618408203,108,False,129.85909843444824,36.0,-94.13783740997314,269,7
00-0034367,Nyheim Hines,BUF,2023,RB,,5.047876425416073,80.76602280665716,30.61029052329667,65.46087754500883,4.091304846563052,61.0783961503788,109.22913954858173,61,False,160.07113681793214,24.0,-94.61025927292332,270,6
00-0035956,Giovanni Ricci,CAR,2023,TE,,1.3617539405822754,21.788063049316406,8.812173843383789,17.38197612762451,1.086373507976532,14.730982780456543,35.02263641357422,79,False,112.23047828674316,12.0,-94.84850215911865,271,5
00-0037594,Julius Chestnut,TEN,2023,RB,,4.547547698020935,72.76076316833496,15.216253604888916,65.1526363658905,4.072039772868156,56.01238731384277,105.92119636535645,67,False,160.07113681793214,24.0,-94.91850045204164,272,6
00-0036590,Quintin Morris,BUF,2023,TE,,1.4213850498199463,22.74216079711914,11.033319473266602,17.22550106048584,1.076593816280365,18.911556243896484,37.12224578857422,77,False,112.23047828674316,12.0,-95.00497722625732,273,5
00-0033871,Corey Davis,NYJ,2023,WR,,2.7898361682891846,44.63737869262695,19.856285095214844,34.70923614501953,2.1693272590637207,44.034706115722656,76.43547058105469,107,False,129.85909843444824,36.0,-95.14986228942871,274,7
00-0035406,Lil'Jordan Humphrey,DEN,2023,WR,,2.4948923587799072,39.918277740478516,10.555229187011719,34.640663146972656,2.165041446685791,20.78912353515625,44.44656753540039,117,False,129.85909843444824,36.0,-95.21843528747559,275,7
00-0030108,Ryan Griffin,CHI,2023,TE,,1.3554540872573853,21.687265396118164,9.643753051757812,16.865388870239258,1.0540868043899536,12.031740188598633,35.05380630493164,80,False,112.23047828674316,12.0,-95.3650894165039,276,5
00-0035345,Chris Myarick,NYG,2023,TE,,1.25564444065094,20.09031105041504,6.759603977203369,16.710509061813354,1.0444068163633347,12.73822021484375,25.032459259033203,82,False,112.23047828674316,12.0,-95.51996922492981,277,5
00-0034286,Richie James,KC,2023,WR,,2.6538283824920654,42.46125411987305,16.416629791259766,34.252939224243164,2.1408087015151978,26.466957092285156,123.09044647216797,111,False,129.85909843444824,36.0,-95.60615921020508,278,7
00-0035664,Darrell Henderson,LA,2023,RB,,4.533893317157973,72.54229307452756,16.50906623178439,64.28775995863536,4.01798499741471,59.154631945553255,99.46634239729426,69,False,160.07113681793214,24.0,-95.78337685929678,279,6
00-0036145,Lawrence Cager,NYG,2023,TE,,1.2100235223770142,19.360376358032227,6.0215888023376465,16.349581956863403,1.0218488723039627,14.40575122833252,48.780662536621094,84,False,112.23047828674316,12.0,-95.88089632987976,280,5
00-0035222,Zach Gentry,LV,2023,TE,,1.4408189058303833,23.053102493286133,13.41382122039795,16.346191883087158,1.0216369926929474,19.473087310791016,35.73932647705078,76,False,112.23047828674316,12.0,-95.884286403656,281,5
00-0037563,Malik Davis,DAL,2023,RB,,4.425295019149781,70.80472030639649,13.580046520233156,64.0146970462799,4.000918565392494,60.07749725341797,89.97146499633789,71,False,160.07113681793214,24.0,-96.05643977165224,282,6
00-0035572,Parker Hesse,ATL,2023,TE,,1.2540541887283325,20.06486701965332,7.828938961029053,16.150397539138794,1.0093998461961746,6.282045364379883,21.572412490844727,83,False,112.23047828674316,12.0,-96.08008074760437,283,5
00-0036671,Dax Milne,WAS,2023,WR,,2.5447354316711426,40.71576690673828,13.967774391174316,33.73187971115112,2.108242481946945,17.061105728149414,45.589908599853516,115,False,129.85909843444824,36.0,-96.12721872329712,284,7
00-0036438,Stephen Sullivan,CAR,2023,TE,,1.3402233123779297,21.443572998046875,10.84326457977295,16.0219407081604,1.001371294260025,12.072318077087402,24.08733558654785,81,False,112.23047828674316,12.0,-96.20853757858276,285,5
00-0031806,Malcolm Brown,LA,2023,RB,,4.579187568061406,73.2670010889825,19.335001179736253,63.59950049911437,3.974968781194648,42.25077411432286,79.03954351264593,66,False,160.07113681793214,24.0,-96.47163631881777,286,6
00-0036626,Dyami Brown,WAS,2023,WR,,2.5403175354003906,40.64508056640625,14.738203048706055,33.27597904205322,2.0797486901283264,34.20924377441406,70.77655029296875,116,False,129.85909843444824,36.0,-96.58311939239502,287,7
00-0037282,James Mitchell,DET,2023,TE,,1.1808931827545166,18.894290924072266,6.87356424331665,15.45750880241394,0.9660943001508713,14.25338363647461,32.91527557373047,86,False,112.23047828674316,12.0,-96.77296948432922,288,5
00-0035215,Deonte Harty,BUF,2023,WR,,2.600872278213501,41.613956451416016,17.12525749206543,33.0513277053833,2.0657079815864563,40.01074981689453,67.55558776855469,113,False,129.85909843444824,36.0,-96.80777072906494,289,7
00-0038104,Tyquan Thornton,NE,2023,WR,,2.5978877544403076,41.56620407104492,17.157102584838867,32.98765277862549,2.061728298664093,30.41259765625,90.03643798828125,114,False,129.85909843444824,36.0,-96.87144565582275,290,7
00-0036482,Mike Strachan,CAR,2023,WR,,2.305263042449951,36.88420867919922,7.964814186096191,32.90180158615112,2.056362599134445,17.833961486816406,39.887176513671875,126,False,129.85909843444824,36.0,-96.95729684829712,291,7
00-0035217,Benny Snell,DET,2023,RB,,4.349307781695341,69.58892450712545,13.640051998729824,62.76889850776054,3.9230561567350337,34.709555624975565,78.71975786181692,73,False,160.07113681793214,24.0,-97.3022383101716,292,6
00-0035806,JaMycal Hasty,NE,2023,RB,,4.540093144583914,72.64149031334263,19.946592994823103,62.668193815931076,3.9167621134956923,54.7098571770294,87.9924459781947,68,False,160.07113681793214,24.0,-97.40294300200107,293,6
00-0036360,Clyde Edwards-Helaire,KC,2023,RB,,4.465030884742737,71.4404941558838,17.59538017272949,62.642804069519045,3.9151752543449403,71.00892547607423,107.09354904174805,70,False,160.07113681793214,24.0,-97.4283327484131,294,6
00-0034860,Dante Pettis,CHI,2023,WR,,2.795367479324341,44.72587966918945,24.621479034423828,32.41514015197754,2.025946259498596,31.04754066467285,70.86756896972656,106,False,129.85909843444824,36.0,-97.4439582824707,295,7
00-0034104,Cam Sims,CAR,2023,WR,,2.3987584114074707,38.38013458251953,12.097640991210938,32.33131408691406,2.020707130432129,26.6298770904541,52.88302230834961,121,False,129.85909843444824,36.0,-97.52778434753418,296,7
00-0026189,DeSean Jackson,BAL,2023,WR,,2.309128999710083,36.94606399536133,9.70515251159668,32.09348773956299,2.0058429837226868,18.219242095947266,45.58146667480469,125,False,129.85909843444824,36.0,-97.76561069488525,297,7
00-0032141,Geoff Swaim,ARI,2023,TE,,1.2076683044433594,19.32269287109375,10.100340843200684,14.272522449493408,0.892032653093338,19.061870574951172,28.41663360595703,85,False,112.23047828674316,12.0,-97.95795583724976,298,5
00-0037168,Armani Rogers,WAS,2023,TE,,1.0212111473083496,16.339378356933594,4.48993444442749,14.094411134719849,0.8809006959199905,9.805394172668457,23.122865676879883,89,False,112.23047828674316,12.0,-98.13606715202332,299,5
00-0032725,Stephen Anderson,LAC,2023,TE,,1.0507938861846924,16.812702178955078,6.029414176940918,13.79799509048462,0.8623746931552887,10.961113929748535,29.583080291748047,88,False,112.23047828674316,12.0,-98.43248319625854,300,5
00-0034407,Ray-Ray McCloud,SF,2023,WR,,2.421590566635132,38.74544906616211,14.677276611328125,31.406810760498047,1.962925672531128,30.33243751525879,80.26119232177734,120,False,129.85909843444824,36.0,-98.4522876739502,301,7
00-0032975,Jonathan Williams,WAS,2023,RB,,4.285215544178419,68.5634487068547,14.2284974232673,61.44919999522105,3.8405749997013157,50.064789698272435,75.73167633537068,76,False,160.07113681793214,24.0,-98.62193682271109,302,6
00-0027944,Julio Jones,PHI,2023,WR,,2.294968605041504,36.71949768066406,11.001293182373047,31.21885108947754,1.9511781930923462,32.93437576293945,50.982177734375,127,False,129.85909843444824,36.0,-98.6402473449707,303,7
00-0029000,Cole Beasley,NYG,2023,WR,,2.4826507568359375,39.722412109375,17.236499786376953,31.104162216186523,1.9440101385116577,33.38024139404297,71.77642822265625,118,False,129.85909843444824,36.0,-98.75493621826172,304,7
00-0036569,Gary Brightwell,NYG,2023,RB,,4.381387805961567,70.10220489538507,17.921821599982522,61.14129409539381,3.821330880962113,44.9810637508656,90.23785496298537,72,False,160.07113681793214,24.0,-98.92984272253833,305,6
00-0027966,Mark Ingram,NO,2023,RB,,4.273848652839661,68.38157844543457,14.804343223571777,60.97940683364868,3.8112129271030426,48.17867660522461,78.46943092346191,77,False,160.07113681793214,24.0,-99.09172998428346,306,6
00-0037387,Jalen Virgil,DEN,2023,WR,,2.2484235763549805,35.97477722167969,10.575299263000488,30.687127590179443,1.9179454743862152,20.286022186279297,43.90283203125,130,False,129.85909843444824,36.0,-99.1719708442688,307,7
00-0035298,Scott Miller,ATL,2023,WR,,2.2835965156555176,36.53754425048828,11.738510131835938,30.668289184570312,1.9167680740356445,37.92567825317383,68.56424713134766,129,False,129.85909843444824,36.0,-99.19080924987793,308,7
00-0036332,Josiah Deguara,GB,2023,TE,,1.1134564876556396,17.815303802490234,9.761306762695312,12.934650421142578,0.8084156513214111,15.532343864440918,43.55397415161133,87,False,112.23047828674316,12.0,-99.29582786560059,309,5
00-0033951,Marlon Mack,ARI,2023,RB,,4.189900417644466,67.03840668231146,12.716672648730789,60.680070357946065,3.792504397371629,43.16141901740792,86.82403228018235,78,False,160.07113681793214,24.0,-99.39106645998608,310,6
00-0035140,Mecole Hardman,KC,2023,WR,,2.4458677768707275,39.13388442993164,18.45478057861328,29.906494140625,1.8691558837890625,29.657835006713867,111.15289306640625,119,False,129.85909843444824,36.0,-99.95260429382324,311,7
00-0037273,Kyle Philips,TEN,2023,WR,,2.3528945446014404,37.64631271362305,15.729687690734863,29.781468868255615,1.861341804265976,31.96540069580078,74.20199584960938,122,False,129.85909843444824,36.0,-100.07762956619263,312,7
00-0031941,Jamison Crowder,WAS,2023,WR,,2.339454174041748,37.43126678466797,15.341785430908203,29.760374069213867,1.8600233793258667,31.634790420532227,51.048988342285156,123,False,129.85909843444824,36.0,-100.09872436523438,313,7
00-0036233,Donovan Peoples-Jones,DET,2023,WR,,2.289973020553589,36.63956832885742,14.3184232711792,29.480356693267822,1.842522293329239,31.70504379272461,114.03437805175781,128,False,129.85909843444824,36.0,-100.37874174118042,314,7
00-0031376,Jerick McKinnon,KC,2023,RB,,4.3424463186257505,69.47914109801201,20.264599398731125,59.346841398646454,3.7091775874154034,68.21503257777574,102.08615996891469,74,False,160.07113681793214,24.0,-100.72429541928568,315,6
00-0036424,Brycen Hopkins,LA,2023,TE,,0.8714185953140259,13.942697525024414,5.003798484802246,11.440798282623291,0.7150498926639557,12.516397476196289,32.40777587890625,91,False,112.23047828674316,12.0,-100.78968000411987,316,5
00-0035771,Mitchell Wilcox,CIN,2023,TE,,0.9785858988761902,15.657374382019043,8.699021339416504,11.307863712310791,0.7067414820194244,13.987030029296875,49.012245178222656,90,False,112.23047828674316,12.0,-100.92261457443237,317,5
00-0024243,Marcedes Lewis,CHI,2023,TE,,0.8204793930053711,13.127670288085938,4.396772384643555,10.92928409576416,0.68308025598526,12.842726707458496,32.232337951660156,93,False,112.23047828674316,12.0,-101.301194190979,318,5
00-0034365,Ian Thomas,CAR,2023,TE,,0.8686193227767944,13.897909164428711,6.680960655212402,10.55742883682251,0.6598393023014069,11.393671989440918,53.17273712158203,92,False,112.23047828674316,12.0,-101.67304944992065,319,5
00-0032688,Robbie Chosen,MIA,2023,WR,,1.9764593839645386,31.623350143432617,6.891572952270508,28.177563667297363,1.7610977292060852,24.141342163085938,68.3505630493164,137,False,129.85909843444824,36.0,-101.68153476715088,320,7
00-0037098,Samori Toure,GB,2023,WR,,2.1215415000915527,33.944664001464844,11.934453964233398,27.977437019348145,1.748589813709259,21.48875617980957,67.71836853027344,133,False,129.85909843444824,36.0,-101.8816614151001,321,7
00-0032144,Melvin Gordon,BAL,2023,RB,,4.291799165613434,68.66878664981495,21.10624339777994,58.11566495092498,3.6322290594328113,56.50198455277899,80.25512272170927,75,False,160.07113681793214,24.0,-101.95547186700716,322,6
00-0034487,Trent Sherfield,BUF,2023,WR,,2.171160936355591,34.73857498168945,13.743471145629883,27.86683940887451,1.741677463054657,28.215116500854492,68.25023651123047,131,False,129.85909843444824,36.0,-101.99225902557373,323,7
00-0036412,KJ Hamler,BUF,2023,WR,,2.163872480392456,34.6219596862793,13.606551170349121,27.818684101104736,1.738667756319046,21.65074920654297,53.21186828613281,132,False,129.85909843444824,36.0,-102.0404143333435,324,7
00-0032208,Phillip Dorsett,DEN,2023,WR,,2.3260879516601562,37.2174072265625,19.04448699951172,27.69516372680664,1.730947732925415,26.65943145751953,56.44015121459961,124,False,129.85909843444824,36.0,-102.1639347076416,325,7
00-0032187,David Johnson,NO,2023,RB,,4.0596686112170834,64.95469777947334,14.685709717768173,57.61184292058925,3.600740182536828,39.83854546956213,79.39868017647055,79,False,160.07113681793214,24.0,-102.45929389734289,326,6
00-0037569,Peyton Hendershot,DAL,2023,TE,,0.7618536353111267,12.189658164978027,5.948361396789551,9.215477466583252,0.5759673416614532,8.40921401977539,54.781150817871094,94,False,112.23047828674316,12.0,-103.01500082015991,327,5
00-0036825,Feleipe Franks,ATL,2023,TE,,0.6919381618499756,11.07101058959961,4.20444917678833,8.968786001205444,0.5605491250753403,7.952098369598389,22.718231201171875,96,False,112.23047828674316,12.0,-103.26169228553772,328,5
00-0037311,Ko Kieft,TB,2023,TE,,0.6122378706932068,9.795805931091309,1.8905092477798462,8.850551307201385,0.5531594567000866,8.172382354736328,47.106258392333984,98,False,112.23047828674316,12.0,-103.37992697954178,329,5
00-0036442,Joe Burrow,CIN,2023,QB,10.187676,14.95915412902832,152.39901733398438,0.0005116413813084364,152.39876151329372,9.524922594580858,150.37991333007812,221.9376220703125,21,False,255.802995524602,12.0,-103.40423401130829,330,3
00-0034854,KhaDarel Hodge,ATL,2023,WR,,2.037754774093628,32.60407638549805,12.631732940673828,26.288209915161133,1.6430131196975708,27.417787551879883,44.6618766784668,136,False,129.85909843444824,36.0,-103.57088851928711,331,7
00-0036635,Ihmir Smith-Marsette,CAR,2023,WR,,1.8954609632492065,30.327375411987305,8.278487205505371,26.18813180923462,1.6367582380771637,15.783824920654297,34.252906799316406,142,False,129.85909843444824,36.0,-103.67096662521362,332,7
00-0035876,Andre Baccellia,ARI,2023,WR,,1.923254132270813,30.772066116333008,9.453100204467773,26.04551601409912,1.627844750881195,18.328842163085938,38.54956817626953,140,False,129.85909843444824,36.0,-103.81358242034912,333,7
00-0036370,Joshua Kelley,LAC,2023,RB,,3.8037345883733686,60.8597534139739,9.250249197017975,56.23462881546491,3.514664300966557,59.89955111532976,90.89187841709146,82,False,160.07113681793214,24.0,-103.83650800246724,334,6
00-0036741,Jack Stoll,PHI,2023,TE,,0.7187924981117249,11.500679969787598,6.468818187713623,8.266270875930786,0.5166419297456741,9.157133102416992,48.0709342956543,95,False,112.23047828674316,12.0,-103.96420741081238,335,5
00-0036326,Chase Claypool,MIA,2023,WR,,1.9656144380569458,31.449831008911133,11.78722858428955,25.556216716766357,1.5972635447978973,23.176189422607422,145.00588989257812,138,False,129.85909843444824,36.0,-104.30288171768188,336,7
00-0036194,Devin Asiasi,TEN,2023,TE,,0.6362494826316833,10.179991722106934,4.678313255310059,7.840835094451904,0.490052193403244,5.906508922576904,21.15231704711914,97,False,112.23047828674316,12.0,-104.38964319229126,337,5
00-0029604,Kirk Cousins,MIN,2023,QB,8.095844,18.67017936706543,151.15086364746094,0.0034679851960390806,151.14912965486292,9.446820603428932,132.08917236328125,151.6031494140625,22,False,255.802995524602,12.0,-104.65386586973909,338,3
00-0036862,Ben Skowronek,LA,2023,WR,,1.8978989124298096,30.366382598876953,10.621572494506836,25.055596351623535,1.565974771976471,22.319433212280273,92.80674743652344,141,False,129.85909843444824,36.0,-104.8035020828247,339,7
00-0034054,River Cracraft,MIA,2023,WR,,1.880240559577942,30.08384895324707,10.298364639282227,24.934666633605957,1.5584166646003723,25.656591415405273,46.697998046875,143,False,129.85909843444824,36.0,-104.92443180084229,340,7
00-0036829,Caleb Huntley,ATL,2023,RB,,3.828396553993225,61.2543448638916,12.463824529647827,55.02243259906769,3.4389020374417307,58.789828300476074,108.54158576965332,81,False,160.07113681793214,24.0,-105.04870421886446,341,6
00-0036999,Anthony Schwartz,MIA,2023,WR,,1.7862277030944824,28.57964324951172,7.966943264007568,24.596171617507935,1.537260726094246,10.707327842712402,43.09096145629883,147,False,129.85909843444824,36.0,-105.26292681694031,342,7
00-0035259,Trevon Wesco,TEN,2023,TE,,0.5024141669273376,8.038626670837402,2.1458048820495605,6.965724229812622,0.4353577643632889,3.6042885780334473,39.61591339111328,100,False,112.23047828674316,12.0,-105.26475405693054,343,5
00-0033114,Mike Thomas,CIN,2023,WR,,1.8558526039123535,29.693641662597656,10.524019241333008,24.431632041931152,1.526977002620697,19.17241668701172,43.999088287353516,145,False,129.85909843444824,36.0,-105.42746639251709,344,7
00-0036250,Tyler Davis,GB,2023,TE,,0.5378555059432983,8.605688095092773,3.624969244003296,6.7932034730911255,0.42457521706819534,7.054769992828369,16.525205612182617,99,False,112.23047828674316,12.0,-105.43727481365204,345,5
00-0037132,Britain Covey,PHI,2023,WR,,1.714136004447937,27.426176071166992,6.2908735275268555,24.280739307403564,1.5175462067127228,10.838254928588867,36.928131103515625,149,False,129.85909843444824,36.0,-105.57835912704468,346,7
00-0036429,Charlie Woerner,SF,2023,TE,,0.5002714395523071,8.004343032836914,3.940324544906616,6.034180760383606,0.3771362975239754,6.556751728057861,20.46990966796875,101,False,112.23047828674316,12.0,-106.19629752635956,347,5
00-0036955,Terrace Marshall Jr.,CAR,2023,WR,,2.085369110107422,33.36590576171875,19.541086196899414,23.595362663269043,1.4747101664543152,32.06623077392578,78.72504425048828,134,False,129.85909843444824,36.0,-106.2637357711792,348,7
00-0036652,Racey McMath,DAL,2023,WR,,2.0524585247039795,32.83933639526367,19.22311019897461,23.227781295776367,1.451736330986023,19.208293914794922,60.554359436035156,135,False,129.85909843444824,36.0,-106.63131713867188,349,7
00-0035562,Jesper Horsted,LV,2023,TE,,0.4257882535457611,6.812612056732178,2.5650339126586914,5.530095100402832,0.345630943775177,1.8691506385803223,53.03729248046875,102,False,112.23047828674316,12.0,-106.70038318634033,350,5
00-0037487,Deven Thompkins,TB,2023,WR,,1.953112244606018,31.24979591369629,16.21593475341797,23.141828536987305,1.4463642835617065,28.069364547729492,43.85044860839844,139,False,129.85909843444824,36.0,-106.71726989746094,351,7
00-0033466,Isaiah McKenzie,IND,2023,WR,,1.817183494567871,29.074935913085938,12.191169738769531,22.979351043701172,1.4362094402313232,21.88448143005371,67.01536560058594,146,False,129.85909843444824,36.0,-106.87974739074707,352,7
00-0034297,Byron Pringle,WAS,2023,WR,,1.7746657133102417,28.394651412963867,10.859563827514648,22.964869499206543,1.435304343700409,18.613956451416016,31.734725952148438,148,False,129.85909843444824,36.0,-106.8942289352417,353,7
00-0036387,Jalen Reagor,NE,2023,WR,,1.6534395217895508,26.455032348632812,7.3842668533325195,22.762898921966553,1.4226811826229095,22.702194213867188,41.29685592651367,151,False,129.85909843444824,36.0,-107.09619951248169,354,7
00-0031484,Chris Manhertz,DEN,2023,TE,,0.37873363494873047,6.0597381591796875,2.522627353668213,4.798424482345581,0.2999015301465988,3.855104446411133,15.741329193115234,103,False,112.23047828674316,12.0,-107.43205380439758,355,5
00-0037087,Trestan Ebner,CHI,2023,RB,,3.6738954734802247,58.782327575683595,12.826759023666382,52.368948063850404,3.2730592539906502,46.510603523254396,83.1328628540039,83,False,160.07113681793214,24.0,-107.70218875408173,356,6
00-0034366,Keke Coutee,MIA,2023,WR,,1.679994821548462,26.87991714477539,9.69566535949707,22.032084465026855,1.3770052790641785,17.187768936157227,45.822818756103516,150,False,129.85909843444824,36.0,-107.82701396942139,357,7
00-0030513,Latavius Murray,BUF,2023,RB,,3.643338918685913,58.29342269897461,12.119014263153076,52.23391556739807,3.2646197229623795,52.55837631225586,62.60730743408203,84,False,160.07113681793214,24.0,-107.83722125053407,358,6
00-0037827,Tyrion Davis-Price,SF,2023,RB,,3.5522807884216308,56.83649261474609,9.296804580688477,52.188090324401855,3.261755645275116,42.05556198120117,111.76660667419434,87,False,160.07113681793214,24.0,-107.88304649353029,359,6
00-0034928,Steven Sims,HOU,2023,WR,,1.617663025856018,25.88260841369629,7.843969345092773,21.960623741149902,1.372538983821869,18.588430404663086,41.91510772705078,153,False,129.85909843444824,36.0,-107.89847469329834,360,7
00-0035228,Kyler Murray,ARI,2023,QB,8.067347,18.316837310791016,147.76828002929688,0.0,147.76828002929688,9.235517501831055,147.5784454345703,159.7764892578125,23,False,255.802995524602,12.0,-108.03471549530514,361,3
00-0032054,Breshad Perriman,IND,2023,WR,,1.56142258644104,24.98276138305664,7.494339466094971,21.235591650009155,1.3272244781255722,14.886058807373047,35.47062301635742,154,False,129.85909843444824,36.0,-108.62350678443909,362,7
00-0036268,Laviska Shenault Jr.,CAR,2023,WR,,1.6323750019073486,26.118000030517578,10.459609031677246,20.888195514678955,1.3055122196674347,22.582324981689453,100.0130615234375,152,False,129.85909843444824,36.0,-108.97090291976929,363,7
00-0035359,David Sills,DEN,2023,WR,,1.4959769248962402,23.935630798339844,6.502784729003906,20.68423843383789,1.2927649021148682,9.981964111328125,35.685264587402344,157,False,129.85909843444824,36.0,-109.17486000061035,364,7
00-0036414,Cam Akers,MIN,2023,RB,,3.5592523074150084,56.948036918640135,12.366393690109254,50.76484007358551,3.1728025045990944,49.92869049072266,178.04526626586915,86,False,160.07113681793214,24.0,-109.30629674434664,365,6
00-0034193,Kevin Rader,TEN,2023,TE,,0.19581423699855804,3.1330277919769287,1.0933072566986084,2.5863741636276245,0.16164838522672653,1.7638423442840576,10.760455131530762,104,False,112.23047828674316,12.0,-109.64410412311554,366,5
00-0035510,Jeff Smith,ARI,2023,WR,,1.4652529954910278,23.444047927856445,6.907836437225342,19.990129709243774,1.249383106827736,11.651269912719727,35.66997146606445,158,False,129.85909843444824,36.0,-109.86896872520447,367,7
00-0036924,Michael Carter,ARI,2023,RB,,3.904334762096405,62.46935619354248,25.147144470214844,49.89578395843506,3.1184864974021913,59.35996982574463,101.44204956054688,80,False,160.07113681793214,24.0,-110.17535285949708,368,6
00-0036572,Shi Smith,KC,2023,WR,,1.5611058473587036,24.977693557739258,10.716512680053711,19.619437217712402,1.2262148261070251,21.521507263183594,48.696414947509766,155,False,129.85909843444824,36.0,-110.23966121673584,369,7
00-0035639,Parris Campbell,NYG,2023,WR,,1.8740578889846802,29.984926223754883,20.79307746887207,19.588387489318848,1.224274218082428,31.53213882446289,91.05223846435547,144,False,129.85909843444824,36.0,-110.2707109451294,370,7
00-0036331,Devin Duvernay,BAL,2023,WR,,1.4962273836135864,23.939638137817383,9.688915252685547,19.09518051147461,1.193448781967163,12.181681632995605,99.94087982177734,156,False,129.85909843444824,36.0,-110.76391792297363,371,7
00-0035924,Jonathan Ward,TEN,2023,RB,,3.4417395864766727,55.06783338362676,11.604266747449213,49.265700009902154,3.0791062506188847,37.0284462591559,75.01354911819865,89,False,160.07113681793214,24.0,-110.80543680802998,372,6
00-0033948,Jamaal Williams,NO,2023,RB,,3.563151773934818,57.01042838295709,15.526792250782721,49.24703225756573,3.077939516097858,55.176602349878586,96.16692126311317,85,False,160.07113681793214,24.0,-110.82410456036641,373,6
00-0035527,Andy Isabella,BUF,2023,WR,,1.4155322313308716,22.648515701293945,7.547571182250977,18.874730110168457,1.1796706318855286,9.748093605041504,36.612709045410156,160,False,129.85909843444824,36.0,-110.98436832427979,374,7
00-0030068,Marquise Goodwin,CLE,2023,WR,,1.3032135963439941,20.851417541503906,6.396890640258789,17.65297222137451,1.103310763835907,13.815478324890137,43.00062561035156,162,False,129.85909843444824,36.0,-112.20612621307373,375,7
00-0034440,Justin Jackson,DET,2023,RB,,3.5209374288105946,56.33499886096951,18.643918955774847,47.01303938308209,2.9383149614426305,47.85622485550522,75.37756636487059,88,False,160.07113681793214,24.0,-113.05809743485005,376,6
00-0031787,Jake Kumerow,BUF,2023,WR,,1.2860212326049805,20.576339721679688,8.039973258972168,16.556353092193604,1.0347720682621002,16.6684627532959,45.2133674621582,164,False,129.85909843444824,36.0,-113.30274534225464,377,7
00-0031868,Damiere Byrd,HOU,2023,WR,,1.2616242170333862,20.18598747253418,7.563992023468018,16.40399146080017,1.0252494663000107,11.132349014282227,35.876155853271484,165,False,129.85909843444824,36.0,-113.45510697364807,378,7
00-0033681,Keelan Cole,LV,2023,WR,,1.4164742231369019,22.66358757019043,12.568157196044922,16.37950897216797,1.023719310760498,18.58131217956543,45.01063537597656,159,False,129.85909843444824,36.0,-113.47958946228027,379,7
00-0036567,Elijah Mitchell,SF,2023,RB,,3.1125475428514005,49.80076068562241,6.4197339469810455,46.59089371213189,2.911930857008243,48.94884954944692,121.79495085468854,93,False,160.07113681793214,24.0,-113.48024310580026,380,6
00-0037300,Mike Woods,CLE,2023,WR,,1.2469522953033447,19.951236724853516,7.3759660720825195,16.263253688812256,1.016453355550766,14.061697006225586,41.53535079956055,166,False,129.85909843444824,36.0,-113.59584474563599,381,7
00-0037525,Jordan Mason,SF,2023,RB,,3.0075706100463866,48.121129760742186,3.4063977813720703,46.41793087005615,2.9011206793785096,44.9128430557251,76.18050430297852,95,False,160.07113681793214,24.0,-113.65320594787599,382,6
00-0036450,Ke'Shawn Vaughn,NE,2023,RB,,3.3786919936050217,54.05907189768035,15.321304414881002,46.39841969023985,2.8999012306399905,41.96824357763208,73.55037569274485,91,False,160.07113681793214,24.0,-113.6727171276923,383,6
00-0036365,Bryan Edwards,ATL,2023,WR,,1.3715063333511353,21.944101333618164,12.10703182220459,15.89058542251587,0.9931615889072418,16.1117000579834,49.78602981567383,161,False,129.85909843444824,36.0,-113.96851301193237,384,7
00-0031545,Kevin White,NO,2023,WR,,1.2907812595367432,20.65250015258789,9.894769668579102,15.70511531829834,0.9815697073936462,13.029111862182617,38.18292236328125,163,False,129.85909843444824,36.0,-114.1539831161499,385,7
00-0036439,Tyrie Cleveland,IND,2023,WR,,1.1479772329330444,18.36763572692871,5.362799167633057,15.686236143112183,0.9803897589445114,13.199172973632812,31.368806838989258,169,False,129.85909843444824,36.0,-114.17286229133606,386,7
00-0037745,Velus Jones Jr.,CHI,2023,WR,,1.1536750793457031,18.45880126953125,5.836143970489502,15.540729284286499,0.9712955802679062,12.808552742004395,58.08376693725586,168,False,129.85909843444824,36.0,-114.31836915016174,387,7
00-0029239,Brandon Bolden,LV,2023,RB,,3.3962212800979614,54.33954048156738,18.08217144012451,45.29845476150513,2.8311534225940704,38.74397850036621,73.4798412322998,90,False,160.07113681793214,24.0,-114.77268205642702,388,6
00-0034400,Jordan Wilkins,CLE,2023,RB,,3.041789229097308,48.668627665556926,7.137683504269108,45.099785913422366,2.818736619588898,29.861592225029728,63.50187256078701,94,False,160.07113681793214,24.0,-114.97135090450978,389,6
00-0034279,Equanimeous St. Brown,CHI,2023,WR,,1.1734983921051025,18.77597427368164,7.904743671417236,14.823602437973022,0.9264751523733139,11.912393569946289,60.38408660888672,167,False,129.85909843444824,36.0,-115.03549599647522,390,7
00-0036654,Demetric Felton,CIN,2023,RB,,3.3507633946025153,53.612214313640244,17.27148682250298,44.976470902388755,2.811029431399297,33.583084851890945,71.60273656251087,92,False,160.07113681793214,24.0,-115.09466591554339,391,6
00-0034838,Royce Freeman,LA,2023,RB,,2.823348823564661,45.17358117703458,1.4910781761581646,44.42804208895549,2.7767526305597183,41.826319844965894,82.41021438316642,99,False,160.07113681793214,24.0,-115.64309472897665,392,6
00-0037093,Dareke Young,SEA,2023,WR,,1.144683599472046,18.314937591552734,8.841486930847168,13.89419412612915,0.8683871328830719,10.500410079956055,30.7056884765625,170,False,129.85909843444824,36.0,-115.96490430831909,393,7
00-0031763,DeAndre Carter,LV,2023,WR,,0.9547030329704285,15.275248527526855,5.730763912200928,12.409866571426392,0.7756166607141495,10.838762283325195,70.35891723632812,175,False,129.85909843444824,36.0,-117.44923186302185,394,7
00-0032128,Chris Conley,SF,2023,WR,,1.1380702257156372,18.209123611450195,11.933585166931152,12.24233102798462,0.7651456892490387,12.992484092712402,43.06206130981445,171,False,129.85909843444824,36.0,-117.61676740646362,395,7
00-0035022,Penny Hart,ATL,2023,WR,,0.9157243967056274,14.651590347290039,4.8237504959106445,12.239715099334717,0.7649821937084198,8.724481582641602,25.83083152770996,176,False,129.85909843444824,36.0,-117.61938333511353,396,7
00-0036497,Tim Jones,JAX,2023,WR,,0.9687361121177673,15.499777793884277,7.04707670211792,11.976239442825317,0.7485149651765823,12.207602500915527,21.889408111572266,174,False,129.85909843444824,36.0,-117.88285899162292,397,7
00-0028002,Randall Cobb,NYJ,2023,WR,,0.9874186515808105,15.798698425292969,7.650079250335693,11.973658800125122,0.7483536750078201,18.112422943115234,51.57944107055664,173,False,129.85909843444824,36.0,-117.88543963432312,398,7
00-0019596,Tom Brady,TB,2023,QB,11.670375,11.831192016601562,138.07444763183594,0.42709481716156006,137.86090022325516,8.616306263953447,116.05661010742188,162.73239135742188,24,False,255.802995524602,12.0,-117.94209530134685,399,3
00-0033725,Corey Clement,ARI,2023,RB,,2.9337467654937757,46.93994824790041,10.877097380845045,41.50139955747789,2.593837472342368,35.93233063370785,64.08842509980565,96,False,160.07113681793214,24.0,-118.56973726045425,400,6
00-0035703,Miles Boykin,PIT,2023,WR,,0.7936658263206482,12.698653221130371,4.155529022216797,10.620888710021973,0.6638055443763733,6.4055962562561035,23.9830265045166,177,False,129.85909843444824,36.0,-119.23820972442627,401,7
00-0033386,Cody Hollister,TEN,2023,WR,,1.023728370666504,16.379653930664062,12.331836700439453,10.213735580444336,0.638358473777771,14.212187767028809,37.22428512573242,172,False,129.85909843444824,36.0,-119.6453628540039,402,7
00-0036877,Jaelon Darden,CLE,2023,WR,,0.7007140517234802,11.211424827575684,2.551997423171997,9.935426115989685,0.6209641322493553,5.159940242767334,31.922883987426758,179,False,129.85909843444824,36.0,-119.92367231845856,403,7
00-0035399,Stanley Morgan,CIN,2023,WR,,0.7434325814247131,11.89492130279541,5.661158561706543,9.064342021942139,0.5665213763713837,9.443327903747559,24.851531982421875,178,False,129.85909843444824,36.0,-120.7947564125061,404,7
00-0036630,Tylan Wallace,BAL,2023,WR,,0.6538333892822266,10.461334228515625,2.9727702140808105,8.97494912147522,0.5609343200922012,8.159748077392578,34.281227111816406,181,False,129.85909843444824,36.0,-120.88414931297302,405,7
00-0035645,Gunner Olszewski,NYG,2023,WR,,0.673531711101532,10.776507377624512,4.627121448516846,8.462946653366089,0.5289341658353806,7.2655510902404785,31.313941955566406,180,False,129.85909843444824,36.0,-121.39615178108215,406,7
00-0033308,Matt Breida,NYG,2023,RB,,2.8709046887323355,45.93447501971737,16.118363705386372,37.87529316702418,2.3672058229390114,43.058585584824584,78.6331950640042,97,False,160.07113681793214,24.0,-122.19584365090796,407,6
00-0036527,DJ Turner,LV,2023,WR,,0.5722034573554993,9.155255317687988,3.8832807540893555,7.2136149406433105,0.4508509337902069,4.970797538757324,16.629850387573242,186,False,129.85909843444824,36.0,-122.64548349380493,408,7
00-0037828,Danny Gray,SF,2023,WR,,0.5884703993797302,9.415526390075684,4.573541164398193,7.128755807876587,0.4455472379922867,7.805546283721924,30.350318908691406,184,False,129.85909843444824,36.0,-122.73034262657166,409,7
00-0033251,Zach Pascal,ARI,2023,WR,,0.5827807188034058,9.324491500854492,4.994156837463379,6.827413082122803,0.42671331763267517,7.46742057800293,39.680458068847656,185,False,129.85909843444824,36.0,-123.03168535232544,410,7
00-0033111,Pharoh Cooper,ARI,2023,WR,,0.6318103075027466,10.108964920043945,6.691474914550781,6.763227462768555,0.42270171642303467,9.828252792358398,46.526092529296875,182,False,129.85909843444824,36.0,-123.09587097167969,411,7
00-0033893,Dalvin Cook,BAL,2023,RB,,2.773375241807028,44.374003868912446,14.84009243007558,36.95395765387465,2.309622353367166,38.146465631363576,185.6631485386404,100,False,160.07113681793214,24.0,-123.11717916405749,412,6
00-0036133,James Proche,CLE,2023,WR,,0.4077812433242798,6.524499893188477,0.9269939661026001,6.0610029101371765,0.37881268188357353,1.8990036249160767,48.32058334350586,188,False,129.85909843444824,36.0,-123.79809552431107,413,7
00-0029293,Marvin Jones,DET,2023,WR,,0.6038603186607361,9.661765098571777,7.5245513916015625,5.899489402770996,0.36871808767318726,8.788351058959961,101.57117462158203,183,False,129.85909843444824,36.0,-123.95960903167725,414,7
00-0033292,Trent Taylor,CHI,2023,WR,,0.4112209677696228,6.579535484313965,1.4904192686080933,5.834325850009918,0.3646453656256199,1.5665258169174194,25.868499755859375,187,False,129.85909843444824,36.0,-124.02477258443832,415,7
00-0038098,Pierre Strong,CLE,2023,RB,,2.4115478515625,38.584765625,5.565943970680237,35.801793639659884,2.2376121024787428,29.82090934753418,44.38774124145508,105,False,160.07113681793214,24.0,-124.26934317827227,416,6
00-0036950,Avery Williams,ATL,2023,RB,,2.831281290553679,45.300500648858865,19.024153557372045,35.78842387017284,2.2367764918858026,35.27131138889697,77.61018133958508,98,False,160.07113681793214,24.0,-124.28271294775931,417,6
00-0034115,Jeff Wilson,MIA,2023,RB,,2.6354179810645397,42.166687697032636,13.006787204840345,35.66329409461247,2.2289558809132792,38.45805875171136,90.26567099678932,101,False,160.07113681793214,24.0,-124.40784272331967,418,6
00-0034681,Chase Edmonds,TB,2023,RB,,2.605764103764789,41.69222566023662,12.929883242913258,35.22728403878,2.20170525242375,38.22504928701141,70.40916830424491,103,False,160.07113681793214,24.0,-124.84385277915214,419,6
00-0037272,Montrell Washington,KC,2023,WR,,0.2800716161727905,4.481145858764648,0.00013934075832366943,4.481076188385487,0.2800672617740929,0.12231462448835373,12.793601036071777,190,False,129.85909843444824,36.0,-125.37802224606276,420,7
00-0037055,Lance McCutcheon,NYJ,2023,WR,,0.3241288661956787,5.186061859130859,1.834611177444458,4.26875627040863,0.2667972669005394,0.0,15.446526527404785,189,False,129.85909843444824,36.0,-125.59034216403961,421,7
00-0036020,Salvon Ahmed,MIA,2023,RB,,2.630582571029663,42.08932113647461,15.561658248901368,34.308492012023926,2.1442807507514954,42.430865402221684,56.51703796386719,102,False,160.07113681793214,24.0,-125.76264480590822,422,6
00-0035567,Craig Reynolds,DET,2023,RB,,2.2684079530743357,36.29452724918937,5.325739031689857,33.63165773334445,2.101978608334028,30.282947249729123,64.38794772994756,106,False,160.07113681793214,24.0,-126.4394790845877,423,6
00-0036620,Dee Eskridge,SEA,2023,WR,,0.23692338168621063,3.79077410697937,1.194708228111267,3.1934199929237366,0.19958874955773354,1.9173470735549927,19.12841033935547,191,False,129.85909843444824,36.0,-126.6656784415245,424,7
00-0033367,C.J. Board,TEN,2023,WR,,0.22875316441059113,3.660050630569458,3.482170581817627,1.9189653396606445,0.11993533372879028,0.3169938325881958,22.413982391357422,192,False,129.85909843444824,36.0,-127.9401330947876,425,7
00-0026293,Matthew Slater,NE,2023,WR,,0.0065534766763448715,0.10485562682151794,0.0,0.10485562682151794,0.0065534766763448715,0.0,7.164487361907959,193,False,129.85909843444824,36.0,-129.75424280762672,426,7
00-0035537,Ty Johnson,BUF,2023,RB,,2.124302234406507,33.98883575050411,8.400519962787302,29.788575769110462,1.861785985569404,32.88972761158091,62.52515690599215,107,False,160.07113681793214,24.0,-130.2825610488217,427,6
00-0035628,D'Ernest Johnson,JAX,2023,RB,,2.1150010576483163,33.84001692237306,9.160459602213656,29.259787121266232,1.8287366950791395,30.820895301928513,53.9722024477646,108,False,160.07113681793214,24.0,-130.8113496966659,428,6
00-0030288,Rex Burkhead,HOU,2023,RB,,2.4473939538002014,39.15830326080322,20.09465217590332,29.110977172851562,1.8194360733032227,33.624887466430664,68.8370246887207,104,False,160.07113681793214,24.0,-130.96015964508058,429,6
00-0026143,Matt Ryan,IND,2023,QB,9.757498,12.787291526794434,124.77196502685547,0.0261659175157547,124.75888206809759,7.7974301292560995,94.12940216064453,136.6541748046875,25,False,255.802995524602,12.0,-131.04411345650442,430,3
00-0030578,Cordarrelle Patterson,ATL,2023,RB,,1.8618848241852375,29.7901571869638,7.19028207897732,26.19501614747514,1.6371885092171963,28.949549406105163,111.31199180597805,110,False,160.07113681793214,24.0,-133.876120670457,431,6
00-0032104,Ameer Abdullah,LV,2023,RB,,2.028575034986858,32.457200559789726,15.073081719465733,24.920659700056856,1.5575412312535535,26.826918567537366,35.70414764017866,109,False,160.07113681793214,24.0,-135.15047711787528,432,6
00-0035657,Damien Harris,BUF,2023,RB,,1.633803352682987,26.14085364292779,4.049146609237797,24.116280338308894,1.5072675211443058,21.07657942722955,68.38884588707644,114,False,160.07113681793214,24.0,-135.95485647962326,433,6
00-0037013,Zach Wilson,NYJ,2023,QB,11.904971,9.983168601989746,118.84933471679688,0.008846740238368511,118.84491134667769,7.427806959167356,80.48336029052734,119.80093383789062,26,False,255.802995524602,12.0,-136.95808417792432,434,3
00-0035973,Patrick Taylor,GB,2023,RB,,1.7583206663418927,28.133130661470283,10.402316181299053,22.931972570820758,1.4332482856762974,19.504835430709246,33.075913908538716,111,False,160.07113681793214,24.0,-137.13916424711138,435,6
00-0037331,Zander Horvath,LAC,2023,RB,,1.6647756028175353,26.636409645080565,8.119979071617127,22.576420109272004,1.4110262568295002,23.920913486480714,48.46752258300781,113,False,160.07113681793214,24.0,-137.49471670866015,436,6
00-0036425,DeeJay Dallas,SEA,2023,RB,,1.696513216495514,27.144211463928222,10.112436695098877,22.087993116378783,1.380499569773674,14.289906234741212,85.67282279968262,112,False,160.07113681793214,24.0,-137.98314370155336,437,6
00-0038045,Isaiah Spiller,LAC,2023,RB,,1.542065179347992,24.673042869567873,6.968090329170227,21.188997704982757,1.3243123565614223,20.697132225036622,114.82493782043457,115,False,160.07113681793214,24.0,-138.88213911294937,438,6
00-0037429,Raheem Blackshear,CAR,2023,RB,,1.4847884833372107,23.75661573339537,7.807982642959032,19.852624411915855,1.240789025744741,18.71057484430291,75.63932335991309,116,False,160.07113681793214,24.0,-140.2185124060163,439,6
00-0034414,Boston Scott,PHI,2023,RB,,1.3270343876203228,21.232550201925164,4.394047236540479,19.035526583654928,1.189720411478433,17.059098371836033,68.57042242740786,117,False,160.07113681793214,24.0,-141.03561023427721,440,6
00-0033376,Patrick Ricard,BAL,2023,RB,,1.286455058372649,20.583280933962385,5.542553487261381,17.812004190331695,1.113250261895731,15.666566827396755,48.33529506552799,118,False,160.07113681793214,24.0,-142.25913262760045,441,6
00-0038102,Kenny Pickett,PIT,2023,QB,12.060098,9.322032928466797,112.42462921142578,0.004087623208761215,112.4225853998214,7.0264115874888375,111.18821716308594,208.69781494140625,27,False,255.802995524602,12.0,-143.3804101247806,442,3
00-0037299,Keaontay Ingram,KC,2023,RB,,1.1763950228691102,18.822320365905764,4.9029505252838135,16.370845103263857,1.023177818953991,14.954356899261475,43.23719528198242,119,False,160.07113681793214,24.0,-143.70029171466828,443,6
00-0036857,Chris Evans,CIN,2023,RB,,1.0766355054530274,17.22616808724844,3.8256544068576046,15.313340883819636,0.9570838052387273,13.566762949886753,28.938191828287113,121,False,160.07113681793214,24.0,-144.7577959341125,444,6
00-0036187,Reggie Gilliam,BUF,2023,RB,,1.1048951804229936,17.678322886767898,5.372554874860775,14.992045449337512,0.9370028405835945,7.340164402606632,27.75141678894325,120,False,160.07113681793214,24.0,-145.07909136859462,445,6
00-0036972,Mac Jones,NE,2023,QB,11.213131,9.845911026000977,110.40348815917969,0.0018203284125775099,110.4025779949734,6.900161124685837,108.63195037841797,172.8670654296875,28,False,255.802995524602,12.0,-145.4004175296286,446,3
00-0034208,Mike Boone,CAR,2023,RB,,1.0398043669020778,16.636869870433245,6.743953454949772,13.264893142958359,0.8290558214348974,13.057200068513634,50.576804573168744,122,False,160.07113681793214,24.0,-146.80624367497379,447,6
00-0031237,Teddy Bridgewater,DET,2023,QB,10.358727,10.424242973327637,107.98189544677734,0.0,107.98189544677734,6.748868465423584,77.05619812011719,132.18893432617188,29,False,255.802995524602,12.0,-147.82110007782467,448,3
00-0033854,Dare Ogunbowale,HOU,2023,RB,,0.8118993894569193,12.990390231310709,3.027712791406643,11.476533835607388,0.7172833647254617,7.551446286187769,51.284414328510515,125,False,160.07113681793214,24.0,-148.59460298232474,449,6
00-0035291,Trayveon Williams,CIN,2023,RB,,0.8190842803486564,13.105348485578503,5.687081154788055,10.261807908184476,0.6413629942615298,11.057579489106761,18.784198075241623,124,False,160.07113681793214,24.0,-149.80932890974768,450,6
00-0032450,Dwayne Washington,DEN,2023,RB,,0.8382727613210841,13.412364181137345,6.546994312689127,10.138867024792782,0.6336791890495489,9.946545725312648,36.188175157707576,123,False,160.07113681793214,24.0,-149.93226979313937,451,6
00-0037456,Troy Hairston,HOU,2023,RB,,0.7456671786308289,11.930674858093262,5.160999622344971,9.350175046920777,0.5843859404325485,10.868086585998535,30.753741760253906,126,False,160.07113681793214,24.0,-150.72096177101136,452,6
00-0035594,Travis Homer,CHI,2023,RB,,0.5803799538380638,9.286079261409022,0.6117433808031024,8.98020757100747,0.5612629731879669,1.6764305902759482,54.17035323806858,127,False,160.07113681793214,24.0,-151.09092924692467,453,6
00-0028063,Taiwan Jones,NYG,2023,RB,,0.5073408633470535,8.117453813552856,2.173465132713318,7.0307212471961975,0.43942007794976234,4.713361859321594,30.612024307250977,128,False,160.07113681793214,24.0,-153.04041557073595,454,6
00-0026158,Joe Flacco,CLE,2023,QB,5.10085,20.059463500976562,102.32032012939453,0.0,102.32032012939453,6.395020008087158,63.839107513427734,102.83911895751953,30,False,255.802995524602,12.0,-153.48267539520748,455,3
00-0036842,Kene Nwangwu,MIN,2023,RB,,0.39014851251972776,6.242376200315644,1.2034965567887443,5.640627921921273,0.35253924512007956,2.4391303292828668,39.874352231348816,129,False,160.07113681793214,24.0,-154.43050889601088,456,6
00-0034614,Godwin Igwebuike,PIT,2023,RB,,0.22429343197930765,3.5886949116689224,0.4374976891358775,3.3699460671009835,0.21062162919381147,0.5748225733607212,25.478616361206807,130,False,160.07113681793214,24.0,-156.70119075083116,457,6
00-0035726,Jakob Johnson,LV,2023,RB,,0.22395002112894086,3.5832003380630537,0.7720380842612264,3.197181295932441,0.19982383099577755,1.3146755926858718,12.445505968775347,131,False,160.07113681793214,24.0,-156.8739555219997,458,6
00-0032950,Carson Wentz,LA,2023,QB,9.876873,9.719143867492676,95.9947509765625,0.17112073302268982,95.90919061005116,5.994324413128197,79.3675537109375,123.08515167236328,31,False,255.802995524602,12.0,-159.89380491455086,459,3
00-0035304,Cullen Gillaspia,SEA,2023,RB,,0.0,0.0,1.1686450287204015,-0.5843225143602008,-0.03652015714751255,0.0,21.93380921697388,132,False,160.07113681793214,24.0,-160.65545933229234,460,6
00-0033537,Deshaun Watson,CLE,2023,QB,6.0584993,14.42391300201416,87.38726806640625,0.0,87.38726806640625,5.461704254150391,77.86015319824219,87.85984802246094,32,False,255.802995524602,12.0,-168.41572745819576,461,4
00-0029701,Ryan Tannehill,TEN,2023,QB,9.029074,8.972208023071289,81.01072692871094,0.00041441863868385553,81.0105197193916,5.063157482461975,80.31266784667969,134.3697052001953,33,False,255.802995524602,12.0,-174.79247580521042,462,4
00-0038108,Bailey Zappe,NE,2023,QB,9.968544,6.923363208770752,69.01585388183594,0.0,69.01585388183594,4.313490867614746,64.75563049316406,88.94322967529297,34,False,255.802995524602,12.0,-186.78714164276607,463,4
00-0027973,Andy Dalton,CAR,2023,QB,8.533791,7.892745494842529,67.35503387451172,0.026359248906373978,67.34185425005853,4.208865890628658,61.970638275146484,99.444091796875,35,False,255.802995524602,12.0,-188.46114127454348,464,4
00-0033319,Nick Mullens,MIN,2023,QB,5.029867,13.310491561889648,66.95000457763672,0.0,66.95000457763672,4.184375286102295,28.07131576538086,67.14646911621094,36,False,255.802995524602,12.0,-188.8529909469653,465,4
00-0031800,Taylor Heinicke,ATL,2023,QB,5.028972,13.108240127563477,65.92097473144531,0.0,65.92097473144531,4.120060920715332,42.15855026245117,66.36259460449219,37,False,255.802995524602,12.0,-189.8820207931567,466,4
00-0031345,Jimmy Garoppolo,LV,2023,QB,7.065761,9.327045440673828,65.90267181396484,0.007923860102891922,65.8987098839134,4.118669367744587,64.88568115234375,113.96430206298828,38,False,255.802995524602,12.0,-189.9042856406886,467,4
00-0035710,Daniel Jones,NYG,2023,QB,6.1864233,9.624624252319336,59.54199981689453,0.0022801202721893787,59.54085975675844,3.7213037347974023,58.839935302734375,123.18930053710938,39,False,255.802995524602,12.0,-196.26213576784357,468,4
00-0027688,Colt McCoy,ARI,2023,QB,6.373102,9.238682746887207,58.87907028198242,0.10811863839626312,58.82501096278429,3.676563185174018,34.982173919677734,65.20286560058594,40,False,255.802995524602,12.0,-196.97798456181772,469,4
00-0032268,Marcus Mariota,PHI,2023,QB,6.807403,8.510826110839844,57.936622619628906,0.4573158025741577,57.70796471834183,3.606747794896364,43.381988525390625,80.72015380859375,41,False,255.802995524602,12.0,-198.09503080626018,470,4
00-0036879,Sam Ehlinger,IND,2023,QB,5.91194,8.592804908752441,50.800148010253906,0.08086913824081421,50.7597134411335,3.1724820900708437,33.79010772705078,61.26039505004883,42,False,255.802995524602,12.0,-205.0432820834685,471,4
00-0033869,Mitchell Trubisky,PIT,2023,QB,5.1800876,9.646498680114746,49.96970748901367,0.00392151577398181,49.96774673112668,3.1229841706954176,25.30478858947754,50.43783187866211,43,False,255.802995524602,12.0,-205.83524879347533,472,4
00-0033119,Jacoby Brissett,WAS,2023,QB,7.9361997,5.549180507659912,44.039405822753906,0.021261952817440033,44.028774846345186,2.751798427896574,37.53128433227539,80.37730407714844,44,False,255.802995524602,12.0,-211.77422067825682,473,4
00-0034955,Brett Rypien,NYJ,2023,QB,5.7791524,5.9156880378723145,34.18766403198242,1.2269360013306141e-05,34.187657897302415,2.136728618581401,24.558303833007812,41.151187896728516,45,False,255.802995524602,12.0,-221.6153376272996,474,4
00-0035146,Trace McSorley,PIT,2023,QB,5.455993,6.154694080352783,33.5799674987793,0.04811506345868111,33.555909967049956,2.0972443729406223,19.16124725341797,39.75962829589844,46,False,255.802995524602,12.0,-222.24708555755205,475,4
00-0037327,Skylar Thompson,MIA,2023,QB,4.1459227,6.630963325500488,27.4914608001709,0.48558342456817627,27.24866908788681,1.7030418179929256,14.68787670135498,36.29270935058594,47,False,255.802995524602,12.0,-228.5543264367152,476,4
00-0038128,Malik Willis,TEN,2023,QB,5.198831,5.094505786895752,26.485475540161133,0.240434467792511,26.365258306264877,1.6478286441415548,16.860368728637695,39.85615921020508,48,False,255.802995524602,12.0,-229.43773721833713,477,4
00-0035993,Tyler Huntley,BAL,2023,QB,5.093021,5.14542293548584,26.205745697021484,0.0038012878503650427,26.203845053096302,1.6377403158185189,26.095081329345703,84.86737060546875,49,False,255.802995524602,12.0,-229.5991504715057,478,5
00-0034869,Sam Darnold,SF,2023,QB,9.996823,2.357990264892578,23.572412490844727,0.0,23.572412490844727,1.4732757806777954,23.404451370239258,98.76554107666016,50,False,255.802995524602,12.0,-232.23058303375728,479,5
00-0033936,C.J. Beathard,JAX,2023,QB,6.0587854,3.5705058574676514,21.6329288482666,0.009910543449223042,21.62797357654199,1.3517483485338744,21.503944396972656,35.52037048339844,51,False,255.802995524602,12.0,-234.17502194806002,480,5
00-0033275,PJ Walker,CLE,2023,QB,5.0078382,3.9999144077301025,20.03092384338379,0.004161963239312172,20.028842861764133,1.2518026788602583,19.854412078857422,29.723024368286133,52,False,255.802995524602,12.0,-235.77415266283788,481,5
00-0036898,Davis Mills,HOU,2023,QB,5.035218,3.664417266845703,18.451139450073242,0.0,18.451139450073242,1.1531962156295776,17.987674713134766,53.083824157714844,53,False,255.802995524602,12.0,-237.35185607452877,482,5
00-0035939,Bryce Perkins,LA,2023,QB,4.0316896,3.93746018409729,15.874617576599121,0.0,15.874617576599121,0.9921635985374451,11.914192199707031,27.975250244140625,54,False,255.802995524602,12.0,-239.9283779480029,483,5
00-0032436,Jeff Driskel,CLE,2023,QB,4.8395414,1.445586085319519,6.995973587036133,0.0,6.995973587036133,0.4372483491897583,1.2487678527832031,20.041240692138672,55,False,255.802995524602,12.0,-248.80702193756588,484,5
00-0033662,Cooper Rush,DAL,2023,QB,6.934289,0.7197698354721069,4.991092205047607,0.0009022126323543489,4.99064109873143,0.3119150686707144,3.3907742500305176,44.35750198364258,56,False,255.802995524602,12.0,-250.81235442587058,485,5
00-0034401,Mike White,MIA,2023,QB,5.997258,0.46492838859558105,2.7882955074310303,0.0024253642186522484,2.787082825321704,0.1741926765826065,2.115875244140625,73.06065368652344,57,False,255.802995524602,12.0,-253.0159126992803,486,5
