player_id,player_display_name,team,season,position,projected_games_played,projected_ppr_per_game,projected_ppr,projected_receptions,projected_half_ppr,projected_half_ppr_per_game,ci_low,ci_high,position_rank,is_rookie,baseline_pts,baseline_rank,vbd,vbd_rank_overall,tier,consensus_rank,rank_diff,label
00-0038542,Bijan Robinson,ATL,2026,RB,,22.707159481048585,363.31455169677736,67.05387069702148,329.7876163482666,20.611726021766664,284.2083639526367,384.2485598754883,1,False,127.62753663002343,24.0,202.1600797182432,1,1,1.15,0.1499999999999999,
00-0039040,De'Von Achane,MIA,2026,RB,,19.473036727905274,311.5685876464844,59.37572566986084,281.880724811554,17.617545300722124,256.1675506591797,344.0191827392578,2,False,127.62753663002343,24.0,154.25318818153056,2,2,5.79,3.79,
00-0039075,Puka Nacua,LA,2026,WR,,21.4393253326416,343.0292053222656,127.74069213867188,279.1588592529297,17.447428703308105,305.35028076171875,364.8703308105469,1,False,130.66782760620117,36.0,148.49103164672852,3,1,2.0,-1.0,
00-0039139,Jahmyr Gibbs,DET,2026,RB,,18.651986331939696,298.43178131103514,58.17738174438477,269.3430904388428,16.833943152427675,272.8058792114258,346.5006378173828,3,False,127.62753663002343,24.0,141.71555380881938,4,2,2.18,-1.8199999999999998,
00-0033280,Christian McCaffrey,SF,2026,RB,,17.575786920086642,281.2125907213863,55.90751968817219,253.25883087730017,15.82867692983126,171.41686579125292,268.97930489604727,4,False,127.62753663002343,24.0,125.63129424727674,5,2,3.15,-1.85,
00-0036963,Amon-Ra St. Brown,DET,2026,WR,,19.170740127563477,306.7318420410156,105.7990493774414,253.83231735229492,15.864519834518433,269.7312927246094,338.1231689453125,2,False,130.66782760620117,36.0,123.16448974609375,6,2,4.56,-1.4400000000000004,
00-0038543,Jaxon Smith-Njigba,SEA,2026,WR,,19.053306579589844,304.8529052734375,107.31470489501953,251.19555282592773,15.699722051620483,258.7035827636719,352.12017822265625,3,False,130.66782760620117,36.0,120.52772521972656,7,2,2.85,-4.15,
00-0036358,CeeDee Lamb,DAL,2026,WR,,18.139673233032227,290.2347717285156,84.7337875366211,247.86787796020508,15.491742372512817,241.07815551757812,308.13311767578125,4,False,130.66782760620117,36.0,117.2000503540039,8,2,4.85,-3.1500000000000004,
00-0040122,Ashton Jeanty,LV,2026,RB,,16.686065616607667,266.9770498657227,47.98498512268066,242.98455730438232,15.186534831523895,192.42822235107423,266.89488372802737,5,False,127.62753663002343,24.0,115.35702067435889,9,2,6.5,-2.5,
00-0037248,James Cook,BUF,2026,RB,,15.615459033840736,249.84734454145178,29.450692987213554,235.121998047845,14.695124877990313,212.58598455994363,265.9005179873237,6,False,127.62753663002343,24.0,107.49446141782158,10,2,,,
00-0040124,Tetairoa McMillan,CAR,2026,WR,,16.89475440979004,270.3160705566406,90.9666748046875,224.83273315429688,14.052045822143555,221.1090545654297,281.09375,5,False,130.66782760620117,36.0,94.1649055480957,11,3,15.03,4.029999999999999,
00-0036554,Nico Collins,HOU,2026,WR,,16.235902786254883,259.7744445800781,83.68641662597656,217.93123626708984,13.620702266693115,236.080810546875,291.61260986328125,7,False,130.66782760620117,36.0,87.26340866088867,12,3,9.35,-2.6500000000000004,
00-0039064,Zay Flowers,BAL,2026,WR,,16.71021842956543,267.3634948730469,99.68941497802734,217.5187873840332,13.594924211502075,225.86558532714844,278.5498046875,6,False,130.66782760620117,36.0,86.85095977783203,13,3,20.09,7.09,
00-0036322,Justin Jefferson,MIN,2026,WR,,15.844524383544922,253.51239013671875,74.24417877197266,216.39030075073242,13.524393796920776,201.34019470214844,291.9674987792969,9,False,130.66782760620117,36.0,85.72247314453125,14,3,5.71,-8.29,
00-0036912,DeVonta Smith,PHI,2026,WR,,15.999863624572754,255.99781799316406,89.4697036743164,211.26296615600586,13.203935384750366,213.50794982910156,253.57025146484375,8,False,130.66782760620117,36.0,80.59513854980469,15,3,16.74,1.7399999999999984,
00-0037840,Kyren Williams,LA,2026,RB,,14.081611180478461,225.30577888765538,38.49362172985143,206.0589680227297,12.878685501420605,203.778725628236,243.38570430987997,7,False,127.62753663002343,24.0,78.43143139270626,16,3,16.71,0.7100000000000009,
00-0038120,Breece Hall,NYJ,2026,RB,,13.626752718175462,218.0280434908074,27.86526876316423,204.09540910922527,12.75596306932658,189.70790969754637,243.7180211073858,8,False,127.62753663002343,24.0,76.46787247920184,17,3,15.03,-1.9700000000000006,
00-0038134,Kenneth Walker III,KC,2026,RB,,13.153638175211077,210.45821080337723,30.748656570452848,195.0838825181508,12.192742657384425,157.6564128428204,231.87085548792533,9,False,127.62753663002343,24.0,67.45634588812737,18,3,11.12,-6.880000000000001,
00-0037238,Drake London,ATL,2026,WR,,15.070389747619629,241.12623596191406,86.27181243896484,197.99032974243164,12.374395608901978,222.18890380859375,282.22186279296875,10,False,130.66782760620117,36.0,67.32250213623047,19,3,7.47,-11.530000000000001,
00-0039732,Bo Nix,DEN,2026,QB,15.678617,21.367677688598633,335.015625,0.03389400243759155,334.9986779987812,20.937417374923825,309.88018798828125,354.1668395996094,1,False,269.9794600009918,12.0,65.01921799778938,20,1,14.44,-5.5600000000000005,
00-0040784,Quinshon Judkins,CLE,2026,RB,,12.585157299041748,201.36251678466797,20.148593101501465,191.28822023391723,11.955513764619827,128.56166854858398,220.82721588134766,11,False,127.62753663002343,24.0,63.6606836038938,21,3,23.59,2.59,
00-0039361,Bucky Irving,TB,2026,RB,,12.964304399490358,207.42887039184572,52.054405326843266,181.4016677284241,11.337604233026505,175.5154670715332,239.5134426879883,10,False,127.62753663002343,24.0,53.77413109840066,22,3,18.91,-3.09,
00-0036900,Ja'Marr Chase,CIN,2026,WR,,14.058815002441406,224.9410400390625,84.90497589111328,182.48855209350586,11.405534505844116,208.73855590820312,280.7574462890625,11,False,130.66782760620117,36.0,51.82072448730469,23,3,1.12,-21.88,bust
00-0038117,Wan'Dale Robinson,TEN,2026,WR,,13.941129684448242,223.05807495117188,83.21700286865234,181.4495735168457,11.340598344802856,165.39569091796875,227.1356201171875,12,False,130.66782760620117,36.0,50.78174591064453,24,3,39.88,15.880000000000003,
00-0038597,Chase Brown,CIN,2026,RB,,12.493182921700084,199.89092674720135,43.004672247973474,178.38859062321458,11.149286913950911,192.07848328326028,239.90752772754877,12,False,127.62753663002343,24.0,50.761053993191155,25,3,7.65,-17.35,
00-0030506,Travis Kelce,KC,2026,TE,,12.707318305969238,203.3170928955078,75.91413116455078,165.36002731323242,10.335001707077026,170.49386596679688,210.2941131591797,1,False,115.28140640258789,12.0,50.07862091064453,26,1,12.06,-13.94,
00-0034857,Josh Allen,BUF,2026,QB,17.0,18.743803024291992,318.6446533203125,0.24874058365821838,318.5202830284834,19.907517689280212,309.6011657714844,363.2823486328125,2,False,269.9794600009918,12.0,48.54082302749157,27,1,1.03,-25.97,bust
00-0037239,Chris Olave,NO,2026,WR,,13.870159149169922,221.92254638671875,86.36568450927734,178.73970413208008,11.171231508255005,209.94749450683594,255.03712463378906,13,False,130.66782760620117,36.0,48.071876525878906,28,3,11.85,-16.15,
00-0036410,Tee Higgins,CIN,2026,WR,,13.53915023803711,216.62640380859375,77.87358856201172,177.6896095275879,11.105600595474243,184.14834594726562,238.76077270507812,14,False,130.66782760620117,36.0,47.02178192138672,29,3,16.94,-12.059999999999999,
00-0037247,George Pickens,DAL,2026,WR,,13.382269859313965,214.11631774902344,74.68102264404297,176.77580642700195,11.048487901687622,211.83255004882812,250.90182495117188,15,False,130.66782760620117,36.0,46.10797882080078,30,3,11.09,-18.91,bust
00-0040126,Colston Loveland,CHI,2026,TE,,12.31777572631836,197.08441162109375,75.29631805419922,159.43625259399414,9.964765787124634,161.5170440673828,198.35426330566406,2,False,115.28140640258789,12.0,44.15484619140625,31,1,3.19,-27.81,bust
00-0035700,Josh Jacobs,GB,2026,RB,,11.745911135937888,187.9345781750062,33.53994051398683,171.1646079180128,10.6977879948758,157.68411689867963,204.5645982661629,14,False,127.62753663002343,24.0,43.53707128798936,32,3,13.24,-18.759999999999998,bust
00-0035676,A.J. Brown,PHI,2026,WR,,12.793259620666504,204.69215393066406,67.5222396850586,170.93103408813477,10.683189630508423,178.14154052734375,226.59051513671875,17,False,130.66782760620117,36.0,40.263206481933594,33,3,12.68,-20.32,bust
00-0039893,Brian Thomas Jr.,JAX,2026,WR,,12.90981674194336,206.55706787109375,71.31777954101562,170.89817810058594,10.681136131286621,168.7729034423828,227.37588500976562,16,False,130.66782760620117,36.0,40.230350494384766,34,3,39.06,5.060000000000002,
00-0036223,Jonathan Taylor,IND,2026,RB,,11.44013853796372,183.04221660741953,35.05079731815242,165.51681794834334,10.344801121771459,177.03197762021296,241.1311083332665,15,False,127.62753663002343,24.0,37.88928131831992,35,3,4.03,-30.97,bust
00-0040715,Cam Skattebo,NYG,2026,RB,,11.757281007766723,188.11649612426757,45.20947334289551,165.51175945281983,10.34448496580124,156.90320236206054,235.78618362426758,13,False,127.62753663002343,24.0,37.8842228227964,36,3,20.85,-15.149999999999999,
00-0039337,Malik Nabers,NYG,2026,WR,,12.39770221710205,198.3632354736328,67.3107681274414,164.7078514099121,10.294240713119507,182.6141815185547,235.60653686523438,20,False,130.66782760620117,36.0,34.04002380371094,37,3,9.71,-27.29,bust
00-0036970,Kyle Pitts,ATL,2026,TE,,11.813411712646484,189.01458740234375,80.08916473388672,148.9700050354004,9.310625314712524,178.11781311035156,213.105224609375,3,False,115.28140640258789,12.0,33.6885986328125,38,1,,,
00-0034855,Baker Mayfield,TB,2026,QB,15.564222,19.476844787597656,303.1419372558594,0.3882301449775696,302.9478221833706,18.934238886460662,270.13104248046875,310.82806396484375,3,False,269.9794600009918,12.0,32.96836218237877,39,1,19.5,-19.5,bust
00-0037740,Garrett Wilson,NYJ,2026,WR,,12.429161071777344,198.8665771484375,70.5600357055664,163.5865592956543,10.224159955978394,164.86114501953125,215.32923889160156,19,False,130.66782760620117,36.0,32.918731689453125,40,3,15.85,-24.15,bust
00-0037744,Trey McBride,AZ,2026,TE,,11.038461685180664,176.61538696289062,57.79582595825195,147.71747398376465,9.23234212398529,161.39016723632812,264.26385498046875,4,False,115.28140640258789,12.0,32.43606758117676,41,1,1.28,-39.72,bust
00-0039915,Ladd McConkey,LAC,2026,WR,,12.652183532714844,202.4349365234375,78.88121032714844,162.99433135986328,10.187145709991455,180.61656188964844,227.2639617919922,18,False,130.66782760620117,36.0,32.32650375366211,42,3,18.65,-23.35,bust
00-0036442,Joe Burrow,CIN,2026,QB,16.126883,18.531917572021484,298.862060546875,0.2308598756790161,298.7466306090355,18.67166441306472,258.0888366699219,295.62890625,4,False,269.9794600009918,12.0,28.76717060804367,43,1,4.53,-38.47,bust
00-0032764,Derrick Henry,BAL,2026,RB,,10.415658576940524,166.6505372310484,23.28354029423728,155.00876708392974,9.688047942745609,137.92002378564266,189.10860222223107,16,False,127.62753663002343,24.0,27.381230453906312,44,3,14.76,-29.240000000000002,bust
00-0036389,Jalen Hurts,PHI,2026,QB,14.942541,19.687875747680664,294.1868896484375,0.463645339012146,293.9550669789314,18.372191686183214,261.98388671875,305.2149658203125,5,False,269.9794600009918,12.0,23.975606977939606,45,1,5.83,-39.17,bust
00-0039919,Rome Odunze,CHI,2026,WR,,11.369489669799805,181.91183471679688,55.26495361328125,154.27935791015625,9.642459869384766,144.74342346191406,185.38897705078125,26,False,130.66782760620117,36.0,23.611530303955078,46,3,30.06,-15.940000000000001,
00-0040129,Emeka Egbuka,TB,2026,WR,,11.667229652404785,186.67567443847656,64.88487243652344,154.23323822021484,9.639577388763428,164.6314697265625,220.49240112304688,23,False,130.66782760620117,36.0,23.565410614013672,47,3,23.21,-23.79,bust
00-0037240,Jameson Williams,DET,2026,WR,,11.577455520629883,185.23928833007812,62.46852111816406,154.0050277709961,9.625314235687256,160.48667907714844,217.82220458984375,24,False,130.66782760620117,36.0,23.337200164794922,48,3,25.5,-22.5,bust
00-0036040,Juwan Johnson,NO,2026,TE,,10.617012023925781,169.8721923828125,66.015625,136.8643798828125,8.554023742675781,148.78933715820312,189.09034729003906,5,False,115.28140640258789,12.0,21.58297348022461,49,1,16.0,-33.0,bust
00-0031588,Stefon Diggs,NE,2026,WR,,11.719876289367676,187.5180206298828,73.87673950195312,150.57965087890625,9.41122817993164,155.20794677734375,202.28367614746094,22,False,130.66782760620117,36.0,19.911823272705078,50,3,58.16,8.159999999999997,
00-0036997,Javonte Williams,DAL,2026,RB,,10.140289183407104,162.24462693451366,30.47631531526747,147.00646927687993,9.187904329804995,149.209608677336,185.31134702093712,17,False,127.62753663002343,24.0,19.378932646856498,51,3,16.97,-34.03,bust
00-0040735,Luther Burden III,CHI,2026,WR,,10.994688987731934,175.91502380371094,53.498268127441406,149.16588973999023,9.32286810874939,125.38014221191406,175.74954223632812,30,False,130.66782760620117,36.0,18.498062133789062,52,3,20.38,-31.62,bust
00-0035261,Tony Pollard,TEN,2026,RB,,9.791833854579991,156.66934167327986,21.236214900855575,146.0512342228521,9.128202138928255,114.02017553800758,166.78591819841515,20,False,127.62753663002343,24.0,18.42369759282866,53,3,31.21,-21.79,bust
00-0038994,Jordan Addison,MIN,2026,WR,,11.205309867858887,179.2849578857422,60.92375183105469,148.82308197021484,9.301442623138428,139.6708526611328,183.31118774414062,27,False,130.66782760620117,36.0,18.155254364013672,54,3,44.15,-9.850000000000001,
00-0033090,Hunter Henry,NE,2026,TE,,10.28312873840332,164.53005981445312,62.41377258300781,133.32317352294922,8.332698345184326,142.54486083984375,191.3611297607422,7,False,115.28140640258789,12.0,18.041767120361328,55,1,18.75,-36.25,bust
00-0034827,DJ Moore,BUF,2026,WR,,11.02804946899414,176.44879150390625,56.8660888671875,148.0157470703125,9.250984191894531,150.8312530517578,209.04652404785156,29,False,130.66782760620117,36.0,17.347919464111328,56,3,27.62,-28.38,bust
00-0039067,Rashee Rice,KC,2026,WR,,11.748916625976562,187.982666015625,80.00190734863281,147.9817123413086,9.248857021331787,189.20115661621094,240.74855041503906,21,False,130.66782760620117,36.0,17.313884735107422,57,3,10.71,-46.29,bust
00-0040128,Tyler Warren,IND,2026,TE,,10.517572402954102,168.28115844726562,72.18328857421875,132.18951416015625,8.261844635009766,148.69256591796875,183.31515502929688,6,False,115.28140640258789,12.0,16.90810775756836,58,1,4.09,-53.91,bust
00-0040734,TreVeyon Henderson,NE,2026,RB,,10.010139617919922,160.16223388671875,32.29049253463745,144.01698761940003,9.001061726212502,160.29359283447266,197.91821853637697,18,False,127.62753663002343,24.0,16.3894509893766,59,3,21.91,-37.09,bust
00-0039894,Xavier Worthy,KC,2026,WR,,11.071552276611328,177.14483642578125,60.47213363647461,146.90876960754395,9.181798100471497,128.70660400390625,187.59654235839844,28,False,130.66782760620117,36.0,16.240942001342773,60,3,52.47,-7.530000000000001,
00-0036613,Jaylen Waddle,DEN,2026,WR,,11.5105619430542,184.1689910888672,75.4272689819336,146.4553565979004,9.153459787368774,151.74905395507812,207.54290771484375,25,False,130.66782760620117,36.0,15.787528991699219,61,3,21.03,-39.97,bust
00-0037664,Alec Pierce,IND,2026,WR,,10.610461235046387,169.7673797607422,51.52647399902344,144.00414276123047,9.000258922576904,133.98541259765625,177.76148986816406,32,False,130.66782760620117,36.0,13.336315155029297,62,3,36.76,-25.240000000000002,bust
00-0039868,Troy Franklin,DEN,2026,WR,,10.830626487731934,173.29002380371094,59.205345153808594,143.68735122680664,8.980459451675415,142.1377410888672,200.44140625,31,False,130.66782760620117,36.0,13.019523620605469,63,3,70.76,7.760000000000005,
00-0039918,Caleb Williams,CHI,2026,QB,14.812291,19.090702056884766,282.77703857421875,0.12957826256752014,282.712249442935,17.669515590183437,259.6826171875,305.16375732421875,6,False,269.9794600009918,12.0,12.732789441943169,64,1,9.14,-54.86,bust
00-0039794,Braelon Allen,NYJ,2026,RB,,9.53104211807251,152.49667388916015,24.905596771240234,140.04387550354005,8.752742218971253,109.63152870178223,178.93023391723634,22,False,127.62753663002343,24.0,12.416338873516622,65,3,52.91,-12.090000000000003,
00-0039851,Drake Maye,NE,2026,QB,15.479216,18.150362014770508,280.953369140625,0.20439863204956055,280.8511698246002,17.553198114037514,251.11131286621094,311.6787414550781,7,False,269.9794600009918,12.0,10.871709823608398,66,1,3.08,-62.92,bust
00-0040189,Oronde Gadsden II,LAC,2026,TE,,9.89603328704834,158.33653259277344,64.93890380859375,125.86708068847656,7.866692543029785,142.33462524414062,168.3107147216797,8,False,115.28140640258789,12.0,10.585674285888672,67,1,12.63,-54.37,bust
00-0033873,Patrick Mahomes,KC,2026,QB,15.370798,18.263242721557617,280.7206115722656,0.37136784195899963,280.5349276512861,17.533432978205383,267.1007080078125,313.9092712402344,8,False,269.9794600009918,12.0,10.555467650294304,68,1,,,
00-0040666,Omarion Hampton,LAC,2026,RB,,9.898733816146851,158.37974105834962,40.96112804412842,137.8991770362854,8.618698564767838,126.0833017730713,181.29808975219726,19,False,127.62753663002343,24.0,10.27164040626198,69,3,9.35,-59.65,bust
00-0036973,Travis Etienne,NO,2026,RB,,9.37431919883164,149.98910718130625,24.449159936271737,137.7645272131704,8.61028295082315,123.06811323788622,173.52358196334265,24,False,127.62753663002343,24.0,10.136990583146968,70,3,,,
00-0034351,Dallas Goedert,PHI,2026,TE,,9.547491073608398,152.75985717773438,56.09449005126953,124.71261215209961,7.794538259506226,127.3699722290039,168.68087768554688,9,False,115.28140640258789,12.0,9.431205749511719,71,1,14.84,-56.16,bust
00-0033906,Alvin Kamara,NO,2026,RB,,9.575958372255778,153.21533395609245,35.06816707133268,135.68125042042612,8.480078151276633,106.11142873065592,152.43384994412838,21,False,127.62753663002343,24.0,8.053713790402696,72,3,47.79,-24.21,bust
00-0034796,Lamar Jackson,BAL,2026,QB,15.288093,18.081134796142578,276.4260559082031,0.613656222820282,276.119227796793,17.25745173729956,249.4748077392578,293.752685546875,9,False,269.9794600009918,12.0,6.139767795801163,73,1,2.42,-70.58,bust
00-0038544,Quentin Johnston,LAC,2026,WR,,10.338669776916504,165.41871643066406,59.965187072753906,135.4361228942871,8.464757680892944,148.3720703125,174.2144317626953,34,False,130.66782760620117,36.0,4.7682952880859375,74,3,49.09,-24.909999999999997,bust
00-0033908,Cooper Kupp,SEA,2026,WR,,10.473812103271484,167.58099365234375,65.30403137207031,134.9289779663086,8.433061122894287,109.11930847167969,150.04638671875,33,False,130.66782760620117,36.0,4.261150360107422,75,3,91.27,16.269999999999996,
00-0034753,Mark Andrews,BAL,2026,TE,,9.094164848327637,145.5066375732422,52.28251647949219,119.3653793334961,7.460336208343506,101.77578735351562,143.4519500732422,10,False,115.28140640258789,12.0,4.083972930908203,76,1,17.44,-58.56,bust
00-0035659,Terry McLaurin,WAS,2026,WR,,10.27876091003418,164.46017456054688,60.11885452270508,134.40074729919434,8.400046706199646,135.84738159179688,184.48880004882812,35,False,130.66782760620117,36.0,3.732919692993164,77,3,22.32,-54.68,bust
00-0036355,Justin Herbert,LAC,2026,QB,15.848987,17.262304306030273,273.59002685546875,0.15175044536590576,273.5141516327858,17.094634477049112,259.4886474609375,311.0359191894531,10,False,269.9794600009918,12.0,3.534691631793976,78,1,8.17,-69.83,bust
00-0036971,Trevor Lawrence,JAX,2026,QB,14.447262,18.88451385498047,272.82952880859375,0.12139478325843811,272.76883141696453,17.048051963560283,250.60049438476562,296.0371398925781,11,False,269.9794600009918,12.0,2.7893714159727097,79,1,9.72,-69.28,bust
00-0033288,George Kittle,SF,2026,TE,,8.810653686523438,140.970458984375,49.56781005859375,116.18655395507812,7.261659622192383,124.43768310546875,188.98133850097656,12,False,115.28140640258789,12.0,0.9051475524902344,80,1,13.19,-66.81,bust
00-0034348,Courtland Sutton,DEN,2026,WR,,10.079405784606934,161.27049255371094,61.20532989501953,130.66782760620117,8.166739225387573,145.46681213378906,193.6019744873047,36,False,130.66782760620117,36.0,0.0,81,3,33.68,-47.32,bust
00-0034844,Saquon Barkley,PHI,2026,RB,,8.79533838013604,140.72541408217663,26.1957549043064,127.62753663002343,7.976721039376464,125.20837914750805,162.3989267171433,26,False,127.62753663002343,24.0,0.0,82,3,9.82,-72.18,bust
00-0030061,Zach Ertz,WAS,2026,TE,,8.839944839477539,141.43911743164062,52.31542205810547,115.28140640258789,7.205087900161743,99.92288208007812,152.09695434570312,11,False,115.28140640258789,12.0,0.0,83,1,47.4,-35.6,bust
00-0040691,Jaxson Dart,NYG,2026,QB,15.212558,17.76276206970215,270.217041015625,0.4751620292663574,269.9794600009918,16.87371625006199,254.3684539794922,294.58734130859375,12,False,269.9794600009918,12.0,0.0,84,1,8.69,-75.31,bust
00-0031381,Davante Adams,LA,2026,WR,,9.444137573242188,151.106201171875,41.7249755859375,130.24371337890625,8.14023208618164,133.5303955078125,213.6380615234375,40,False,130.66782760620117,36.0,-0.4241142272949219,85,3,22.35,-62.65,bust
00-0036158,J.K. Dobbins,DEN,2026,RB,,8.364498391539817,133.83197426463707,14.486680159846205,126.58863418471395,7.911789636544622,102.21721123833103,150.80080050834638,28,False,127.62753663002343,24.0,-1.0389024453094748,86,3,37.18,-48.82,bust
00-0038606,Parker Washington,JAX,2026,WR,,9.706987380981445,155.31179809570312,52.72419738769531,128.94969940185547,8.059356212615967,134.69369506835938,181.92347717285156,38,False,130.66782760620117,36.0,-1.7181282043457031,87,3,43.21,-43.79,bust
00-0039065,Sam LaPorta,DET,2026,TE,,8.741689682006836,139.86703491210938,52.956214904785156,113.3889274597168,7.0868079662323,121.52193450927734,185.68569946289062,13,False,115.28140640258789,12.0,-1.8924789428710938,88,1,7.44,-80.56,bust
00-0040730,RJ Harvey,DEN,2026,RB,,9.41968681873319,150.71498909973104,52.8359033782771,124.29703741059248,7.76856483816203,125.03480625990726,183.17492292160046,23,False,127.62753663002343,24.0,-3.3304992194309477,89,3,26.21,-62.79,bust
00-0039738,Blake Corum,LA,2026,RB,,8.37935127640815,134.0696204225304,19.826531875957617,124.15635448455157,7.759772155284473,98.91745814000312,140.24311450475213,27,False,127.62753663002343,24.0,-3.4711821454718574,90,3,36.91,-53.09,bust
00-0039146,Jayden Reed,GB,2026,WR,,9.71125316619873,155.3800506591797,56.49186325073242,127.13411903381348,7.945882439613342,97.44004821777344,170.70156860351562,37,False,130.66782760620117,36.0,-3.5337085723876953,91,3,46.76,-44.24,bust
00-0040663,Harold Fannin Jr.,CLE,2026,TE,,8.735450744628906,139.7672119140625,60.215797424316406,109.6593132019043,6.8537070751190186,126.89057922363281,176.25277709960938,14,False,115.28140640258789,12.0,-5.622093200683594,92,1,6.25,-85.75,bust
00-0039165,Zach Charbonnet,SEA,2026,RB,,8.057576414887667,128.92122263820266,14.467478060125083,121.68748360814011,7.605467725508757,93.31968996824753,149.08623797532226,31,False,127.62753663002343,24.0,-5.940053021883315,93,3,43.06,-49.94,bust
00-0040130,Jayden Higgins,HOU,2026,WR,,9.086858749389648,145.38973999023438,43.62677764892578,123.57635116577148,7.723521947860718,111.29544830322266,158.5717315673828,46,False,130.66782760620117,36.0,-7.0914764404296875,94,3,50.82,-43.18,bust
00-0036919,Kenneth Gainwell,TB,2026,RB,,8.818987375314231,141.1037980050277,41.14961793143647,120.52898903930947,7.533061814956842,124.24324193141136,170.39542214291134,25,False,127.62753663002343,24.0,-7.098547590713963,95,3,36.21,-58.79,bust
00-0039901,Keon Coleman,BUF,2026,WR,,9.241116523742676,147.8578643798828,48.66949462890625,123.52311706542969,7.7201948165893555,126.69500732421875,164.7532196044922,43,False,130.66782760620117,36.0,-7.144710540771484,96,3,91.57,-4.430000000000007,
00-0035640,DK Metcalf,PIT,2026,WR,,9.486515998840332,151.7842559814453,56.7531623840332,123.40767478942871,7.712979674339294,140.90635681152344,187.68121337890625,39,False,130.66782760620117,36.0,-7.260152816772461,97,3,34.88,-62.12,bust
00-0038124,Christian Watson,GB,2026,WR,,9.080146789550781,145.2823486328125,45.5045051574707,122.53009605407715,7.658131003379822,117.89562225341797,163.7130584716797,47,False,130.66782760620117,36.0,-8.137731552124023,98,3,29.18,-68.82,bust
00-0037816,Romeo Doubs,NE,2026,WR,,9.428879737854004,150.86207580566406,56.83867263793945,122.44273948669434,7.652671217918396,136.42552185058594,176.9735107421875,41,False,130.66782760620117,36.0,-8.225088119506836,99,3,52.76,-46.24,bust
00-0039847,Theo Johnson,NYG,2026,TE,,8.49159049987793,135.86544799804688,57.93281936645508,106.89903831481934,6.6811898946762085,106.17457580566406,156.56442260742188,15,False,115.28140640258789,12.0,-8.382368087768555,100,1,32.81,-67.19,bust
00-0039338,Brock Bowers,LV,2026,TE,,8.481070518493652,135.69712829589844,58.56331253051758,106.41547203063965,6.650967001914978,140.44900512695312,208.01632690429688,16,False,115.28140640258789,12.0,-8.865934371948242,101,1,1.72,-99.28,bust
00-0033040,Tyreek Hill,MIA,2026,WR,,9.423297882080078,150.77276611328125,58.672088623046875,121.43672180175781,7.589795112609863,114.53521728515625,170.06300354003906,42,False,130.66782760620117,36.0,-9.23110580444336,102,3,67.9,-34.099999999999994,bust
00-0040236,Kyle Monangai,CHI,2026,RB,,8.135873908996583,130.17398254394533,23.844733390808106,118.25161584854126,7.390725990533829,97.05473457336426,156.09820053100586,30,False,127.62753663002343,24.0,-9.375920781482165,103,3,32.76,-70.24000000000001,bust
00-0031408,Mike Evans,SF,2026,WR,,8.56359577178955,137.0175323486328,32.745079040527344,120.64499282836914,7.540312051773071,111.95619201660156,152.80836486816406,52,False,130.66782760620117,36.0,-10.022834777832031,104,3,24.5,-79.5,bust
00-0039384,Tyrone Tracy Jr.,NYG,2026,RB,,8.266383151028926,132.2621304164628,29.42585307898708,117.54920387696927,7.3468252423105795,118.15557467231517,147.9888232208816,29,False,127.62753663002343,24.0,-10.078332753054156,105,3,43.5,-61.5,bust
00-0040583,Woody Marks,HOU,2026,RB,,7.9591024398314145,127.34563903730263,21.74898248848729,116.47114779305899,7.279446737066187,95.1435114421492,147.5124581025611,32,False,127.62753663002343,24.0,-11.156388836964439,106,3,43.97,-62.03,bust
00-0038621,DeMario Douglas,NE,2026,WR,,8.766786575317383,140.26858520507812,41.63784408569336,119.44966316223145,7.465603947639465,112.3056869506836,145.1968536376953,49,False,130.66782760620117,36.0,-11.218164443969727,107,3,120.67,13.670000000000002,
00-0033106,Jared Goff,DET,2026,QB,14.755287,17.545434951782227,258.887939453125,0.5301901698112488,258.6228443682194,16.16392777301371,240.85960388183594,271.1575012207031,13,False,269.9794600009918,12.0,-11.356615632772446,108,1,17.14,-90.86,bust
00-0039849,Marvin Harrison Jr.,AZ,2026,WR,,8.63516902923584,138.16270446777344,38.779579162597656,118.77291488647461,7.423307180404663,105.14689636230469,149.57374572753906,51,False,130.66782760620117,36.0,-11.894912719726562,109,3,33.29,-75.71000000000001,bust
00-0037809,Chig Okonkwo,WAS,2026,TE,,8.102282524108887,129.6365203857422,54.5484504699707,102.36229515075684,6.397643446922302,87.47634887695312,140.2404327392578,17,False,115.28140640258789,12.0,-12.919111251831055,110,1,20.78,-89.22,bust
00-0036259,Jauan Jennings,MIN,2026,WR,,9.030801773071289,144.49282836914062,54.82744216918945,117.0791072845459,7.317444205284119,122.54454040527344,162.30262756347656,48,False,130.66782760620117,36.0,-13.588720321655273,111,3,58.94,-52.06,bust
00-0040179,DJ Giddens,IND,2026,RB,,7.471469902992249,119.54351844787598,11.260184125900269,113.91342638492584,7.119589149057865,50.39764492034912,122.63674034118652,39,False,127.62753663002343,24.0,-13.714110245097586,112,3,80.89,-31.11,bust
00-0038933,Dalton Kincaid,BUF,2026,TE,,7.9738593101501465,127.58174896240234,52.427764892578125,101.36786651611328,6.33549165725708,122.96441650390625,160.6553955078125,19,False,115.28140640258789,12.0,-13.91353988647461,113,1,11.34,-101.66,bust
00-0036275,D'Andre Swift,CHI,2026,RB,,7.8204926692680665,125.12788270828906,24.30236710525555,112.9766991556613,7.061043697228831,125.11863753917363,174.0965810513872,34,False,127.62753663002343,24.0,-14.650837474362135,114,3,23.59,-90.41,bust
00-0035710,Daniel Jones,IND,2026,QB,16.292301,15.682292938232422,255.50064086914062,0.43095964193344116,255.2851610481739,15.955322565510869,217.08489990234375,258.4503173828125,14,False,269.9794600009918,12.0,-14.694298952817917,115,1,25.72,-89.28,bust
00-0040586,Jaydon Blue,DAL,2026,RB,,7.671845145225525,122.7495223236084,20.740089492797853,112.37947757720947,7.023717348575592,76.34121391296387,143.3778042602539,38,False,127.62753663002343,24.0,-15.248059052813957,116,3,80.4,-35.599999999999994,bust
00-0040162,Dylan Sampson,CLE,2026,RB,,7.802190866470337,124.83505386352539,25.035778942108156,112.31716439247131,7.019822774529457,76.92502883911133,159.09789321899416,35,False,127.62753663002343,24.0,-15.310372237552116,117,3,47.21,-69.78999999999999,bust
00-0039793,AJ Barner,SEA,2026,TE,,7.368660926818848,117.89857482910156,35.9979248046875,99.89961242675781,6.243725776672363,104.59980010986328,142.48208618164062,21,False,115.28140640258789,12.0,-15.381793975830078,118,1,24.53,-93.47,bust
00-0036264,Jordan Love,GB,2026,QB,16.867321,15.080092430114746,254.3607635498047,0.47744014859199524,254.1220434755087,15.882627717219293,228.45046997070312,262.91015625,15,False,269.9794600009918,12.0,-15.857416525483131,119,1,18.33,-100.67,bust
00-0039910,Jayden Daniels,WAS,2026,QB,14.001679,18.152788162231445,254.16952514648438,0.6043626070022583,253.86734384298325,15.866708990186453,225.78912353515625,269.42138671875,16,False,269.9794600009918,12.0,-16.112116158008575,120,1,4.89,-115.11,bust
00-0039798,Isaiah Davis,NYJ,2026,RB,,7.92105269908905,126.7368431854248,30.453569355010988,111.51005850791931,6.969378656744957,72.82249778747558,120.65963729858399,33,False,127.62753663002343,24.0,-16.117478122104117,121,3,73.27,-47.730000000000004,bust
00-0036875,Rhamondre Stevenson,NE,2026,RB,,7.712455532137944,123.3992885142071,23.792288518418683,111.50314425499776,6.96894651593736,121.44120303948392,158.18116209308224,37,False,127.62753663002343,24.0,-16.124392375025664,122,3,30.56,-91.44,bust
00-0037228,Jaylen Warren,PIT,2026,RB,,7.738785841430728,123.82057346289164,25.152833380141054,111.24415677282111,6.95275979830132,113.10114349459232,154.59223270267432,36,False,127.62753663002343,24.0,-16.383379857202314,123,3,26.12,-96.88,bust
00-0036252,Michael Pittman,PIT,2026,WR,,8.756402969360352,140.10244750976562,51.99740219116211,114.10374641418457,7.131484150886536,130.96163940429688,176.98922729492188,50,False,130.66782760620117,36.0,-16.5640811920166,124,3,,,
00-0038129,Cade Otton,TB,2026,TE,,7.707884788513184,123.32615661621094,50.94571304321289,97.85330009460449,6.115831255912781,98.26713562011719,134.80804443359375,20,False,115.28140640258789,12.0,-17.4281063079834,125,1,28.87,-96.13,bust
00-0035719,Deebo Samuel Sr.,WAS,2026,WR,,9.149853706359863,146.3976593017578,66.70670318603516,113.04430770874023,7.065269231796265,131.47100830078125,176.5108184814453,44,False,130.66782760620117,36.0,-17.623519897460938,126,3,61.21,-64.78999999999999,bust
00-0034383,Dalton Schultz,HOU,2026,TE,,7.988083362579346,127.80933380126953,60.48907470703125,97.5647964477539,6.097799777984619,107.26348876953125,173.4870147705078,18,False,115.28140640258789,12.0,-17.716609954833984,127,1,20.38,-106.62,bust
00-0037545,Rashid Shaheed,SEA,2026,WR,,8.483242988586426,135.7318878173828,46.21095657348633,112.62640953063965,7.039150595664978,114.40084075927734,173.3844451904297,54,False,130.66782760620117,36.0,-18.041418075561523,128,3,60.41,-67.59,bust
00-0037261,Khalil Shakir,BUF,2026,WR,,9.109246253967285,145.74794006347656,66.5186767578125,112.48860168457031,7.0305376052856445,127.1952133178711,188.8945770263672,45,False,130.66782760620117,36.0,-18.17922592163086,129,3,48.21,-80.78999999999999,bust
00-0040719,Bhayshul Tuten,JAX,2026,RB,,7.298310818672181,116.77297309875489,15.68552924156189,108.93020847797393,6.808138029873371,91.2941700744629,132.23236373901366,40,False,127.62753663002343,24.0,-18.697328152049494,130,3,27.06,-102.94,bust
00-0030279,Keenan Allen,LAC,2026,WR,,8.496176719665527,135.93882751464844,49.084468841552734,111.39659309387207,6.962287068367004,113.43069458007812,167.17381286621094,53,False,130.66782760620117,36.0,-19.2712345123291,131,3,95.66,-35.34,bust
00-0039874,Jaylen Wright,MIA,2026,RB,,7.141194896697998,114.25911834716797,17.704309635162353,105.40696352958679,6.587935220599174,83.56528022766113,136.74741500854492,44,False,127.62753663002343,24.0,-22.22057310043664,132,3,64.06,-67.94,bust
00-0039342,Xavier Legette,CAR,2026,WR,,7.9366679191589355,126.98668670654297,38.227867126464844,107.87275314331055,6.742047071456909,87.00614929199219,125.97605895996094,55,False,130.66782760620117,36.0,-22.795074462890625,133,3,95.54,-37.459999999999994,bust
00-0033293,Aaron Jones,MIN,2026,RB,,7.236170975549999,115.77873560879999,22.426369034142468,104.56555109172876,6.535346943233048,83.7579172348764,129.16997725500465,41,False,127.62753663002343,24.0,-23.061985538294664,134,3,,,
00-0038041,Jake Ferguson,DAL,2026,TE,,7.134854316711426,114.15766906738281,43.92801284790039,92.19366264343262,5.762103915214539,82.57275390625,127.71947479248047,22,False,115.28140640258789,12.0,-23.087743759155273,135,1,11.5,-123.5,bust
00-0036894,Pat Freiermuth,PIT,2026,TE,,7.081636905670166,113.30619049072266,42.50285720825195,92.05476188659668,5.7534226179122925,89.99005126953125,123.10755157470703,23,False,115.28140640258789,12.0,-23.22664451599121,136,1,31.0,-105.0,bust
00-0040142,Kaleb Johnson,PIT,2026,RB,,6.960203075408936,111.36324920654297,14.227469282150269,104.24951456546783,6.51559466034174,41.71915309906006,143.03354888916016,46,False,127.62753663002343,24.0,-23.378022064555594,137,3,70.55,-66.45,bust
00-0038996,Tucker Kraft,GB,2026,TE,,7.007631301879883,112.12210083007812,43.097412109375,90.57339477539062,5.660837173461914,105.3099594116211,159.10374450683594,24,False,115.28140640258789,12.0,-24.708011627197266,138,1,5.72,-132.28,bust
00-0040737,Terrance Ferguson,LA,2026,TE,,6.535182476043701,104.56291961669922,28.678590774536133,90.22362422943115,5.638976514339447,75.98231506347656,112.80781555175781,30,False,115.28140640258789,12.0,-25.05778217315674,139,1,28.09,-110.91,bust
00-0026498,Matthew Stafford,LA,2026,QB,14.406355,16.976478576660156,244.5691680908203,0.09451086819171906,244.52191265672445,15.282619541045278,220.84890747070312,275.1622009277344,17,False,269.9794600009918,12.0,-25.45754734426737,140,1,14.36,-125.64,bust
00-0040739,Elijah Arroyo,SEA,2026,TE,,6.65297794342041,106.44764709472656,33.954742431640625,89.47027587890625,5.591892242431641,59.03325653076172,107.9599838256836,27,False,115.28140640258789,12.0,-25.81113052368164,141,1,43.2,-97.8,bust
00-0038559,Michael Wilson,AZ,2026,WR,,7.780813217163086,124.49301147460938,39.479820251464844,104.75310134887695,6.54706883430481,110.88211059570312,155.38331604003906,56,False,130.66782760620117,36.0,-25.91472625732422,142,3,34.71,-107.28999999999999,bust
00-0033526,Samaje Perine,CIN,2026,RB,,7.1936821911124476,115.09891505779916,26.80091746067201,101.69845632746315,6.356153520466447,81.77996404126928,124.84766338852315,42,False,127.62753663002343,24.0,-25.92908030256028,143,3,87.38,-55.620000000000005,bust
00-0033858,Jonnu Smith,PIT,2026,TE,,6.623198986053467,105.97118377685547,35.581825256347656,88.18027114868164,5.5112669467926025,68.05965423583984,110.09938049316406,29,False,115.28140640258789,12.0,-27.10113525390625,144,1,49.33,-94.67,bust
00-0037834,Brock Purdy,SF,2026,QB,14.588778,16.644515991210938,242.82313537597656,0.09717447310686111,242.77454813942313,15.173409258713946,227.30023193359375,263.0390930175781,18,False,269.9794600009918,12.0,-27.20491186156869,145,1,11.75,-133.25,bust
00-0036139,Rico Dowdle,PIT,2026,RB,,6.809090102125242,108.94544163400387,17.328248049378967,100.28131760931439,6.267582350582149,91.58862788963448,128.37727446172923,47,False,127.62753663002343,24.0,-27.346219020709043,146,3,30.38,-115.62,bust
00-0039373,Audric Estimé,NO,2026,RB,,7.053487200737,112.855795211792,26.43228895187378,99.6396507358551,6.227478170990944,91.58894187927247,133.87942703247072,45,False,127.62753663002343,24.0,-27.98788589416833,147,3,,,
00-0039391,Kimani Vidal,LAC,2026,RB,,6.703893906627919,107.26230250604671,17.51023559019388,98.50718471094977,6.156699044434361,67.94877146794649,117.95275319923856,49,False,127.62753663002343,24.0,-29.120351919073656,148,3,60.09,-87.91,bust
00-0033885,David Njoku,LAC,2026,TE,,6.647891521453857,106.36626434326172,40.95649337768555,85.88801765441895,5.368001103401184,75.26814270019531,120.73461151123047,28,False,115.28140640258789,12.0,-29.393388748168945,149,1,28.19,-120.81,bust
00-0035229,T.J. Hockenson,MIN,2026,TE,,6.718337059020996,107.49339294433594,43.550655364990234,85.71806526184082,5.357379078865051,69.03875732421875,127.4164810180664,25,False,115.28140640258789,12.0,-29.56334114074707,150,1,21.75,-128.25,bust
00-0033921,Chris Godwin Jr.,TB,2026,WR,,7.299408435821533,116.79053497314453,32.068931579589844,100.75606918334961,6.297254323959351,94.66472625732422,139.38804626464844,59,False,130.66782760620117,36.0,-29.911758422851562,151,3,34.74,-116.25999999999999,bust
00-0036555,Chuba Hubbard,CAR,2026,RB,,6.790747586677206,108.6519613868353,23.781884450266247,96.76101916170218,6.047563697606386,93.17220373964408,136.65402891938447,48,False,127.62753663002343,24.0,-30.86651746832125,152,3,26.76,-125.24,bust
00-0040242,Jacory Croskey-Merritt,WAS,2026,RB,,6.243469450328548,99.89551120525677,12.495277855544773,93.64787227748438,5.852992017342774,80.07421382274798,132.66867596824068,50,False,127.62753663002343,24.0,-33.97966435253905,153,3,39.71,-113.28999999999999,bust
00-0038608,Kayshon Boutte,NE,2026,WR,,7.120924472808838,113.9347915649414,35.157718658447266,96.35593223571777,6.022245764732361,88.76256561279297,126.80745697021484,62,False,130.66782760620117,36.0,-34.3118953704834,154,3,68.32,-85.68,bust
00-0038935,Brenton Strange,JAX,2026,TE,,6.693804740905762,107.10087585449219,52.272335052490234,80.96470832824707,5.060294270515442,91.053955078125,133.92591857910156,26,False,115.28140640258789,12.0,-34.31669807434082,155,1,16.91,-138.09,bust
00-0040237,Tez Johnson,TB,2026,WR,,7.4732890129089355,119.57262420654297,46.57217025756836,96.28653907775879,6.017908692359924,95.12513732910156,130.19305419921875,58,False,130.66782760620117,36.0,-34.38128852844238,156,3,111.61,-44.39,bust
00-0039890,Adonai Mitchell,NYJ,2026,WR,,7.288702487945557,116.6192398071289,41.55054473876953,95.84396743774414,5.990247964859009,92.3778076171875,138.58047485351562,61,False,130.66782760620117,36.0,-34.82386016845703,157,3,66.44,-90.56,bust
00-0033881,Evan Engram,DEN,2026,TE,,6.334636211395264,101.35417938232422,42.13984298706055,80.28425788879395,5.017766118049622,84.45124816894531,120.08518981933594,31,False,115.28140640258789,12.0,-34.997148513793945,158,1,31.58,-126.42,bust
00-0039032,Tyjae Spears,TEN,2026,RB,,7.150204121983272,114.40326595173235,43.754030267139726,92.52625081816248,5.782890676135155,78.36997850124351,119.19137781883413,43,False,127.62753663002343,24.0,-35.10128581186095,159,3,46.0,-113.0,bust
00-0033357,Taysom Hill,NO,2026,TE,,5.988386154174805,95.81417846679688,31.281932830810547,80.1732120513916,5.010825753211975,61.059452056884766,102.9526596069336,32,False,115.28140640258789,12.0,-35.10819435119629,160,1,72.5,-87.5,bust
00-0038563,Tre Tucker,LV,2026,WR,,7.4768595695495605,119.62975311279297,54.587799072265625,92.33585357666016,5.77099084854126,100.37665557861328,152.83706665039062,57,False,130.66782760620117,36.0,-38.331974029541016,161,3,72.3,-88.7,bust
00-0033955,Jeremy McNichols,WAS,2026,RB,,6.20977487579753,99.35639801276048,21.766389532696294,88.47320324641234,5.529575202900771,60.48786248585037,106.56529200935755,51,False,127.62753663002343,24.0,-39.15433338361109,162,3,340.0,178.0,sleeper
00-0038611,Chris Rodriguez Jr.,JAX,2026,RB,,5.787567770241223,92.60108432385957,9.083540476851885,88.05931408543363,5.503707130339602,57.95047290188413,97.90914352751203,58,False,127.62753663002343,24.0,-39.5682225445898,163,3,48.97,-114.03,bust
00-0040649,Robbie Ouzts,SEA,2026,RB,,5.940256757736206,95.0441081237793,15.422522554397583,87.33284684658051,5.458302927911282,27.372565116882324,129.09732009887696,55,False,127.62753663002343,24.0,-40.29468978344292,164,3,,,
00-0035250,Devin Singletary,NYG,2026,RB,,6.11236376748356,97.79782027973695,21.630242049473758,86.98269925500007,5.436418703437504,76.00829598684658,101.5181085260954,52,False,127.62753663002343,24.0,-40.64483737502336,165,3,83.69,-81.31,bust
00-0034960,Jakobi Meyers,JAX,2026,WR,,7.2924017906188965,116.67842864990234,53.690250396728516,89.83330345153809,5.61458146572113,106.04824829101562,156.67051696777344,60,False,130.66782760620117,36.0,-40.834524154663086,166,3,37.47,-128.53,bust
00-0039916,Ricky Pearsall,SF,2026,WR,,6.859416484832764,109.75066375732422,39.87953567504883,89.8108959197998,5.613180994987488,77.35741424560547,125.7414779663086,63,False,130.66782760620117,36.0,-40.85693168640137,167,3,42.53,-124.47,bust
00-0034791,Nick Chubb,HOU,2026,RB,,5.786220353826279,92.57952566122046,14.200747764908558,85.47915177876618,5.342446986172886,75.00662264485135,102.59848638708179,59,False,127.62753663002343,24.0,-42.14838485125725,168,3,99.0,-69.0,bust
00-0037256,Rachaad White,WAS,2026,RB,,5.941526900708553,95.06443041133684,19.666487567909446,85.23118662738213,5.326949164211383,80.42509240058413,113.06797178123522,54,False,127.62753663002343,24.0,-42.3963500026413,169,3,39.24,-129.76,bust
00-0035689,Dawson Knox,BUF,2026,TE,,5.53926944732666,88.62831115722656,32.66424560546875,72.29618835449219,4.518511772155762,80.99098205566406,108.27593231201172,33,False,115.28140640258789,12.0,-42.9852180480957,170,1,49.33,-120.67,bust
00-0038555,Tank Bigsby,PHI,2026,RB,,5.803239850997925,92.8518376159668,16.918808116912842,84.39243355751037,5.274527097344398,69.47472274780273,114.67028694152832,57,False,127.62753663002343,24.0,-43.235103072513056,171,3,58.06,-112.94,bust
00-0040584,Gunnar Helm,TEN,2026,TE,,5.409112453460693,86.5457992553711,31.320276260375977,70.8856611251831,4.430353820323944,61.407371520996094,103.43196105957031,34,False,115.28140640258789,12.0,-44.395745277404785,172,1,26.94,-145.06,bust
00-0037837,Calvin Austin III,NYG,2026,WR,,6.511668682098389,104.18669891357422,35.868202209472656,86.25259780883789,5.390787363052368,74.23291778564453,110.85516357421875,65,False,130.66782760620117,36.0,-44.41522979736328,173,3,110.5,-62.5,bust
00-0040644,Trevor Etienne,CAR,2026,RB,,5.7441716432571415,91.90674629211426,17.768741607666016,83.02237548828126,5.1888984680175785,50.76551441192627,127.91053176879883,60,False,127.62753663002343,24.0,-44.60516114174217,174,3,92.3,-81.7,bust
00-0038705,Emari Demercado,KC,2026,RB,,5.865278698136592,93.84445917018547,21.774849119075434,82.95703461064777,5.1848146631654854,69.512310459573,111.57492599236646,56,False,127.62753663002343,24.0,-44.67050201937566,175,3,88.21,-86.79,bust
00-0040590,Konata Mumpfield,LA,2026,WR,,6.646191120147705,106.33905792236328,41.01636505126953,85.83087539672852,5.364429712295532,66.30657958984375,123.06658935546875,64,False,130.66782760620117,36.0,-44.836952209472656,176,3,104.18,-71.82,bust
00-0039410,Ryan Flournoy,DAL,2026,WR,,6.321264743804932,101.1402359008789,31.432889938354492,85.42379093170166,5.338986933231354,66.32476806640625,98.34832000732422,69,False,130.66782760620117,36.0,-45.24403667449951,177,3,77.97,-99.03,bust
00-0036290,Cole Kmet,CHI,2026,TE,,5.31615686416626,85.05850982666016,30.912195205688477,69.60241222381592,4.350150763988495,72.73443603515625,104.56526947021484,35,False,115.28140640258789,12.0,-45.67899417877197,178,1,47.17,-130.82999999999998,bust
00-0036988,Josh Palmer,BUF,2026,WR,,6.438082695007324,103.00932312011719,36.242523193359375,84.8880615234375,5.305503845214844,72.96637725830078,109.74959564208984,68,False,130.66782760620117,36.0,-45.77976608276367,179,3,,,
00-0033555,Mack Hollins,NE,2026,WR,,6.494655609130859,103.91448974609375,38.6246452331543,84.6021671295166,5.287635445594788,77.36785888671875,112.13643646240234,66,False,130.66782760620117,36.0,-46.06566047668457,180,3,95.4,-84.6,bust
00-0037838,Isaiah Likely,NYG,2026,TE,,5.221697807312012,83.54716491699219,31.039230346679688,68.02754974365234,4.2517218589782715,62.436004638671875,104.01922607421875,37,False,115.28140640258789,12.0,-47.25385665893555,181,1,12.84,-168.16,bust
00-0038619,Andrei Iosivas,CIN,2026,WR,,6.462996959686279,103.40795135498047,40.80517578125,83.00536346435547,5.187835216522217,86.7048110961914,119.0372543334961,67,False,130.66782760620117,36.0,-47.6624641418457,182,3,102.95,-79.05,bust
00-0040581,Dont'e Thornton Jr.,LV,2026,WR,,6.03517484664917,96.56279754638672,28.624908447265625,82.2503433227539,5.140646457672119,54.04404830932617,132.77865600585938,73,False,130.66782760620117,36.0,-48.417484283447266,183,3,116.0,-67.0,bust
00-0037525,Jordan Mason,MIN,2026,RB,,5.356582363009208,85.70531780814733,13.012804571970287,79.19891552216218,4.949932220135136,75.25769801177039,116.10499307542366,64,False,127.62753663002343,24.0,-48.42862110786125,184,3,43.65,-140.35,bust
00-0039921,Trey Benson,AZ,2026,RB,,5.969221873283386,95.50754997253418,33.80307125091553,78.60601434707642,4.9128758966922765,71.02220596313477,134.93930419921875,53,False,127.62753663002343,24.0,-49.021522282947004,185,3,67.5,-117.5,bust
00-0033110,Tyler Higbee,LA,2026,TE,,5.26140022277832,84.18240356445312,36.41974639892578,65.97253036499023,4.12328314781189,72.0064697265625,99.40017700195312,36,False,115.28140640258789,12.0,-49.308876037597656,186,1,40.0,-146.0,bust
00-0040134,Pat Bryant,DEN,2026,WR,,6.107884407043457,97.72615051269531,33.39181900024414,81.03024101257324,5.064390063285828,77.08263397216797,107.46991729736328,71,False,130.66782760620117,36.0,-49.63758659362793,187,3,75.33,-111.67,bust
00-0036407,Jerry Jeudy,CLE,2026,WR,,6.105059623718262,97.68095397949219,33.39751052856445,80.98219871520996,5.061387419700623,78.24756622314453,135.474609375,72,False,130.66782760620117,36.0,-49.68562889099121,188,3,62.06,-125.94,bust
00-0036244,Colby Parkinson,LA,2026,TE,,4.8632493019104,77.8119888305664,24.682130813598633,65.47092342376709,4.091932713985443,63.65182876586914,108.25163269042969,38,False,115.28140640258789,12.0,-49.8104829788208,189,1,32.81,-156.19,bust
00-0040202,Devin Neal,NO,2026,RB,,5.668326015472412,90.6932162475586,26.15187421798706,77.61727913856507,4.851079946160317,69.61827774047852,111.8591300201416,61,False,127.62753663002343,24.0,-50.01025749145836,190,3,69.72,-120.28,bust
00-0038976,Marvin Mims Jr.,DEN,2026,WR,,6.026805400848389,96.42888641357422,32.19192886352539,80.33292198181152,5.02080762386322,83.82801055908203,120.62786865234375,74,False,130.66782760620117,36.0,-50.33490562438965,191,3,90.4,-100.6,bust
00-0038797,Emanuel Wilson,SEA,2026,RB,,5.303716540010232,84.85946464016371,15.333174578870999,77.19287735072821,4.824554834420513,67.69102144208695,99.06251896251807,65,False,127.62753663002343,24.0,-50.43465927929522,192,3,56.74,-135.26,bust
00-0033923,Kareem Hunt,KC,2026,RB,,5.443312881454713,87.09300610327541,20.342714110067003,76.9216490482419,4.807603065515119,64.35087704971177,101.41683474416034,62,False,127.62753663002343,24.0,-50.705887581781525,193,3,94.7,-98.3,bust
00-0037291,Jalen Nailor,LV,2026,WR,,5.877890110015869,94.0462417602539,29.248023986816406,79.4222297668457,4.9638893604278564,75.11894989013672,111.12767028808594,77,False,130.66782760620117,36.0,-51.24559783935547,194,3,86.68,-107.32,bust
00-0039356,Ja'Tavion Sanders,CAR,2026,TE,,4.829540729522705,77.27265167236328,26.983867645263672,63.780717849731445,3.9862948656082153,46.45612716674805,84.57857513427734,39,False,115.28140640258789,12.0,-51.500688552856445,195,1,41.63,-153.37,bust
00-0040170,Elic Ayomanor,TEN,2026,WR,,6.24072265625,99.8515625,42.877201080322266,78.41296195983887,4.900810122489929,96.036865234375,145.05152893066406,70,False,130.66782760620117,36.0,-52.254865646362305,196,3,83.58,-112.42,bust
00-0035685,David Montgomery,HOU,2026,RB,,5.374835978869622,85.99737566191395,21.275804550332783,75.35947338674755,4.709967086671722,80.14814690283764,116.1055877549774,63,False,127.62753663002343,24.0,-52.268063243275876,197,3,23.29,-173.71,bust
00-0040736,Mason Taylor,NYJ,2026,TE,,4.6196608543396,73.9145736694336,22.952163696289062,62.43849182128906,3.9024057388305664,52.9253044128418,93.16908264160156,41,False,115.28140640258789,12.0,-52.84291458129883,198,1,29.77,-168.23,bust
00-0039880,Malik Washington,MIA,2026,WR,,5.989157199859619,95.8265151977539,36.343505859375,77.6547622680664,4.85342264175415,77.99003601074219,114.210693359375,75,False,130.66782760620117,36.0,-53.013065338134766,199,3,90.0,-109.0,bust
00-0038393,Dontayvion Wicks,PHI,2026,WR,,5.633979797363281,90.1436767578125,28.695789337158203,75.7957820892334,4.737236380577087,64.70093536376953,106.83513641357422,80,False,130.66782760620117,36.0,-54.87204551696777,200,3,80.0,-120.0,bust
00-0039875,Ray Davis,BUF,2026,RB,,5.04827941105351,80.77247057685616,17.418376563305237,72.06328229520355,4.503955143450222,67.3701423466426,114.49348636368707,66,False,127.62753663002343,24.0,-55.56425433481988,201,3,62.29,-138.71,bust
00-0040705,Chimere Dike,TEN,2026,WR,,5.752982139587402,92.04771423339844,34.82398223876953,74.63572311401367,4.6647326946258545,78.43780517578125,120.81741333007812,79,False,130.66782760620117,36.0,-56.0321044921875,202,3,76.38,-125.62,bust
00-0040648,Tory Horton,SEA,2026,WR,,5.6336774826049805,90.13883972167969,34.77541732788086,72.75113105773926,4.546945691108704,62.551734924316406,106.02532958984375,81,False,130.66782760620117,36.0,-57.916696548461914,203,3,94.03,-108.97,bust
00-0040198,Ollie Gordon II,MIA,2026,RB,,4.749452848434449,75.99124557495118,12.588664054870605,69.69691354751588,4.356057096719742,54.072901840209965,103.77157272338867,67,False,127.62753663002343,24.0,-57.93062308250755,204,3,71.18,-132.82,bust
00-0039491,Jalen Coker,CAR,2026,WR,,5.8424553871154785,93.47928619384766,42.33820724487305,72.31018257141113,4.519386410713196,71.3321762084961,122.04743194580078,78,False,130.66782760620117,36.0,-58.35764503479004,205,3,54.26,-150.74,bust
00-0037112,Jake Tonges,SF,2026,TE,,4.6495585441589355,74.39293670654297,35.26981735229492,56.75802803039551,3.5473767518997192,72.20315551757812,110.96715545654297,40,False,115.28140640258789,12.0,-58.52337837219238,206,1,34.4,-171.6,bust
00-0036196,Gabe Davis,BUF,2026,WR,,5.423431396484375,86.77490234375,30.43529510498047,71.55725479125977,4.472328424453735,48.85752868652344,93.59797668457031,82,False,130.66782760620117,36.0,-59.110572814941406,207,3,164.4,-42.599999999999994,bust
00-0037263,Tyler Allgeier,AZ,2026,RB,,4.607928822486063,73.726861159777,11.749741653935866,67.85199033280908,4.2407493958005675,57.05573981478963,90.53509470256202,70,False,127.62753663002343,24.0,-59.77554629721435,208,3,42.88,-165.12,bust
00-0038794,Jaleel McLaughlin,DEN,2026,RB,,4.599986501764876,73.59978402823802,13.432846407854418,66.8833608243108,4.180210051519425,53.155594225602144,78.95034998742952,71,False,127.62753663002343,24.0,-60.74417580571263,209,3,81.7,-127.3,bust
00-0038997,Josh Downs,IND,2026,WR,,5.9487175941467285,95.17948150634766,50.83696365356445,69.76099967956543,4.360062479972839,95.45767211914062,145.34536743164062,76,False,130.66782760620117,36.0,-60.90682792663574,210,3,45.18,-164.82,bust
00-0034829,Mike Gesicki,CIN,2026,TE,,4.36973237991333,69.91571807861328,31.436124801635742,54.19765567779541,3.387353479862213,59.21010208129883,85.71404266357422,42,False,115.28140640258789,12.0,-61.08375072479248,211,1,35.22,-175.78,bust
00-0040131,Kyle Williams,NE,2026,WR,,5.148406028747559,82.37449645996094,26.547983169555664,69.1005048751831,4.318781554698944,57.51630783081055,90.74104309082031,86,False,130.66782760620117,36.0,-61.567322731018066,212,3,90.17,-121.83,bust
00-0036414,Cam Akers,SEA,2026,RB,,4.725666946682678,75.61067114692285,19.188933401675683,66.01620444608501,4.126012777880313,60.712220527340826,90.33745293326773,68,False,127.62753663002343,24.0,-61.611332183938416,213,3,121.0,-92.0,bust
00-0038951,Sean Tucker,TB,2026,RB,,4.380886425971985,70.09418281555176,9.45669496536255,65.36583533287049,4.085364708304406,55.65071014404297,97.3410115814209,73,False,127.62753663002343,24.0,-62.26170129715294,214,3,63.29,-150.71,bust
00-0038551,Kendre Miller,NO,2026,RB,,4.440555300712585,71.04888481140136,11.706575479507446,65.19559707164764,4.0747248169779775,58.5004944229126,94.95924659729005,72,False,127.62753663002343,24.0,-62.43193955837579,215,3,75.16,-139.84,bust
00-0035243,Miles Sanders,DAL,2026,RB,,4.684755929637494,74.9560948741999,20.002773971831775,64.95470788828402,4.059669243017751,57.979628977844115,100.35327207357732,69,False,127.62753663002343,24.0,-62.67282874173941,216,3,110.2,-105.8,bust
00-0038618,Xavier Hutchinson,HOU,2026,WR,,5.191154479980469,83.0584716796875,30.82349967956543,67.64672183990479,4.227920114994049,63.738765716552734,100.53005981445312,85,False,130.66782760620117,36.0,-63.02110576629639,217,3,122.0,-95.0,bust
00-0030035,Adam Thielen,PIT,2026,WR,,5.250574588775635,84.00919342041016,33.19530487060547,67.41154098510742,4.213221311569214,48.40552520751953,89.587890625,84,False,130.66782760620117,36.0,-63.25628662109375,218,3,,,
00-0036626,Dyami Brown,WAS,2026,WR,,4.882105350494385,78.11368560791016,23.961196899414062,66.13308715820312,4.133317947387695,56.53014373779297,92.36493682861328,90,False,130.66782760620117,36.0,-64.53474044799805,219,3,126.67,-92.33,bust
00-0040718,Travis Hunter,JAX,2026,WR,,5.275753974914551,84.41206359863281,37.76495361328125,65.52958679199219,4.095599174499512,78.77884674072266,129.72390747070312,83,False,130.66782760620117,36.0,-65.13824081420898,220,3,62.5,-157.5,bust
00-0031610,Darren Waller,MIA,2026,TE,,3.922311305999756,62.756980895996094,27.403759002685547,49.05510139465332,3.0659438371658325,57.8570671081543,89.25809478759766,43,False,115.28140640258789,12.0,-66.22630500793457,221,1,45.29,-175.71,bust
00-0040669,Isaac TeSlaa,DET,2026,WR,,4.985398769378662,79.7663803100586,30.82457733154297,64.35409164428711,4.022130727767944,63.046043395996094,95.8543701171875,88,False,130.66782760620117,36.0,-66.31373596191406,222,3,77.97,-144.03,bust
00-0040667,Matthew Golden,GB,2026,WR,,4.991054058074951,79.85686492919922,31.635690689086914,64.03901958465576,4.002438724040985,66.37516784667969,104.28569030761719,87,False,130.66782760620117,36.0,-66.62880802154541,223,3,56.35,-166.65,bust
00-0037801,KaVontae Turpin,DAL,2026,WR,,4.669393062591553,74.71028900146484,22.459787368774414,63.48039531707764,3.9675247073173523,61.392574310302734,98.24398803710938,95,False,130.66782760620117,36.0,-67.18743228912354,224,3,121.0,-103.0,bust
00-0037666,Jalen Tolbert,MIA,2026,WR,,4.940723419189453,79.05157470703125,31.526628494262695,63.2882604598999,3.955516278743744,69.83843994140625,99.47948455810547,89,False,130.66782760620117,36.0,-67.37956714630127,225,3,113.56,-111.44,bust
00-0035208,Olamide Zaccheaus,ATL,2026,WR,,4.718287944793701,75.49260711669922,24.548484802246094,63.21836471557617,3.9511477947235107,58.72911071777344,97.32792663574219,92,False,130.66782760620117,36.0,-67.449462890625,226,3,116.83,-109.17,bust
00-0040194,Jackson Hawes,BUF,2026,TE,,3.6237809658050537,57.98049545288086,21.474523544311523,47.2432336807251,2.9527021050453186,41.253662109375,82.45367431640625,44,False,115.28140640258789,12.0,-68.0381727218628,227,1,61.0,-166.0,bust
00-0037563,Malik Davis,DAL,2026,RB,,4.024115954701987,64.38585527523179,9.917274404965713,59.427218072748936,3.7142011295468085,39.02340633867539,76.65914085132303,75,False,127.62753663002343,24.0,-68.2003185572745,228,3,87.04,-140.95999999999998,bust
00-0033455,Anthony Firkser,DET,2026,TE,,3.320639133453369,53.130226135253906,13.243012428283691,46.50871992111206,2.906794995069504,23.6130313873291,45.85035705566406,50,False,115.28140640258789,12.0,-68.77268648147583,229,1,,,
00-0039066,Michael Mayer,LV,2026,TE,,3.6201364994049072,57.922183990478516,23.476110458374023,46.184128761291504,2.886508047580719,43.26560592651367,79.53495788574219,45,False,115.28140640258789,12.0,-69.09727764129639,230,1,43.88,-186.12,bust
00-0036637,Noah Gray,KC,2026,TE,,3.4638969898223877,55.4223518371582,18.672359466552734,46.086172103881836,2.8803857564926147,36.91280746459961,63.364654541015625,48,False,115.28140640258789,12.0,-69.19523429870605,231,1,41.69,-189.31,bust
00-0036755,Jaret Patterson,LAC,2026,RB,,3.995930419457767,63.934886711324275,11.70080413221089,58.08448464521883,3.630280290326177,49.741713325296836,91.67944840746495,77,False,127.62753663002343,24.0,-69.5430519848046,232,3,142.33,-89.66999999999999,bust
00-0035537,Ty Johnson,BUF,2026,RB,,4.321928094110613,69.15084950576981,22.57497723257599,57.86336088948181,3.616460055592613,59.267633483333185,102.11272378314447,74,False,127.62753663002343,24.0,-69.76417574054162,233,3,77.31,-155.69,bust
00-0039855,Jalen McMillan,TB,2026,WR,,4.6786627769470215,74.85860443115234,28.19161605834961,60.76279640197754,3.797674775123596,65.33668518066406,99.32948303222656,94,False,130.66782760620117,36.0,-69.90503120422363,234,3,68.12,-165.88,bust
00-0037231,Kevin Austin Jr.,NO,2026,WR,,4.552649021148682,72.8423843383789,25.232601165771484,60.226083755493164,3.7641302347183228,50.85074234008789,84.91502380371094,98,False,130.66782760620117,36.0,-70.44174385070801,235,3,171.5,-63.5,bust
00-0038454,Keaton Mitchell,LAC,2026,RB,,4.0041250491142275,64.06600078582764,13.950856971740723,57.09057229995728,3.56816076874733,56.56722091674805,89.84199203491211,76,False,127.62753663002343,24.0,-70.53696433006616,236,3,53.32,-182.68,bust
00-0037197,Isiah Pacheco,DET,2026,RB,,3.962054116189031,63.392865859024496,12.99484560117911,56.89544305843494,3.555965191152184,52.4407041424876,93.78593060487594,78,False,127.62753663002343,24.0,-70.73209357158848,237,3,50.09,-186.91,bust
00-0033077,Dak Prescott,DAL,2026,QB,12.969357,15.350473403930664,199.0857696533203,0.0,199.0857696533203,12.44286060333252,181.0160369873047,222.35650634765625,19,False,269.9794600009918,12.0,-70.89369034767151,238,2,10.25,-227.75,bust
00-0037745,Velus Jones Jr.,SEA,2026,RB,,3.8017684933618683,60.82829589378989,8.475380790098166,56.59060549874081,3.5369128436713004,25.790931558328325,66.42054007940796,81,False,127.62753663002343,24.0,-71.03693113128261,239,3,225.0,-14.0,
00-0036165,Isaiah Hodgins,NYG,2026,WR,,4.655137062072754,74.48219299316406,30.224334716796875,59.370025634765625,3.7106266021728516,52.93947982788086,89.91165161132812,96,False,130.66782760620117,36.0,-71.29780197143555,240,3,166.0,-74.0,bust
00-0035249,Josh Oliver,MIN,2026,TE,,3.3234026432037354,53.174442291259766,18.638574600219727,43.8551549911499,2.740947186946869,39.907806396484375,70.81634521484375,49,False,115.28140640258789,12.0,-71.42625141143799,241,1,74.38,-166.62,bust
00-0039405,Jawhar Jordan,HOU,2026,RB,,3.9316552306853447,62.906483690965516,13.592497129153097,56.110235126388964,3.5068896953993103,58.13866662630556,93.13114375705185,79,False,127.62753663002343,24.0,-71.51730150363446,242,3,102.0,-140.0,bust
00-0038558,Darnell Washington,PIT,2026,TE,,3.299274444580078,52.78839111328125,18.37099266052246,43.60289478302002,2.725180923938751,42.84293746948242,71.51805114746094,51,False,115.28140640258789,12.0,-71.67851161956787,243,1,39.83,-203.17000000000002,bust
00-0040187,Mitchell Evans,CAR,2026,TE,,3.488405704498291,55.814491271972656,24.719491958618164,43.454745292663574,2.7159215807914734,45.233768463134766,75.08721160888672,47,False,115.28140640258789,12.0,-71.82666110992432,244,1,59.33,-184.67000000000002,bust
00-0040782,Isaiah Bond,CLE,2026,WR,,4.689616680145264,75.03386688232422,32.53886032104492,58.76443672180176,3.67277729511261,67.67938995361328,112.40982055664062,93,False,130.66782760620117,36.0,-71.90339088439941,245,3,107.56,-137.44,bust
00-0037252,Greg Dulcich,MIA,2026,TE,,3.589083433151245,57.42533493041992,28.929718017578125,42.96047592163086,2.6850297451019287,42.0192985534668,76.88520050048828,46,False,115.28140640258789,12.0,-72.32093048095703,246,1,28.93,-217.07,bust
00-0039603,British Brooks,HOU,2026,RB,,3.7923603088916127,60.6777649422658,12.050214909821811,54.6526574873549,3.4157910929596813,27.059453269258746,74.0790366241852,82,False,127.62753663002343,24.0,-72.97487914266853,247,3,,,
00-0038720,Julian Hill,NE,2026,TE,,3.221353769302368,51.54166030883789,18.98347282409668,42.04992389678955,2.628120243549347,23.769638061523438,54.86260223388672,53,False,115.28140640258789,12.0,-73.23148250579834,248,1,86.5,-161.5,bust
00-0040727,Tre Harris,LAC,2026,WR,,4.8131818771362305,77.01091003417969,39.35628128051758,57.3327693939209,3.583298087120056,65.89241027832031,99.3896713256836,91,False,130.66782760620117,36.0,-73.33505821228027,249,3,,,
00-0037004,Hunter Long,JAX,2026,TE,,3.245786666870117,51.932586669921875,21.020395278930664,41.42238903045654,2.588899314403534,30.591705322265625,54.742095947265625,52,False,115.28140640258789,12.0,-73.85901737213135,250,1,76.0,-174.0,bust
00-0034365,Ian Thomas,LV,2026,TE,,3.0439062118530273,48.70249938964844,14.761890411376953,41.32155418395996,2.5825971364974976,27.628604888916016,55.27003860473633,56,False,115.28140640258789,12.0,-73.95985221862793,251,1,128.0,-123.0,bust
00-0032775,Demarcus Robinson,SF,2026,WR,,4.396571636199951,70.34514617919922,27.517366409301758,56.58646297454834,3.5366539359092712,60.382205963134766,95.67522430419922,99,False,130.66782760620117,36.0,-74.08136463165283,252,3,142.75,-109.25,bust
00-0033246,Johnny Mundt,PHI,2026,TE,,3.058490037918091,48.93584060668945,15.739785194396973,41.06594800949097,2.5666217505931854,39.428218841552734,61.277793884277344,55,False,115.28140640258789,12.0,-74.21545839309692,253,1,112.0,-141.0,bust
00-0035535,Darius Slayton,NYG,2026,WR,,4.165224552154541,66.64359283447266,20.758359909057617,56.26441287994385,3.5165258049964905,39.351478576660156,74.58409881591797,101,False,130.66782760620117,36.0,-74.40341472625732,254,3,98.71,-155.29000000000002,bust
00-0036550,Rashod Bateman,BAL,2026,WR,,4.554317951202393,72.86908721923828,33.963008880615234,55.887582778930664,3.4929739236831665,66.38107299804688,112.13656616210938,97,False,130.66782760620117,36.0,-74.78024482727051,255,3,88.26,-166.74,bust
00-0036309,Darnell Mooney,NYG,2026,WR,,4.121841907501221,65.94947052001953,21.7728328704834,55.06305408477783,3.4414408802986145,60.45713424682617,101.60620880126953,103,False,130.66782760620117,36.0,-75.60477352142334,256,3,77.91,-178.09,bust
00-0040466,Raheim Sanders,CLE,2026,RB,,3.483175597190857,55.73080955505371,7.795476951599121,51.833071079254154,3.2395669424533846,43.65428508758545,90.62873123168946,85,False,127.62753663002343,24.0,-75.79446555076927,257,3,102.44,-154.56,bust
00-0035662,Marquise Brown,PHI,2026,WR,,4.209664821624756,67.3546371459961,25.02220344543457,54.84353542327881,3.4277209639549255,45.82970428466797,83.79827880859375,100,False,130.66782760620117,36.0,-75.82429218292236,258,3,,,
00-0035406,Lil'Jordan Humphrey,DEN,2026,WR,,4.1170854568481445,65.87336730957031,22.605562210083008,54.57058620452881,3.4106616377830505,47.23334503173828,77.34123229980469,104,False,130.66782760620117,36.0,-76.09724140167236,259,3,163.5,-95.5,bust
00-0036849,Tutu Atwell,MIA,2026,WR,,4.135770320892334,66.17232513427734,23.24881362915039,54.54791831970215,3.4092448949813843,48.608802795410156,88.65559387207031,102,False,130.66782760620117,36.0,-76.11990928649902,260,3,121.29,-138.70999999999998,bust
00-0038979,Cedric Tillman,CLE,2026,WR,,4.108814239501953,65.74102783203125,23.55971908569336,53.96116828918457,3.3725730180740356,57.91702651977539,87.1003646850586,105,False,130.66782760620117,36.0,-76.7066593170166,261,3,111.36,-149.64,bust
00-0036924,Michael Carter,TEN,2026,RB,,3.6262075707081816,58.019321131330905,14.234032204547702,50.902305029057054,3.181394064316066,48.67167989358765,94.00955779977076,83,False,127.62753663002343,24.0,-76.72523160096637,262,3,98.73,-163.26999999999998,bust
00-0040556,Corey Kiner,AZ,2026,RB,,3.564325315952301,57.029205055236815,13.042321367263794,50.50804437160492,3.1567527732253073,40.984510345458986,82.66076904296875,84,False,127.62753663002343,24.0,-77.11949225841852,263,3,,,
00-0038679,Tyrell Shavers,BUF,2026,WR,,4.09132194519043,65.46115112304688,24.06186294555664,53.430219650268555,3.3393887281417847,55.05328369140625,83.65660858154297,107,False,130.66782760620117,36.0,-77.23760795593262,264,3,154.75,-109.25,bust
00-0038547,Luke Schoonmaker,DAL,2026,TE,,2.799927234649658,44.79883575439453,14.086376190185547,37.75564765930176,2.35972797870636,35.7198371887207,60.79594421386719,60,False,115.28140640258789,12.0,-77.52575874328613,265,1,341.0,76.0,sleeper
00-0034613,Tanner Hudson,CIN,2026,TE,,2.8702523708343506,45.92403793334961,17.96947479248047,36.939300537109375,2.308706283569336,28.534236907958984,56.396751403808594,59,False,115.28140640258789,12.0,-78.34210586547852,266,1,83.4,-182.6,bust
00-0039144,Luke Musgrave,GB,2026,TE,,3.1115524768829346,49.78483963012695,26.253507614135742,36.65808582305908,2.2911303639411926,41.45969009399414,69.45674896240234,54,False,115.28140640258789,12.0,-78.62332057952881,267,1,52.17,-214.82999999999998,bust
00-0039424,Devaughn Vele,NO,2026,WR,,4.098475456237793,65.57560729980469,27.167333602905273,51.99194049835205,3.249496281147003,57.108192443847656,86.49132537841797,106,False,130.66782760620117,36.0,-78.67588710784912,268,3,100.4,-167.6,bust
00-0036628,John Bates,WAS,2026,TE,,2.7914066314697266,44.662506103515625,16.516387939453125,36.40431213378906,2.2752695083618164,27.338407516479492,46.47924041748047,61,False,115.28140640258789,12.0,-78.87709426879883,269,1,43.8,-225.2,bust
00-0034975,Justice Hill,BAL,2026,RB,,3.832420230189225,61.3187236830276,25.51584462629941,48.56080136987789,3.0350500856173683,71.58538959145464,96.30803222839022,80,False,127.62753663002343,24.0,-79.06673526014553,270,3,79.76,-190.24,bust
00-0037086,Grant Calcaterra,PHI,2026,TE,,2.8760151863098145,46.01624298095703,20.52243995666504,35.75502300262451,2.234688937664032,35.68531799316406,63.81888198852539,58,False,115.28140640258789,12.0,-79.52638339996338,271,1,73.0,-198.0,bust
00-0039074,Davis Allen,LA,2026,TE,,2.9335861206054688,46.9373779296875,22.463966369628906,35.70539474487305,2.2315871715545654,41.017059326171875,61.12883377075195,57,False,115.28140640258789,12.0,-79.57601165771484,272,1,82.0,-190.0,bust
00-0038440,Zavier Scott,MIN,2026,RB,,3.433103525197971,54.929656403167535,15.073116237084234,47.39309828462542,2.9620686427890885,37.77641346283272,64.51085788562312,87,False,127.62753663002343,24.0,-80.23443834539802,273,3,296.0,23.0,
00-0040138,Jaylin Noel,HOU,2026,WR,,3.8443617820739746,61.509788513183594,22.15504264831543,50.43226718902588,3.1520166993141174,57.13361358642578,90.205810546875,110,False,130.66782760620117,36.0,-80.2355604171753,274,3,71.53,-202.47,bust
00-0039530,Brevyn Spann-Ford,DAL,2026,TE,,2.571917772293091,41.15068435668945,12.652915954589844,34.82422637939453,2.176514148712158,20.910493850708008,45.73108673095703,70,False,115.28140640258789,12.0,-80.45718002319336,275,1,109.67,-165.32999999999998,bust
00-0031236,Brandin Cooks,BUF,2026,WR,,3.933623790740967,62.93798065185547,25.622390747070312,50.12678527832031,3.1329240798950195,50.493709564208984,88.59172058105469,109,False,130.66782760620117,36.0,-80.54104232788086,276,3,301.0,25.0,sleeper
00-0038589,Josh Whyle,GB,2026,TE,,2.387341022491455,38.19745635986328,7.630937576293945,34.38198757171631,2.1488742232322693,24.22577476501465,45.54035186767578,74,False,115.28140640258789,12.0,-80.89941883087158,277,1,89.0,-188.0,bust
00-0039757,Terrell Jennings,NE,2026,RB,,3.235322528091055,51.76516044945688,10.166453837617304,46.68193353064822,2.917620845665514,32.04038389754247,68.98401594868268,90,False,127.62753663002343,24.0,-80.9456030993752,278,3,101.2,-176.8,bust
00-0039355,Luke McCaffrey,WAS,2026,WR,,3.6221542358398438,57.9544677734375,17.586851119995117,49.16104221343994,3.0725651383399963,42.82106018066406,76.26487731933594,113,False,130.66782760620117,36.0,-81.50678539276123,279,3,112.11,-166.89,bust
00-0034270,Tyler Conklin,DET,2026,TE,,2.7553515434265137,44.08562469482422,20.622713088989258,33.77426815032959,2.1108917593955994,38.86424255371094,70.36128234863281,62,False,115.28140640258789,12.0,-81.5071382522583,280,1,66.63,-213.37,bust
00-0038115,Daniel Bellinger,TEN,2026,TE,,2.754631996154785,44.07411193847656,20.93768882751465,33.60526752471924,2.1003292202949524,39.057106018066406,68.43807983398438,63,False,115.28140640258789,12.0,-81.67613887786865,281,1,51.25,-229.75,bust
00-0037306,John FitzPatrick,GB,2026,TE,,2.6526355743408203,42.442169189453125,17.74449920654297,33.56991958618164,2.0981199741363525,29.666915893554688,49.90498733520508,65,False,115.28140640258789,12.0,-81.71148681640625,282,1,,,
00-0040078,Brashard Smith,KC,2026,RB,,3.469070236682892,55.50512378692627,19.180508460998535,45.914869556427,2.8696793472766875,38.68246364593506,78.71736808776856,86,False,127.62753663002343,24.0,-81.71266707359644,283,3,73.79,-209.20999999999998,bust
00-0034159,Will Dissly,LAC,2026,TE,,2.5763015747070312,41.2208251953125,15.521825790405273,33.45991230010986,2.0912445187568665,31.196063995361328,53.0095100402832,69,False,115.28140640258789,12.0,-81.82149410247803,284,1,80.0,-204.0,bust
00-0037157,Bam Knight,AZ,2026,RB,,3.255884051830454,52.094144829287266,12.737784074271566,45.72525279215148,2.8578282995094675,27.59807840611003,76.91384230089548,88,False,127.62753663002343,24.0,-81.90228383787195,285,3,90.95,-194.05,bust
00-0036422,Adam Trautman,DEN,2026,TE,,2.45843505859375,39.3349609375,13.333449363708496,32.66823625564575,2.0417647659778595,26.971445083618164,44.38173294067383,73,False,115.28140640258789,12.0,-82.61317014694214,286,1,81.5,-204.5,bust
00-0032392,Austin Hooper,ATL,2026,TE,,2.5602738857269287,40.96438217163086,16.631183624267578,32.64879035949707,2.040549397468567,37.69575500488281,63.379058837890625,71,False,115.28140640258789,12.0,-82.63261604309082,287,1,58.33,-228.67000000000002,bust
00-0034775,Christian Kirk,SF,2026,WR,,3.943793296813965,63.10069274902344,30.48996925354004,47.85570812225342,2.9909817576408386,42.318660736083984,77.51610565185547,108,False,130.66782760620117,36.0,-82.81211948394775,288,3,92.0,-196.0,bust
00-0039041,Elijah Higgins,AZ,2026,TE,,2.6260204315185547,42.016326904296875,19.244474411010742,32.394089698791504,2.024630606174469,41.7703742980957,60.318084716796875,67,False,115.28140640258789,12.0,-82.88731670379639,289,1,54.0,-235.0,bust
00-0035628,D'Ernest Johnson,NE,2026,RB,,3.2387134311429286,51.81941489828686,14.473624449304976,44.58260267363437,2.786412667102148,22.53755434756896,68.04722821245448,89,False,127.62753663002343,24.0,-83.04493395638906,290,3,163.33,-126.66999999999999,bust
00-0036328,Antonio Gibson,NE,2026,RB,,3.0038845590105785,48.062152944169256,7.048352672494005,44.53797660792225,2.783623537995141,39.098128848536064,68.15320948893856,94,False,127.62753663002343,24.0,-83.08956002210118,291,3,106.4,-184.6,bust
00-0038839,Mitchell Tinsley,CIN,2026,WR,,3.6428062915802,58.2849006652832,21.908687591552734,47.330556869506836,2.9581598043441772,52.49491500854492,83.76187133789062,112,False,130.66782760620117,36.0,-83.33727073669434,292,3,,,
00-0037005,Tommy Tremble,CAR,2026,TE,,2.6044416427612305,41.67106628417969,19.781219482421875,31.78045654296875,1.9862785339355469,28.125625610351562,59.368446350097656,68,False,115.28140640258789,12.0,-83.50094985961914,293,1,57.33,-235.67000000000002,bust
00-0034981,Foster Moreau,HOU,2026,TE,,2.694223642349243,43.10757827758789,22.806137084960938,31.704509735107422,1.9815318584442139,31.282085418701172,58.70553207397461,64,False,115.28140640258789,12.0,-83.57689666748047,294,1,83.67,-210.32999999999998,bust
00-0035631,Drew Sample,CIN,2026,TE,,2.6275343894958496,42.040550231933594,20.730690002441406,31.67520523071289,1.9797003269195557,24.37141227722168,53.34048080444336,66,False,115.28140640258789,12.0,-83.606201171875,295,1,115.5,-179.5,bust
00-0037267,Jerome Ford,WAS,2026,RB,,3.0056982703620156,48.09117232579225,8.938269377283492,43.622037637150505,2.7263773523219066,36.586266741272844,76.42373774142725,93,False,127.62753663002343,24.0,-84.00549899287293,296,3,80.21,-215.79000000000002,bust
00-0038783,Nate Adkins,DEN,2026,TE,,2.35730242729187,37.71683883666992,13.14389705657959,31.144890308380127,1.946555644273758,25.200037002563477,56.56591033935547,77,False,115.28140640258789,12.0,-84.13651609420776,297,1,,,
00-0039062,Jonathan Mingo,DAL,2026,WR,,3.5314810276031494,56.50369644165039,19.982070922851562,46.51266098022461,2.907041311264038,35.5289306640625,61.78486633300781,115,False,130.66782760620117,36.0,-84.15516662597656,298,3,178.14,-119.86000000000001,bust
00-0039746,Will Shipley,PHI,2026,RB,,3.1763472318649293,50.82155570983887,14.976269702911377,43.33342085838318,2.7083388036489486,26.496546077728272,72.24651756286622,91,False,127.62753663002343,24.0,-84.29411577164025,299,3,94.06,-204.94,bust
00-0038046,Charlie Kolar,LAC,2026,TE,,2.3076083660125732,36.92173385620117,11.994797706604004,30.92433500289917,1.9327709376811981,23.827789306640625,60.764747619628906,78,False,115.28140640258789,12.0,-84.35707139968872,300,1,77.11,-222.89,bust
00-0039912,Ben Sinnott,WAS,2026,TE,,2.500934362411499,40.014949798583984,18.267498016357422,30.881200790405273,1.9300750494003296,34.76322555541992,54.2381706237793,72,False,115.28140640258789,12.0,-84.40020561218262,301,1,46.83,-254.17000000000002,bust
00-0034272,Marquez Valdes-Scantling,DAL,2026,WR,,3.474548578262329,55.592777252197266,18.863866806030273,46.16084384918213,2.885052740573883,20.594438552856445,53.71160125732422,119,False,130.66782760620117,36.0,-84.50698375701904,302,3,182.25,-119.75,bust
00-0033375,Tim Patrick,NYJ,2026,WR,,3.353302240371704,53.652835845947266,15.262557983398438,46.02155685424805,2.876347303390503,30.527244567871094,60.84329605102539,122,False,130.66782760620117,36.0,-84.64627075195312,303,3,190.5,-112.5,bust
00-0038685,Chris Brooks,GB,2026,RB,,3.1217003563248404,49.94720570119745,14.128392038025488,42.8830096821847,2.6801881051365437,33.4010352167734,66.21717567851167,92,False,127.62753663002343,24.0,-84.74452694783872,304,3,82.11,-221.89,bust
00-0034837,Calvin Ridley,TEN,2026,WR,,3.3792564868927,54.0681037902832,16.846363067626953,45.64492225646973,2.852807641029358,46.58436584472656,84.21846008300781,121,False,130.66782760620117,36.0,-85.02290534973145,305,3,77.68,-227.32,bust
00-0036415,Van Jefferson,WAS,2026,WR,,3.099945306777954,49.599124908447266,8.57834243774414,45.309953689575195,2.8318721055984497,23.90399169921875,66.18130493164062,125,False,130.66782760620117,36.0,-85.35787391662598,306,3,166.14,-139.86,bust
00-0039751,Jordan Whittington,LA,2026,WR,,3.4937407970428467,55.89985275268555,21.983013153076172,44.90834617614746,2.8067716360092163,43.84681701660156,72.78754425048828,118,False,130.66782760620117,36.0,-85.75948143005371,307,3,126.0,-181.0,bust
00-0037348,Tanner Conner,NYG,2026,TE,,2.3738744258880615,37.981990814208984,17.8822078704834,29.040886878967285,1.8150554299354553,24.44240379333496,55.34678649902344,75,False,115.28140640258789,12.0,-86.2405195236206,308,1,,,
00-0038104,Tyquan Thornton,KC,2026,WR,,3.6022377014160156,57.63580322265625,26.809816360473633,44.230895042419434,2.7644309401512146,49.014137268066406,86.080810546875,114,False,130.66782760620117,36.0,-86.43693256378174,309,3,104.54,-204.45999999999998,bust
00-0033857,JuJu Smith-Schuster,KC,2026,WR,,3.649414300918579,58.390628814697266,28.801551818847656,43.98985290527344,2.74936580657959,46.78779220581055,77.76897430419922,111,False,130.66782760620117,36.0,-86.67797470092773,310,3,168.4,-141.6,bust
00-0030564,DeAndre Hopkins,BAL,2026,WR,,3.4694197177886963,55.51071548461914,23.52777862548828,43.746826171875,2.7341766357421875,47.34383010864258,86.10926055908203,120,False,130.66782760620117,36.0,-86.92100143432617,311,3,140.5,-170.5,bust
00-0039923,J.J. McCarthy,MIN,2026,QB,13.33261,13.73048210144043,183.06317138671875,0.04216045141220093,183.04209116101265,11.44013069756329,149.12017822265625,216.10763549804688,20,False,269.9794600009918,12.0,-86.93736883997917,312,2,34.96,-277.04,bust
00-0039739,Roman Wilson,PIT,2026,WR,,3.326974868774414,53.231597900390625,19.060977935791016,43.70110893249512,2.731319308280945,42.018150329589844,66.89491271972656,123,False,130.66782760620117,36.0,-86.96671867370605,313,3,139.5,-173.5,bust
00-0038938,Jalin Hyatt,NYG,2026,WR,,3.269192695617676,52.30708312988281,17.241230010986328,43.68646812438965,2.730404257774353,34.51765441894531,68.12652587890625,124,False,130.66782760620117,36.0,-86.98135948181152,314,3,151.33,-162.67,bust
00-0037475,Stone Smartt,PHI,2026,TE,,2.117776870727539,33.884429931640625,11.202455520629883,28.283202171325684,1.7677001357078552,22.103132247924805,41.67085647583008,80,False,115.28140640258789,12.0,-86.9982042312622,315,1,90.2,-224.8,bust
00-0033217,Mo Alie-Cox,IND,2026,TE,,2.0781733989715576,33.25077438354492,10.366448402404785,28.06755018234253,1.754221886396408,20.513952255249023,45.11477279663086,81,False,115.28140640258789,12.0,-87.21385622024536,316,1,102.33,-213.67000000000002,bust
00-0032211,Tyler Lockett,LV,2026,WR,,3.51985239982605,56.3176383972168,26.348236083984375,43.14352035522461,2.696470022201538,45.381370544433594,105.68319702148438,116,False,130.66782760620117,36.0,-87.52430725097656,317,3,149.5,-167.5,bust
00-0040238,LeQuint Allen Jr.,JAX,2026,RB,,2.8215264081954956,45.14442253112793,11.538399524688721,39.37522276878357,2.4609514230489733,33.924316596984866,95.99406372070312,96,False,127.62753663002343,24.0,-88.25231386123986,318,3,78.5,-239.5,bust
00-0039359,Cade Stover,HOU,2026,TE,,2.1421728134155273,34.27476501464844,15.625045776367188,26.462242126464844,1.6538901329040527,26.764158248901367,49.15880584716797,79,False,115.28140640258789,12.0,-88.81916427612305,319,1,65.9,-253.1,bust
00-0037654,Tucker Fisk,LAC,2026,TE,,1.9142378568649292,30.627805709838867,9.441316604614258,25.90714740753174,1.6191967129707336,17.649770736694336,39.89023971557617,83,False,115.28140640258789,12.0,-89.37425899505615,320,1,,,
00-0039394,Casey Washington,ATL,2026,WR,,3.072873592376709,49.165977478027344,16.321331024169922,41.00531196594238,2.562831997871399,35.94904327392578,62.12648010253906,126,False,130.66782760620117,36.0,-89.66251564025879,321,3,201.5,-119.5,bust
00-0035644,Noah Fant,NO,2026,TE,,2.3656885623931885,37.851016998291016,25.583986282348633,25.0590238571167,1.5661889910697937,39.341575622558594,66.2850570678711,76,False,115.28140640258789,12.0,-90.22238254547119,322,1,48.6,-273.4,bust
00-0033854,Dare Ogunbowale,HOU,2026,RB,,3.002941320670295,48.04706113072472,22.06012553979402,37.016998360827714,2.313562397551732,32.056060613727496,72.62887847816837,95,False,127.62753663002343,24.0,-90.61053826919571,323,3,139.0,-184.0,bust
00-0040205,Kalel Mullings,TEN,2026,RB,,2.5994497990608214,41.59119678497314,9.387114839553833,36.89763936519623,2.306102460324764,25.237412490844726,70.28404663085938,97,False,127.62753663002343,24.0,-90.7298972648272,324,3,127.5,-196.5,bust
00-0036429,Charlie Woerner,ATL,2026,TE,,1.9403140544891357,31.045024871826172,12.991890907287598,24.549079418182373,1.5343174636363983,17.508071899414062,40.65081024169922,82,False,115.28140640258789,12.0,-90.73232698440552,325,1,,,
00-0036980,Elijah Moore,PHI,2026,WR,,2.9828855991363525,47.72616958618164,16.069894790649414,39.691222190856934,2.4807013869285583,29.290058135986328,60.386905670166016,128,False,130.66782760620117,36.0,-90.97660541534424,326,3,131.56,-194.44,bust
00-0033307,Kendrick Bourne,AZ,2026,WR,,2.947206735610962,47.15530776977539,15.793920516967773,39.258347511291504,2.453646719455719,32.325626373291016,58.58461380004883,129,False,130.66782760620117,36.0,-91.40948009490967,327,3,121.83,-205.17000000000002,bust
00-0038496,Xavier Gipson,NYG,2026,WR,,3.5169296264648438,56.2708740234375,34.5026741027832,39.0195369720459,2.4387210607528687,21.775678634643555,55.65488052368164,117,False,130.66782760620117,36.0,-91.64829063415527,328,3,229.0,-99.0,bust
00-0034521,Allen Lazard,NYJ,2026,WR,,2.941851854324341,47.06962966918945,16.76910400390625,38.68507766723633,2.4178173542022705,22.1267147064209,61.634952545166016,130,False,130.66782760620117,36.0,-91.98274993896484,329,3,197.0,-132.0,bust
00-0040164,Jaylin Lane,WAS,2026,WR,,2.933149814605713,46.930397033691406,16.78892707824707,38.53593349456787,2.408495843410492,40.26530456542969,75.69615173339844,131,False,130.66782760620117,36.0,-92.1318941116333,330,3,122.3,-207.7,bust
00-0039050,Payne Durham,TB,2026,TE,,1.8814902305603027,30.103843688964844,14.355986595153809,22.92585039138794,1.4328656494617462,16.601787567138672,34.216407775878906,84,False,115.28140640258789,12.0,-92.35555601119995,331,1,99.25,-231.75,bust
00-0035359,David Sills,TB,2026,WR,,3.0059638023376465,48.095420837402344,19.91140365600586,38.139719009399414,2.3837324380874634,45.87661361694336,74.93417358398438,127,False,130.66782760620117,36.0,-92.52810859680176,332,3,,,
00-0037746,Brian Robinson,ATL,2026,RB,,2.364937167662125,37.838994682594,5.587820093137283,35.04508463602536,2.190317789751585,36.933362006436134,70.21876797012234,99,False,127.62753663002343,24.0,-92.58245199399806,333,3,,,
00-0040277,Jahdae Walker,CHI,2026,WR,,2.797470808029175,44.7595329284668,14.949810028076172,37.28462791442871,2.3302892446517944,33.73624038696289,70.2225112915039,134,False,130.66782760620117,36.0,-93.38319969177246,334,3,148.25,-185.75,bust
00-0036887,Luke Farrell,SF,2026,TE,,1.7678813934326172,28.286102294921875,13.390463829040527,21.59087038040161,1.3494293987751007,22.1865177154541,41.03630447387695,85,False,115.28140640258789,12.0,-93.69053602218628,335,1,95.67,-239.32999999999998,bust
00-0039299,George Holani,SEA,2026,RB,,2.2709801916354815,36.335683066167704,5.225987434850663,33.72268934874238,2.1076680842963986,25.611503261929094,49.975313145469755,101,False,127.62753663002343,24.0,-93.90484728128105,336,3,81.07,-254.93,bust
00-0039021,Roschon Johnson,CHI,2026,RB,,2.4969580376270617,39.95132860203299,12.775819203202486,33.56341900043175,2.0977136875269844,30.76392673723507,59.4486834781028,98,False,127.62753663002343,24.0,-94.06411762959168,337,3,104.5,-232.5,bust
00-0036841,Austin Trammell,JAX,2026,WR,,2.6138932704925537,41.82229232788086,10.62746524810791,36.508559703826904,2.2817849814891815,25.679658889770508,48.46208190917969,141,False,130.66782760620117,36.0,-94.15926790237427,338,3,,,
00-0037258,Dameon Pierce,PHI,2026,RB,,2.2189437441969475,35.50309990715116,4.133208737755214,33.436495538273554,2.089780971142097,21.51208899452946,50.36139191921895,103,False,127.62753663002343,24.0,-94.19104109174987,339,3,106.67,-232.32999999999998,bust
00-0035500,Greg Dortch,DET,2026,WR,,2.6666464805603027,42.666343688964844,12.72906494140625,36.30181121826172,2.2688632011413574,36.64433288574219,71.7873306274414,137,False,130.66782760620117,36.0,-94.36601638793945,340,3,134.5,-205.5,bust
00-0034983,Hunter Renfrow,CAR,2026,WR,,2.8566734790802,45.7067756652832,18.916948318481445,36.24830150604248,2.265518844127655,31.427385330200195,68.86258697509766,133,False,130.66782760620117,36.0,-94.41952610015869,341,3,216.0,-125.0,bust
00-0037741,Jahan Dotson,ATL,2026,WR,,2.7659413814544678,44.255062103271484,16.19641876220703,36.15685272216797,2.259803295135498,37.58245086669922,78.77613830566406,136,False,130.66782760620117,36.0,-94.5109748840332,342,3,105.67,-236.32999999999998,bust
00-0038573,Derius Davis,LAC,2026,WR,,2.659125328063965,42.54600524902344,12.9788236618042,36.05659341812134,2.2535370886325836,19.99937629699707,46.07903289794922,139,False,130.66782760620117,36.0,-94.61123418807983,343,3,212.5,-130.5,bust
00-0033282,Curtis Samuel,BUF,2026,WR,,2.8900091648101807,46.24014663696289,20.449275970458984,36.0155086517334,2.2509692907333374,34.553009033203125,57.4892463684082,132,False,130.66782760620117,36.0,-94.65231895446777,344,3,156.8,-187.2,bust
00-0037805,Jeremy Ruckert,NYJ,2026,TE,,1.719759464263916,27.516151428222656,14.190150260925293,20.42107629776001,1.2763172686100006,27.06758689880371,43.95536422729492,86,False,115.28140640258789,12.0,-94.86033010482788,345,1,78.71,-266.29,bust
00-0040259,Gage Larvadain,CLE,2026,WR,,2.768054485321045,44.28887176513672,17.210355758666992,35.68369388580322,2.2302308678627014,30.377689361572266,65.06851959228516,135,False,130.66782760620117,36.0,-94.98413372039795,346,3,,,
00-0036232,Harrison Bryant,SEA,2026,TE,,1.622368335723877,25.95789337158203,11.642084121704102,20.13685131072998,1.2585532069206238,24.560518264770508,43.681697845458984,87,False,115.28140640258789,12.0,-95.14455509185791,347,1,90.67,-256.33,bust
00-0040729,Jack Bech,LV,2026,WR,,2.665797233581543,42.65275573730469,14.292420387268066,35.506545543670654,2.219159096479416,25.755861282348633,81.9072265625,138,False,130.66782760620117,36.0,-95.16128206253052,348,3,94.13,-253.87,bust
00-0039363,Isaac Guerendo,SF,2026,RB,,2.238599361856044,35.817589789696704,7.689801474329055,31.972689052532175,1.998293065783261,24.964427021504424,50.85449931970448,102,False,127.62753663002343,24.0,-95.65484757749125,349,3,84.75,-264.25,bust
00-0036590,Quintin Morris,JAX,2026,TE,,1.4265234470367432,22.82437515258789,6.830134868621826,19.409307718276978,1.213081732392311,15.837080001831055,32.69111633300781,89,False,115.28140640258789,12.0,-95.87209868431091,350,1,95.0,-255.0,bust
00-0036727,Adam Prentice,DEN,2026,RB,,2.1686503222150235,34.698405155440376,6.1103321217511475,31.643239094564805,1.9777024434103003,12.032339014507663,35.18685985024705,104,False,127.62753663002343,24.0,-95.98429753545862,351,3,,,
00-0036265,AJ Dillon,CAR,2026,RB,,2.0980562855771434,33.568900569234295,4.226915102925389,31.455443017771604,1.9659651886107252,23.681982474748114,49.05349629388453,108,False,127.62753663002343,24.0,-96.17209361225183,352,3,122.4,-229.6,bust
00-0036754,Brock Wright,DET,2026,TE,,1.5882292985916138,25.41166877746582,12.987571716308594,18.917882919311523,1.1823676824569702,19.267576217651367,38.77386474609375,88,False,115.28140640258789,12.0,-96.36352348327637,353,1,87.6,-265.4,bust
00-0036906,Khalil Herbert,NYJ,2026,RB,,2.151437610620346,34.423001769925534,6.652437555856855,31.096782991997106,1.9435489369998191,28.197968650285222,55.88269581073445,105,False,127.62753663002343,24.0,-96.53075363802633,354,3,112.2,-241.8,bust
00-0036630,Tylan Wallace,CLE,2026,WR,,2.5644657611846924,41.03145217895508,14.133528709411621,33.96468782424927,2.1227929890155792,23.55973243713379,49.018638610839844,142,False,130.66782760620117,36.0,-96.7031397819519,355,3,187.0,-168.0,bust
00-0031687,Raheem Mostert,LV,2026,RB,,2.321713864803314,37.14742183685303,12.553276062011719,30.870783805847168,1.929423987865448,33.07126808166504,64.43646812438965,100,False,127.62753663002343,24.0,-96.75675282417626,356,3,112.0,-244.0,bust
00-0033576,Eric Saubert,SEA,2026,TE,,1.333249568939209,21.331993103027344,5.703166961669922,18.480409622192383,1.155025601387024,10.90452766418457,26.19254493713379,92,False,115.28140640258789,12.0,-96.80099678039551,357,1,119.0,-238.0,bust
00-0038040,Zamir White,LV,2026,RB,,2.105823250844983,33.69317201351973,6.710738466828756,30.33780278010535,1.8961126737565843,23.395185771291995,49.24715287884158,106,False,127.62753663002343,24.0,-97.28973384991808,358,3,117.5,-240.5,bust
00-0037304,Connor Heyward,LV,2026,TE,,1.3382607698440552,21.412172317504883,7.371871471405029,17.726236581802368,1.107889786362648,5.399277210235596,31.973316192626953,91,False,115.28140640258789,12.0,-97.55516982078552,359,1,125.5,-233.5,bust
00-0037614,John Metchie III,CAR,2026,WR,,2.6352250576019287,42.16360092163086,18.572919845581055,32.87714099884033,2.0548213124275208,41.130855560302734,73.20960235595703,140,False,130.66782760620117,36.0,-97.79068660736084,360,3,118.7,-241.3,bust
00-0038128,Malik Willis,MIA,2026,QB,13.592622,12.671446800231934,172.23818969726562,0.3456474244594574,172.0653659850359,10.754085374064744,105.07701873779297,198.24319458007812,21,False,269.9794600009918,12.0,-97.91409401595592,361,2,19.03,-341.97,bust
00-0040432,Beaux Collins,NYG,2026,WR,,2.5526180267333984,40.841888427734375,17.028430938720703,32.32767295837402,2.0204795598983765,27.360620498657227,51.93169021606445,143,False,130.66782760620117,36.0,-98.34015464782715,362,3,,,
00-0039754,Devin Culp,TB,2026,TE,,1.3049429655075073,20.879087448120117,8.644125938415527,16.557024478912354,1.034814029932022,9.180275917053223,27.245311737060547,93,False,115.28140640258789,12.0,-98.72438192367554,363,1,101.0,-262.0,bust
00-0039458,Brenden Bates,CLE,2026,TE,,1.1258972883224487,18.01435661315918,4.065099716186523,15.981806755065918,0.9988629221916199,13.780023574829102,25.897560119628906,96,False,115.28140640258789,12.0,-99.29959964752197,364,1,,,
00-0040184,KeAndre Lambert-Smith,LAC,2026,WR,,2.403942346572876,38.463077545166016,14.229389190673828,31.3483829498291,1.9592739343643188,20.876708984375,44.699527740478516,144,False,130.66782760620117,36.0,-99.31944465637207,365,3,136.08,-228.92,bust
00-0039686,Colson Yankoff,WAS,2026,TE,,1.1802318096160889,18.883708953857422,5.8800530433654785,15.943682432174683,0.9964801520109177,9.660360336303711,22.85272979736328,95,False,115.28140640258789,12.0,-99.33772397041321,366,1,,,
00-0036876,Kylen Granson,TEN,2026,TE,,1.3908121585845947,22.252994537353516,13.612578392028809,15.446705341339111,0.9654190838336945,17.758026123046875,38.423458099365234,90,False,115.28140640258789,12.0,-99.83470106124878,367,1,83.6,-283.4,bust
00-0037742,Treylon Burks,WAS,2026,WR,,2.2847163677215576,36.55546188354492,12.425103187561035,30.342910289764404,1.8964318931102753,25.252737045288086,65.7268295288086,146,False,130.66782760620117,36.0,-100.32491731643677,368,3,119.43,-248.57,bust
00-0037085,Tyler Badie,DEN,2026,RB,,2.1039461896894407,33.66313903503105,13.47520957394547,26.925534248058312,1.6828458905036445,15.693241144189438,49.36112887051561,107,False,127.62753663002343,24.0,-100.70200238196512,369,3,109.0,-260.0,bust
00-0031484,Chris Manhertz,NYG,2026,TE,,1.2381412982940674,19.810260772705078,10.940585136413574,14.339968204498291,0.8962480127811432,10.10634708404541,28.479446411132812,94,False,115.28140640258789,12.0,-100.9414381980896,370,1,,,
00-0040582,Arian Smith,NYJ,2026,WR,,2.1837692260742188,34.9403076171875,11.705681800842285,29.087466716766357,1.8179666697978973,22.521055221557617,53.754581451416016,149,False,130.66782760620117,36.0,-101.58036088943481,371,3,167.2,-203.8,bust
00-0038564,Cameron Latu,PHI,2026,TE,,0.991227924823761,15.859646797180176,4.3990559577941895,13.660118818283081,0.8537574261426926,8.000961303710938,19.755859375,97,False,115.28140640258789,12.0,-101.62128758430481,372,1,,,
00-0036425,DeeJay Dallas,JAX,2026,RB,,1.8014015813921513,28.82242530227442,6.441720075985898,25.601565264281472,1.600097829017592,14.407504615568284,42.49519729172996,112,False,127.62753663002343,24.0,-102.02597136574195,373,3,144.5,-228.5,bust
00-0035891,Cody White,SEA,2026,WR,,2.0566983222961426,32.90717315673828,9.727272033691406,28.043537139892578,1.7527210712432861,21.89750099182129,47.935211181640625,153,False,130.66782760620117,36.0,-102.6242904663086,374,3,,,
00-0036825,Feleipe Franks,CAR,2026,TE,,0.9853247404098511,15.765195846557617,6.2822675704956055,12.624062061309814,0.7890038788318634,10.202278137207031,19.736268997192383,98,False,115.28140640258789,12.0,-102.65734434127808,375,1,,,
00-0032385,Sterling Shepard,TB,2026,WR,,2.2125980854034424,35.40156936645508,14.965540885925293,27.91879892349243,1.744924932718277,34.32052230834961,61.405303955078125,148,False,130.66782760620117,36.0,-102.74902868270874,376,3,163.5,-212.5,bust
00-0038738,Hunter Luepke,DAL,2026,RB,,1.9332826052945742,30.932521684713187,12.207745237774754,24.82864906582581,1.5517905666141132,18.79237499861094,44.918682155465525,110,False,127.62753663002343,24.0,-102.79888756419761,377,3,,,
00-0040058,Nick Kallerup,SEA,2026,TE,,0.9708695411682129,15.533912658691406,6.110904693603516,12.478460311889648,0.779903769493103,7.455370903015137,16.034238815307617,99,False,115.28140640258789,12.0,-102.80294609069824,378,1,,,
00-0037594,Julius Chestnut,TEN,2026,RB,,1.9181694299786325,30.69071087965812,12.206993258004315,24.58721425065596,1.5367008906659976,17.435384036761942,50.293835549586284,111,False,127.62753663002343,24.0,-103.04032237936747,379,3,159.33,-219.67,bust
00-0032104,Ameer Abdullah,JAX,2026,RB,,1.9919954538345337,31.87192726135254,14.79255723953247,24.475648641586304,1.529728040099144,28.888306617736816,65.99284744262695,109,False,127.62753663002343,24.0,-103.15188798843712,380,3,132.0,-248.0,bust
00-0034073,Ross Dwelley,DET,2026,TE,,0.9632698893547058,15.412318229675293,6.775149345397949,12.024743556976318,0.7515464723110199,8.037862777709961,22.369417190551758,100,False,115.28140640258789,12.0,-103.25666284561157,381,1,,,
00-0034407,Ray-Ray McCloud,NYG,2026,WR,,2.238832950592041,35.821327209472656,16.8967342376709,27.372960090637207,1.7108100056648254,29.00162124633789,54.99336624145508,147,False,130.66782760620117,36.0,-103.29486751556396,382,3,,,
00-0036842,Kene Nwangwu,NYJ,2026,RB,,1.6792450838044928,26.867921340871884,5.201569428949793,24.26713662639699,1.5166960391498119,11.850129511896508,34.52857702311386,113,False,127.62753663002343,24.0,-103.36040000362644,383,3,173.5,-209.5,bust
00-0038359,Xavier Smith,LA,2026,WR,,2.107807159423828,33.72491455078125,13.031147003173828,27.209341049194336,1.700583815574646,29.263690948486328,62.65831756591797,151,False,130.66782760620117,36.0,-103.45848655700684,384,3,181.0,-203.0,bust
00-0039792,Devontez Walker,BAL,2026,WR,,2.1077768802642822,33.724430084228516,13.182093620300293,27.13338327407837,1.695836454629898,25.051103591918945,56.69795608520508,152,False,130.66782760620117,36.0,-103.5344443321228,385,3,135.67,-249.33,bust
00-0039623,Mason Tipton,NO,2026,WR,,2.0178937911987305,32.28630065917969,10.408709526062012,27.08194589614868,1.6926216185092926,27.312591552734375,43.90327835083008,154,False,130.66782760620117,36.0,-103.58588171005249,386,3,,,
00-0038397,Evan Hull,HOU,2026,RB,,1.649141956815811,26.386271309052976,5.752899564071358,23.509821527017298,1.4693638454385811,15.294854969994653,47.39039337231312,115,False,127.62753663002343,24.0,-104.11771510300613,387,3,142.5,-244.5,bust
00-0036176,Mason Kinsey,TEN,2026,WR,,1.93961501121521,31.03384017944336,9.205486297607422,26.43109703063965,1.651943564414978,10.320197105407715,44.6978759765625,158,False,130.66782760620117,36.0,-104.23673057556152,388,3,,,
00-0035291,Trayveon Williams,CLE,2026,RB,,1.6568476723253849,26.509562757206158,6.778323953378535,23.120400780516892,1.4450250487823058,12.111653448362043,31.572440278995206,114,False,127.62753663002343,24.0,-104.50713584950654,389,3,177.67,-211.33,bust
00-0032398,Chris Moore,WAS,2026,WR,,1.9009443521499634,30.415109634399414,9.205710411071777,25.812254428863525,1.6132659018039703,21.33861541748047,55.7084846496582,159,False,130.66782760620117,36.0,-104.85557317733765,390,3,500.0,110.0,sleeper
00-0033891,Zay Jones,AZ,2026,WR,,2.109616994857788,33.75387191772461,15.996777534484863,25.755483150482178,1.609717696905136,19.540122985839844,43.47981262207031,150,False,130.66782760620117,36.0,-104.912344455719,391,3,187.6,-203.4,bust
00-0036741,Jack Stoll,CLE,2026,TE,,0.9457507729530334,15.132012367248535,9.543752670288086,10.360136032104492,0.6475085020065308,13.46571159362793,25.408994674682617,101,False,115.28140640258789,12.0,-104.9212703704834,392,1,120.5,-271.5,bust
00-0039407,Dylan Laube,LV,2026,RB,,1.5407401026519172,24.651841642430675,3.979370585163516,22.662156349848917,1.4163847718655573,14.432247511415266,50.53842457138782,116,False,127.62753663002343,24.0,-104.96538028017451,393,3,326.0,-67.0,bust
00-0039920,Malachi Corley,CLE,2026,WR,,2.2854254245758057,36.56680679321289,21.76923370361328,25.68218994140625,1.6051368713378906,9.678885459899902,50.5727424621582,145,False,130.66782760620117,36.0,-104.98563766479492,394,3,166.17,-227.83,bust
00-0033439,Pharaoh Brown,AZ,2026,TE,,0.8020751476287842,12.833202362060547,5.186683654785156,10.239860534667969,0.639991283416748,5.670659065246582,25.26812744140625,103,False,115.28140640258789,12.0,-105.04154586791992,395,1,,,
00-0038710,Blake Whiteheart,CLE,2026,TE,,0.7827256917953491,12.523611068725586,4.798977375030518,10.124122381210327,0.6327576488256454,7.479679584503174,22.053638458251953,104,False,115.28140640258789,12.0,-105.15728402137756,396,1,,,
00-0036862,Ben Skowronek,PIT,2026,WR,,1.9632128477096558,31.411405563354492,12.227408409118652,25.297701358795166,1.5811063349246979,12.567353248596191,43.68592071533203,157,False,130.66782760620117,36.0,-105.370126247406,397,3,206.67,-190.33,bust
00-0034798,Durham Smythe,BAL,2026,TE,,0.8034723997116089,12.855558395385742,5.958245754241943,9.87643551826477,0.6172772198915482,9.577401161193848,27.954130172729492,102,False,115.28140640258789,12.0,-105.40497088432312,398,1,313.0,-85.0,bust
00-0036332,Josiah Deguara,AZ,2026,TE,,0.750133752822876,12.002140045166016,4.561758041381836,9.721261024475098,0.6075788140296936,5.251773357391357,19.592947006225586,105,False,115.28140640258789,12.0,-105.5601453781128,399,1,,,
00-0038643,Brayden Willis,SF,2026,TE,,0.7281965017318726,11.651144027709961,3.875629425048828,9.713329315185547,0.6070830821990967,7.669275760650635,17.132736206054688,106,False,115.28140640258789,12.0,-105.56807708740234,400,1,,,
00-0040563,Efton Chism III,NE,2026,WR,,1.7622710466384888,28.19633674621582,7.040271759033203,24.67620086669922,1.5422625541687012,17.195507049560547,44.523765563964844,163,False,130.66782760620117,36.0,-105.99162673950195,401,3,158.4,-242.6,bust
00-0039451,Isaiah Williams,NYJ,2026,WR,,1.8732188940048218,29.97150230407715,10.890295028686523,24.526354789733887,1.532897174358368,17.913299560546875,65.72582244873047,160,False,130.66782760620117,36.0,-106.14147281646729,402,3,153.75,-248.25,bust
00-0036182,Nick Westbrook-Ikhine,IND,2026,WR,,1.980912446975708,31.694599151611328,14.491790771484375,24.44870376586914,1.5280439853668213,21.489870071411133,51.20746612548828,156,False,130.66782760620117,36.0,-106.21912384033203,403,3,122.5,-280.5,bust
00-0038090,Skyy Moore,GB,2026,WR,,1.8154478073120117,29.047164916992188,9.942422866821289,24.075953483581543,1.5047470927238464,22.74386978149414,44.56882095336914,162,False,130.66782760620117,36.0,-106.59187412261963,404,3,186.8,-217.2,bust
00-0037557,Ronnie Rivers,LA,2026,RB,,1.4019622035445944,22.43139525671351,3.347374549860174,20.757707981783426,1.2973567488614641,10.541582293670363,39.45105148918575,119,False,127.62753663002343,24.0,-106.86982864824,405,3,141.0,-264.0,bust
00-0035602,Alex Bachman,LV,2026,WR,,1.718315601348877,27.49304962158203,7.4048943519592285,23.790602445602417,1.486912652850151,3.004481077194214,54.738311767578125,164,False,130.66782760620117,36.0,-106.87722516059875,406,3,,,
00-0033591,Noah Brown,WAS,2026,WR,,2.0043184757232666,32.069095611572266,16.610137939453125,23.764026641845703,1.4852516651153564,22.18279266357422,47.646507263183594,155,False,130.66782760620117,36.0,-106.90380096435547,407,3,166.5,-240.5,bust
00-0038953,Dylan Drummond,ATL,2026,WR,,1.709153175354004,27.346450805664062,7.418079376220703,23.63741111755371,1.477338194847107,18.320911407470703,35.35822677612305,166,False,130.66782760620117,36.0,-107.03041648864746,408,3,,,
00-0037292,Andrew Ogletree,IND,2026,TE,,0.6461459994316101,10.338335990905762,4.284397125244141,8.196137428283691,0.5122585892677307,9.848722457885742,26.943239212036133,107,False,115.28140640258789,12.0,-107.0852689743042,409,1,,,
00-0040208,Tahj Brooks,CIN,2026,RB,,1.4427156925201416,23.083451080322266,5.297897181510925,20.434502489566803,1.2771564055979252,15.4292364692688,46.084983558654784,117,False,127.62753663002343,24.0,-107.19303414045663,410,3,90.86,-319.14,bust
00-0039305,Jack Westover,NE,2026,TE,,0.5743672847747803,9.189876556396484,3.4872262477874756,7.446263432502747,0.46539146453142166,4.9532856941223145,14.87856388092041,108,False,115.28140640258789,12.0,-107.83514297008514,411,1,,,
00-0036133,James Proche,TEN,2026,WR,,1.7106448411941528,27.370317459106445,10.444110870361328,22.14826202392578,1.3842663764953613,10.540549278259277,39.50339126586914,165,False,130.66782760620117,36.0,-108.51956558227539,412,3,,,
00-0037617,Hassan Haskins,LAC,2026,RB,,1.2958862120708647,20.734179393133836,3.302254557756428,19.083052114255622,1.1926907571409764,11.153886871886206,29.468861622506836,120,False,127.62753663002343,24.0,-108.5444845157678,413,3,125.75,-287.25,bust
00-0039796,Rasheen Ali,BAL,2026,RB,,1.4272655859987349,22.836249375979758,7.790320932008402,18.94108890997556,1.1838180568734724,14.547409332916397,52.13705401515243,118,False,127.62753663002343,24.0,-108.68644772004787,414,3,279.0,-135.0,bust
00-0039379,Jamari Thrash,CLE,2026,WR,,1.7032067775726318,27.25130844116211,10.658236503601074,21.922190189361572,1.3701368868350983,16.385589599609375,40.350093841552734,167,False,130.66782760620117,36.0,-108.7456374168396,415,3,181.0,-234.0,bust
00-0038576,Charlie Jones,CIN,2026,WR,,1.8652898073196411,29.844636917114258,15.937790870666504,21.875741481781006,1.3672338426113129,15.384170532226562,35.82577133178711,161,False,130.66782760620117,36.0,-108.79208612442017,416,3,192.5,-223.5,bust
00-0037093,Dareke Young,LV,2026,WR,,1.6874394416809082,26.99903106689453,11.07328987121582,21.46238613128662,1.3413991332054138,17.203296661376953,39.288299560546875,168,False,130.66782760620117,36.0,-109.20544147491455,417,3,,,
00-0040534,Ke'Shawn Williams,CIN,2026,WR,,1.6146053075790405,25.83368492126465,9.88026237487793,20.893553733825684,1.3058471083641052,15.131937026977539,31.67032814025879,169,False,130.66782760620117,36.0,-109.77427387237549,418,3,,,
00-0036620,Dee Eskridge,MIA,2026,WR,,1.5340219736099243,24.54435157775879,8.439314842224121,20.32469415664673,1.2702933847904205,9.477848052978516,38.723426818847656,172,False,130.66782760620117,36.0,-110.34313344955444,419,3,234.5,-184.5,bust
00-0039589,Kameron Johnson,TB,2026,WR,,1.4252545833587646,22.804073333740234,5.561063289642334,20.023541688919067,1.2514713555574417,14.955446243286133,33.61241912841797,174,False,130.66782760620117,36.0,-110.6442859172821,420,3,,,
00-0040075,LaJohntay Wester,BAL,2026,WR,,1.5489022731781006,24.78243637084961,9.537545204162598,20.01366376876831,1.2508539855480194,11.830062866210938,43.828956604003906,170,False,130.66782760620117,36.0,-110.65416383743286,421,3,,,
00-0040509,Ben Yurosek,MIN,2026,TE,,0.33323800563812256,5.331808090209961,1.703248381614685,4.480183899402618,0.28001149371266365,5.3382954597473145,23.521400451660156,109,False,115.28140640258789,12.0,-110.80122250318527,422,1,,,
00-0034959,Andrew Beck,NYJ,2026,RB,,1.1604380913657086,18.567009461851338,4.520078970999199,16.306969976351738,1.0191856235219836,9.537391682434865,25.931234031575418,121,False,127.62753663002343,24.0,-111.32056665367169,423,3,,,
00-0038824,Ryan Miller,NYG,2026,WR,,1.3016417026519775,20.82626724243164,3.813297748565674,18.919618368148804,1.1824761480093002,9.890365600585938,28.90574073791504,181,False,130.66782760620117,36.0,-111.74820923805237,424,3,,,
00-0032464,Kalif Raymond,CHI,2026,WR,,1.5390158891677856,24.62425422668457,11.566057205200195,18.841225624084473,1.1775766015052795,24.591907501220703,47.72483825683594,171,False,130.66782760620117,36.0,-111.8266019821167,425,3,122.2,-302.8,bust
00-0034419,Braxton Berrios,HOU,2026,WR,,1.380233883857727,22.083742141723633,7.464821815490723,18.35133123397827,1.146958202123642,5.480802536010742,31.297216415405273,176,False,130.66782760620117,36.0,-112.3164963722229,426,3,221.0,-205.0,bust
00-0034367,Nyheim Hines,NO,2026,RB,,1.0134686480671637,16.21549836907462,3.369570214488913,14.530713261830163,0.9081695788643852,9.326566767728467,35.41089980277519,122,False,127.62753663002343,24.0,-113.09682336819327,427,3,,,
00-0033572,Jamal Agnew,ATL,2026,WR,,1.1986202001571655,19.17792320251465,3.4282267093658447,17.463809847831726,1.0914881154894829,7.524979591369629,32.36005401611328,189,False,130.66782760620117,36.0,-113.20401775836945,428,3,,,
00-0029604,Kirk Cousins,LV,2026,QB,11.475218,13.637497901916504,156.49325561523438,0.0,156.49325561523438,9.780828475952148,121.50336456298828,168.77406311035156,22,False,269.9794600009918,12.0,-113.48620438575745,429,2,34.45,-394.55,bust
00-0036331,Devin Duvernay,AZ,2026,WR,,1.282844066619873,20.52550506591797,6.7149810791015625,17.168014526367188,1.0730009078979492,14.883604049682617,34.86252975463867,183,False,130.66782760620117,36.0,-113.49981307983398,430,3,209.0,-221.0,bust
00-0040506,Myles Price,MIN,2026,WR,,1.4063866138458252,22.502185821533203,10.96049690246582,17.021937370300293,1.0638710856437683,17.25627899169922,46.00795364379883,175,False,130.66782760620117,36.0,-113.64589023590088,431,3,,,
00-0033943,Josh Reynolds,NYJ,2026,WR,,1.465000033378601,23.440000534057617,13.123455047607422,16.878273010253906,1.0548920631408691,17.932680130004883,61.4267463684082,173,False,130.66782760620117,36.0,-113.78955459594727,432,3,173.5,-258.5,bust
00-0034487,Trent Sherfield,BUF,2026,WR,,1.2477607727050781,19.96417236328125,6.1742706298828125,16.877037048339844,1.0548148155212402,12.677995681762695,32.6762580871582,188,False,130.66782760620117,36.0,-113.79079055786133,433,3,,,
00-0035298,Scott Miller,CHI,2026,WR,,1.2807836532592773,20.492538452148438,7.415227890014648,16.784924507141113,1.0490577816963196,8.843499183654785,33.26950454711914,184,False,130.66782760620117,36.0,-113.88290309906006,434,3,,,
00-0039521,Xavier Weaver,AZ,2026,WR,,1.3600431680679321,21.760690689086914,10.164642333984375,16.678369522094727,1.0423980951309204,18.30811882019043,39.67253112792969,177,False,130.66782760620117,36.0,-113.98945808410645,435,3,,,
00-0038640,Jalen Brooks,AZ,2026,WR,,1.271301031112671,20.340816497802734,7.346444606781006,16.66759419441223,1.0417246371507645,13.618241310119629,31.659204483032227,186,False,130.66782760620117,36.0,-114.00023341178894,436,3,,,
00-0038465,Malik Heath,ATL,2026,WR,,1.308652400970459,20.938438415527344,9.769476890563965,16.05369997024536,1.003356248140335,8.682884216308594,30.307668685913086,180,False,130.66782760620117,36.0,-114.61412763595581,437,3,223.0,-214.0,bust
00-0040024,Darius Cooper,PHI,2026,WR,,1.3300786018371582,21.28125762939453,10.479964256286621,16.04127550125122,1.0025797188282013,13.100851058959961,36.787322998046875,178,False,130.66782760620117,36.0,-114.62655210494995,438,3,167.0,-271.0,bust
00-0040218,Jimmy Horn Jr.,CAR,2026,WR,,1.310886025428772,20.97417640686035,9.982061386108398,15.983145713806152,0.9989466071128845,17.472801208496094,43.449974060058594,179,False,130.66782760620117,36.0,-114.68468189239502,439,3,157.43,-281.57,bust
00-0038896,Jacob Saylors,DET,2026,RB,,0.8776015089583837,14.04162414333414,2.201975521333082,12.940636382667599,0.8087897739167249,7.819455702414176,41.77450128694987,124,False,127.62753663002343,24.0,-114.68690024735582,440,3,,,
00-0039364,Sione Vaki,DET,2026,RB,,0.9166110391293707,14.665776626069931,3.966814792082784,12.682369230028538,0.7926480768767836,0.5783605718808497,29.715318910062187,123,False,127.62753663002343,24.0,-114.94516739999489,441,3,,,
00-0040154,Tai Felton,MIN,2026,WR,,1.2763391733169556,20.42142677307129,10.224406242370605,15.309223651885986,0.9568264782428741,11.658598899841309,42.55305862426758,185,False,130.66782760620117,36.0,-115.35860395431519,442,3,122.25,-319.75,bust
00-0036646,Simi Fehoko,AZ,2026,WR,,1.187116265296936,18.993860244750977,7.412538051605225,15.287591218948364,0.9554744511842728,6.124004364013672,28.051610946655273,190,False,130.66782760620117,36.0,-115.38023638725281,443,3,,,
00-0039163,C.J. Stroud,HOU,2026,QB,11.227946,13.744644165039062,154.32412719726562,0.07101044058799744,154.28862197697163,9.643038873560727,144.17041015625,178.95899963378906,23,False,269.9794600009918,12.0,-115.6908380240202,444,2,22.47,-421.53,bust
00-0038752,Jake Bobo,SEA,2026,WR,,1.2515006065368652,20.024009704589844,10.25481128692627,14.896604061126709,0.9310377538204193,12.568305969238281,31.899490356445312,187,False,130.66782760620117,36.0,-115.77122354507446,445,3,159.0,-286.0,bust
00-0037132,Britain Covey,PHI,2026,WR,,1.133610725402832,18.137771606445312,6.626347064971924,14.82459807395935,0.9265373796224594,12.231901168823242,27.407936096191406,191,False,130.66782760620117,36.0,-115.84322953224182,446,3,,,
00-0039648,David Martin-Robinson,TEN,2026,TE,,0.0,0.0,1.5124632120132446,-0.7562316060066223,-0.047264475375413895,1.1659471988677979,11.316143989562988,110,False,115.28140640258789,12.0,-116.03763800859451,447,1,,,
00-0038519,Nikko Remigio,KC,2026,WR,,1.1215322017669678,17.944515228271484,7.692964553833008,14.09803295135498,0.8811270594596863,14.362224578857422,33.68157958984375,192,False,130.66782760620117,36.0,-116.56979465484619,448,3,,,
00-0040676,Cam Ward,TEN,2026,QB,14.009014,10.951491355895996,153.4196014404297,0.1165936142206192,153.36130463331938,9.585081539582461,144.8675994873047,219.85977172851562,24,False,269.9794600009918,12.0,-116.61815536767244,449,2,25.08,-423.92,bust
00-0037120,Tyler Goodson,ATL,2026,RB,,0.7097437084198488,11.35589933471758,2.2492171182051495,10.231290775615005,0.6394556734759378,4.0792219966180845,26.42567160468653,125,False,127.62753663002343,24.0,-117.39624585440842,450,3,123.25,-326.75,bust
00-0038840,Brycen Tremayne,CAR,2026,WR,,1.2849042415618896,20.558467864990234,16.242454528808594,12.437240600585938,0.7773275375366211,15.110970497131348,43.04065704345703,182,False,130.66782760620117,36.0,-118.23058700561523,451,3,,,
00-0030565,Geno Smith,NYJ,2026,QB,11.878488,12.624180793762207,149.9561767578125,0.0,149.9561767578125,9.372261047363281,134.4659423828125,171.14051818847656,25,False,269.9794600009918,12.0,-120.02328324317932,452,2,29.69,-422.31,bust
00-0034418,Cedrick Wilson Jr.,DET,2026,WR,,0.9601268172264099,15.362029075622559,9.528079986572266,10.597989082336426,0.6623743176460266,10.535086631774902,34.748313903808594,194,False,130.66782760620117,36.0,-120.06983852386475,453,3,208.0,-245.0,bust
00-0036427,Tyler Johnson,DAL,2026,WR,,1.0767289400100708,17.227663040161133,14.972122192382812,9.741601943969727,0.6088501214981079,14.52591323852539,48.81517028808594,193,False,130.66782760620117,36.0,-120.92622566223145,454,3,196.0,-258.0,bust
00-0035021,Ashton Dulin,IND,2026,WR,,0.694847047328949,11.117552757263184,2.8293955326080322,9.702854990959167,0.606428436934948,10.840490341186523,34.26148223876953,197,False,130.66782760620117,36.0,-120.964972615242,455,3,178.0,-277.0,bust
00-0036212,Tua Tagovailoa,ATL,2026,QB,11.447704,12.99722957611084,148.78843688964844,0.036206554621458054,148.7703336123377,9.298145850771107,120.99105072021484,163.7557830810547,26,False,269.9794600009918,12.0,-121.20912638865411,456,2,32.81,-423.19,bust
00-0036959,Michael Bandy,DEN,2026,WR,,0.8927351832389832,14.28376293182373,9.913147926330566,9.327188968658447,0.582949310541153,11.620665550231934,33.331031799316406,195,False,130.66782760620117,36.0,-121.34063863754272,457,3,191.5,-265.5,bust
00-0035594,Travis Homer,PIT,2026,RB,,0.5156499943751166,8.250399910001866,4.211398442726606,6.144700688638563,0.3840437930399102,3.875972601592255,34.74025746444086,126,False,127.62753663002343,24.0,-121.48283594138486,458,3,179.0,-279.0,bust
00-0035876,Andre Baccellia,AZ,2026,WR,,0.6821864247322083,10.914982795715332,3.825124502182007,9.002420544624329,0.5626512840390205,6.591485977172852,29.850261688232422,198,False,130.66782760620117,36.0,-121.66540706157684,459,3,,,
00-0035544,Tom Kennedy,DET,2026,WR,,0.6959515810012817,11.135225296020508,4.805215835571289,8.732617378234863,0.545788586139679,9.890787124633789,30.4149169921875,196,False,130.66782760620117,36.0,-121.93521022796631,460,3,,,
00-0036972,Mac Jones,SF,2026,QB,12.228477,12.075970649719238,147.6707305908203,0.027634600177407265,147.6569132907316,9.228557080670726,116.50328826904297,177.15847778320312,27,False,269.9794600009918,12.0,-122.32254671026021,461,2,37.46,-423.54,bust
00-0039816,Anthony Gould,IND,2026,WR,,0.6318485140800476,10.109576225280762,4.309954643249512,7.954598903656006,0.49716243147850037,6.289118766784668,22.95117950439453,199,False,130.66782760620117,36.0,-122.71322870254517,462,3,,,
00-0037487,Deven Thompkins,ATL,2026,WR,,0.619403064250946,9.910449028015137,3.9437692165374756,7.938564419746399,0.49616027623414993,3.7752108573913574,24.84772491455078,200,False,130.66782760620117,36.0,-122.72926318645477,463,3,,,
00-0031763,DeAndre Carter,CLE,2026,WR,,0.46996796131134033,7.519487380981445,2.3021605014801025,6.368407130241394,0.3980254456400871,0.0,26.164031982421875,201,False,130.66782760620117,36.0,-124.29942047595978,464,3,232.0,-232.0,bust
00-0032951,Laquon Treadwell,IND,2026,WR,,0.40362879633903503,6.4580607414245605,2.3032524585723877,5.306434512138367,0.3316521570086479,0.0,16.30634117126465,202,False,130.66782760620117,36.0,-125.3613930940628,465,3,,,
00-0035645,Gunner Olszewski,NYG,2026,WR,,0.3255894184112549,5.209430694580078,0.015448670834302902,5.201706359162927,0.3251066474476829,0.8769389390945435,21.49297523498535,204,False,130.66782760620117,36.0,-125.46612124703825,466,3,,,
00-0034860,Dante Pettis,NO,2026,WR,,0.32899752259254456,5.263960361480713,2.5773448944091797,3.975287914276123,0.2484554946422577,4.976659297943115,26.30555534362793,203,False,130.66782760620117,36.0,-126.69253969192505,467,3,189.5,-277.5,bust
00-0034854,KhaDarel Hodge,ATL,2026,WR,,0.21245339512825012,3.399254322052002,0.30370357632637024,3.247402533888817,0.20296265836805105,1.002983570098877,16.68497085571289,205,False,130.66782760620117,36.0,-127.42042507231236,468,3,,,
00-0035567,Craig Reynolds,DET,2026,RB,,0.0,0.0,0.3019237564425612,-0.1509618782212806,-0.009435117388830037,0.0,12.815343038159474,127,False,127.62753663002343,24.0,-127.77849850824471,469,3,147.67,-321.33000000000004,bust
00-0034869,Sam Darnold,SEA,2026,QB,10.906113,12.983498573303223,141.59950256347656,0.06251247972249985,141.5682463236153,8.848015395225957,126.80305480957031,170.0167999267578,28,False,269.9794600009918,12.0,-128.4112136773765,470,2,22.69,-447.31,bust
00-0040009,Savion Williams,GB,2026,WR,,0.001252668909728527,0.020042702555656433,0.49397891759872437,-0.22694675624370575,-0.01418417226523161,4.051218032836914,19.076683044433594,206,False,130.66782760620117,36.0,-130.89477436244488,471,3,121.11,-349.89,bust
00-0023459,Aaron Rodgers,PIT,2026,QB,10.26491,13.37009048461914,137.24276733398438,0.07220509648323059,137.20666478574276,8.575416549108922,124.95185852050781,155.0972137451172,29,False,269.9794600009918,12.0,-132.77279521524906,472,2,30.59,-441.41,bust
00-0032268,Marcus Mariota,WAS,2026,QB,10.770571,12.119185447692871,130.53054809570312,0.10674593597650528,130.47717512771487,8.15482344548218,97.59602355957031,152.59263610839844,30,False,269.9794600009918,12.0,-139.50228487327695,473,2,42.75,-430.25,bust
00-0036945,Justin Fields,KC,2026,QB,11.302497,11.47490406036377,129.695068359375,0.42047932744026184,129.48482869565487,8.09280179347843,113.07054901123047,163.96826171875,31,False,269.9794600009918,12.0,-140.49463130533695,474,2,37.2,-436.8,bust
00-0033119,Jacoby Brissett,AZ,2026,QB,10.072282,12.324592590332031,124.13677215576172,0.3287568688392639,123.97239372134209,7.74827460758388,119.93707275390625,140.31591796875,32,False,269.9794600009918,12.0,-146.00706627964973,475,2,26.67,-448.33,bust
00-0040743,Tyler Shough,NO,2026,QB,11.412935,10.775147438049316,122.97605895996094,0.2151145339012146,122.86850169301033,7.679281355813146,121.99322509765625,157.10989379882812,33,False,269.9794600009918,12.0,-147.1109583079815,476,2,19.39,-456.61,bust
00-0035228,Kyler Murray,MIN,2026,QB,9.419734,12.714493751525879,119.76715087890625,0.17352087795734406,119.68039043992758,7.480024402495474,107.6963119506836,143.36985778808594,34,False,269.9794600009918,12.0,-150.29906956106424,477,2,17.22,-459.78,bust
00-0040668,Shedeur Sanders,CLE,2026,QB,9.8693,11.94455623626709,117.88440704345703,0.2097693830728531,117.7795223519206,7.361220146995038,82.01871490478516,132.74856567382812,35,False,269.9794600009918,12.0,-152.19993764907122,478,2,32.11,-445.89,bust
00-0039917,Michael Penix Jr.,ATL,2026,QB,11.523956,9.818710327148438,113.150390625,0.0,113.150390625,7.0718994140625,94.11135864257812,144.68624877929688,36,False,269.9794600009918,12.0,-156.82906937599182,479,2,30.81,-448.19,bust
00-0026158,Joe Flacco,CIN,2026,QB,8.695973,12.992154121398926,112.97942352294922,0.0,112.97942352294922,7.061213970184326,88.48524475097656,123.5413818359375,37,False,269.9794600009918,12.0,-157.0000364780426,480,2,45.0,-435.0,bust
00-0035100,Jake Browning,TB,2026,QB,8.643008,10.727033615112305,92.71383666992188,0.0,92.71383666992188,5.794614791870117,63.084476470947266,117.17154693603516,38,False,269.9794600009918,12.0,-177.26562333106995,481,2,69.88,-411.12,bust
00-0032950,Carson Wentz,MIN,2026,QB,8.076142,10.350749969482422,83.59413146972656,0.15126186609268188,83.51850053668022,5.219906283542514,62.81538009643555,106.34040069580078,39,False,269.9794600009918,12.0,-186.4609594643116,482,2,60.75,-421.25,bust
00-0029263,Russell Wilson,NYG,2026,QB,7.229448,10.972586631774902,79.32574462890625,0.012763340957462788,79.31936295842752,4.95746018490172,57.29120635986328,101.35197448730469,40,False,269.9794600009918,12.0,-190.6600970425643,483,2,53.0,-430.0,bust
00-0027973,Andy Dalton,PHI,2026,QB,6.8843594,10.782395362854004,74.2298812866211,0.0,74.2298812866211,4.639367580413818,37.76884078979492,85.6846923828125,41,False,269.9794600009918,12.0,-195.74957871437073,484,2,75.17,-408.83,bust
00-0039150,Bryce Young,CAR,2026,QB,9.343879,7.503335475921631,70.11026000976562,0.023936595767736435,70.09829171188176,4.38114323199261,81.46338653564453,129.24342346191406,42,False,269.9794600009918,12.0,-199.88116828911006,485,2,24.47,-460.53,bust
00-0033869,Mitchell Trubisky,TEN,2026,QB,8.934488,7.466885089874268,66.71279907226562,0.0,66.71279907226562,4.169549942016602,48.07077407836914,104.86026000976562,43,False,269.9794600009918,12.0,-203.2666609287262,486,2,63.0,-423.0,bust
00-0040234,Quinn Ewers,MIA,2026,QB,7.8016257,8.510003089904785,66.39186096191406,0.011770712211728096,66.3859756058082,4.149123475363012,54.497840881347656,83.76545715332031,44,False,269.9794600009918,12.0,-203.59348439518362,487,2,50.8,-436.2,bust
00-0039376,Spencer Rattler,NO,2026,QB,7.46291,8.576338768005371,64.00444793701172,0.1063571572303772,63.95126935839653,3.996954334899783,57.83125305175781,90.19694519042969,45,False,269.9794600009918,12.0,-206.0281906425953,488,2,47.5,-440.5,bust
00-0036898,Davis Mills,HOU,2026,QB,6.970592,9.158408164978027,63.83952713012695,0.06356722116470337,63.8077435195446,3.9879839699715376,42.186893463134766,82.71731567382812,46,False,269.9794600009918,12.0,-206.17171648144722,489,2,54.6,-434.4,bust
00-0038102,Kenny Pickett,CAR,2026,QB,8.596616,7.289775371551514,62.667396545410156,0.12921473383903503,62.60278917849064,3.912674323655665,41.25691223144531,77.76950073242188,47,False,269.9794600009918,12.0,-207.37667082250118,490,2,55.5,-434.5,bust
00-0040398,Brady Cook,NYJ,2026,QB,7.3203983,8.039095878601074,58.84938430786133,0.06434854120016098,58.81721003726125,3.676075627328828,33.697120666503906,68.72187805175781,48,False,269.9794600009918,12.0,-211.16224996373057,491,2,60.5,-430.5,bust
00-0037013,Zach Wilson,NO,2026,QB,8.546134,6.492063999176025,55.48204803466797,0.3220948874950409,55.32100059092045,3.457562536932528,44.50981140136719,78.8953857421875,49,False,269.9794600009918,12.0,-214.65845941007137,492,2,65.5,-426.5,bust
00-0040206,Riley Leonard,IND,2026,QB,7.5632515,6.858786106109619,51.874725341796875,0.14012865722179413,51.80466101318598,3.2377913133241236,37.96733093261719,66.28984069824219,50,False,269.9794600009918,12.0,-218.17479898780584,493,2,46.2,-446.8,bust
00-0040704,Dillon Gabriel,CLE,2026,QB,7.0773983,6.4318156242370605,45.5205192565918,0.12822845578193665,45.45640502870083,2.841025314293802,27.07526397705078,62.82322692871094,51,False,269.9794600009918,12.0,-224.523054972291,494,2,62.0,-432.0,bust
00-0039398,Joe Milton III,DAL,2026,QB,6.577328,6.727797031402588,44.25093078613281,0.008019150234758854,44.24692121101543,2.7654325756884646,24.783710479736328,58.714962005615234,52,False,269.9794600009918,12.0,-225.7325387899764,495,2,43.83,-451.17,bust
00-0033949,Joshua Dobbs,NE,2026,QB,6.7171903,6.355652332305908,42.6921272277832,0.16461092233657837,42.609821766614914,2.663113860413432,25.91864013671875,57.33838653564453,53,False,269.9794600009918,12.0,-227.3696382343769,496,2,75.8,-420.2,bust
00-0035289,Gardner Minshew,AZ,2026,QB,7.669354,4.858614921569824,37.26243591308594,0.09106333553791046,37.21690424531698,2.3260565153323114,31.068937301635742,63.72045135498047,54,False,269.9794600009918,12.0,-232.76255575567484,497,2,,,
00-0028118,Tyrod Taylor,GB,2026,QB,5.705191,6.488212585449219,37.01649475097656,0.31693699955940247,36.85802625119686,2.303626640699804,25.629058837890625,60.254276275634766,55,False,269.9794600009918,12.0,-233.12143374979496,498,2,48.33,-449.67,bust
00-0037012,Trey Lance,LAC,2026,QB,5.529844,6.009284019470215,33.230403900146484,0.393097460269928,33.03385517001152,2.06461594812572,23.65385627746582,48.66636657714844,56,False,269.9794600009918,12.0,-236.9456048309803,499,2,49.0,-450.0,bust
00-0034771,Mason Rudolph,PIT,2026,QB,6.9111257,4.777385234832764,33.01710891723633,0.011530548334121704,33.01134364306927,2.063208977691829,24.242145538330078,58.921165466308594,57,False,269.9794600009918,12.0,-236.96811635792255,500,2,60.55,-439.45,bust
00-0033662,Cooper Rush,BAL,2026,QB,5.973701,5.168745040893555,30.876537322998047,0.24400541186332703,30.754534617066383,1.922158413566649,19.10719871520996,35.03023147583008,58,False,269.9794600009918,12.0,-239.22492538392544,501,2,81.67,-419.33,bust
00-0035993,Tyler Huntley,BAL,2026,QB,6.0396557,4.4716291427612305,27.00710105895996,0.17915678024291992,26.9175226688385,1.6823451668024063,21.136571884155273,46.54188919067383,59,False,269.9794600009918,12.0,-243.06193733215332,502,2,65.0,-437.0,bust
00-0038400,Tanner McKee,PHI,2026,QB,5.1483765,5.077998638153076,26.143447875976562,0.017766635864973068,26.134564558044076,1.6334102848777547,19.586240768432617,35.55325698852539,60,False,269.9794600009918,12.0,-243.84489544294775,503,2,54.5,-448.5,bust
00-0040494,Max Brosmer,MIN,2026,QB,6.5466003,3.1326076984405518,20.507930755615234,0.2664511799812317,20.37470516562462,1.2734190728515387,15.844925880432129,41.235836029052734,61,False,269.9794600009918,12.0,-249.6047548353672,504,2,83.0,-421.0,bust
00-0033319,Nick Mullens,JAX,2026,QB,5.719557,3.566472291946411,20.39864158630371,0.24996548891067505,20.273658841848373,1.2671036776155233,16.506364822387695,36.78343963623047,62,False,269.9794600009918,12.0,-249.70580115914345,505,2,74.2,-430.8,bust
