player_id,player_display_name,team,season,position,projected_games_played,projected_ppr_per_game,projected_ppr,projected_receptions,projected_half_ppr,projected_half_ppr_per_game,ci_low,ci_high,position_rank,is_rookie,baseline_pts,baseline_rank,vbd,vbd_rank_overall,tier
00-0033908,Cooper Kupp,LA,2021,WR,,25.54302215576172,408.6883544921875,134.39968872070312,341.48851013183594,21.343031883239746,181.28611755371094,433.2532043457031,1,False,155.52947998046875,36.0,253.15887451171875,1,1
00-0036223,Jonathan Taylor,IND,2021,RB,,23.165953159332275,370.6552505493164,40.79515338897705,350.2576738548279,21.891104615926743,197.24808044433595,381.6334197998047,1,False,168.86325350010094,24.0,201.79199704921547,2,1
00-0031381,Davante Adams,GB,2021,WR,,21.606948852539062,345.711181640625,122.05638122558594,284.68299102783203,17.792686939239502,278.4522399902344,345.1098937988281,2,False,155.52947998046875,36.0,190.18170166015625,3,2
00-0036322,Justin Jefferson,MIN,2021,WR,,20.17774772644043,322.8439636230469,107.33811950683594,269.1749038696289,16.823431491851807,257.77142333984375,329.7626037597656,3,False,155.52947998046875,36.0,167.31448364257812,4,2
00-0035719,Deebo Samuel Sr.,SF,2021,WR,,19.96304702758789,319.40875244140625,72.86566925048828,282.9759178161621,17.685994863510132,129.25387573242188,335.52764892578125,4,False,155.52947998046875,36.0,163.8792724609375,5,2
00-0033699,Austin Ekeler,LAC,2021,RB,,20.642580264951167,330.2812842392187,68.38271502427578,296.0899267270808,18.50562042044255,198.8785429964059,337.3529555110944,2,False,168.86325350010094,24.0,161.41803073911774,6,1
00-0034753,Mark Andrews,BAL,2021,TE,,18.669898986816406,298.7183837890625,105.75780487060547,245.83948135375977,15.364967584609985,160.73777770996094,300.9502868652344,1,False,145.98374938964844,12.0,152.73463439941406,7,1
00-0034857,Josh Allen,BUF,2021,QB,16.972525,23.614547729492188,400.7984924316406,0.0,400.7984924316406,25.04990577697754,344.06719970703125,401.8853454589844,1,False,266.9210205078125,12.0,133.87747192382812,8,1
00-0031588,Stefon Diggs,BUF,2021,WR,,17.976228713989258,287.6196594238281,103.3335189819336,235.95289993286133,14.747056245803833,264.9695739746094,292.658935546875,5,False,155.52947998046875,36.0,132.09017944335938,9,3
00-0033040,Tyreek Hill,KC,2021,WR,,17.925153732299805,286.8024597167969,109.0030517578125,232.30093383789062,14.518808364868164,207.10574340820312,294.353271484375,6,False,155.52947998046875,36.0,131.27297973632812,10,3
00-0033897,Joe Mixon,CIN,2021,RB,,18.335941113309453,293.37505781295124,43.06724133313315,271.84143714638464,16.99008982164904,187.8046892050992,294.42446542916116,3,False,168.86325350010094,24.0,124.5118043128503,11,1
00-0030506,Travis Kelce,KC,2021,TE,,16.426513671875,262.82421875,92.32933044433594,216.65955352783203,13.541222095489502,201.69284057617188,263.3627014160156,2,False,145.98374938964844,12.0,116.84046936035156,12,1
00-0036355,Justin Herbert,LAC,2021,QB,16.884153,22.304340362548828,376.58990478515625,0.0007912851870059967,376.58950914256275,23.53684432141017,307.3153076171875,377.8883972167969,2,False,266.9210205078125,12.0,109.66888427734375,13,1
00-0035216,Diontae Johnson,PIT,2021,WR,,16.371623992919922,261.94598388671875,102.61547088623047,210.63824844360352,13.16489052772522,169.76736450195312,271.07391357421875,7,False,155.52947998046875,36.0,106.41650390625,14,3
00-0030279,Keenan Allen,LAC,2021,WR,,16.367477416992188,261.879638671875,104.41246032714844,209.67340850830078,13.104588031768799,244.7165985107422,266.5439453125,8,False,155.52947998046875,36.0,106.35015869140625,15,3
00-0031408,Mike Evans,TB,2021,WR,,16.195703506469727,259.1312561035156,75.43338775634766,221.4145622253418,13.838410139083862,210.26443481445312,262.17156982421875,9,False,155.52947998046875,36.0,103.60177612304688,16,3
00-0035640,DK Metcalf,SEA,2021,WR,,15.600335121154785,249.60536193847656,75.18734741210938,212.01168823242188,13.250730514526367,217.03482055664062,245.81039428710938,10,False,155.52947998046875,36.0,94.07588195800781,17,3
00-0033873,Patrick Mahomes,KC,2021,QB,16.978163,21.220537185668945,360.2857360839844,0.0028402681928128004,360.28431594988797,22.517769746867998,313.06793212890625,361.2989501953125,3,False,266.9210205078125,12.0,93.36471557617188,18,1
00-0033921,Chris Godwin Jr.,TB,2021,WR,,15.333736419677734,245.33978271484375,95.67233276367188,197.5036163330078,12.343976020812988,224.21630859375,246.4927520751953,11,False,155.52947998046875,36.0,89.810302734375,19,3
00-0032211,Tyler Lockett,SEA,2021,WR,,15.094198226928711,241.50717163085938,74.51371765136719,204.25031280517578,12.765644550323486,214.9120330810547,243.5764923095703,12,False,155.52947998046875,36.0,85.97769165039062,20,3
00-0033856,Leonard Fournette,TB,2021,RB,,15.519455127370104,248.31128203792167,66.2759199201204,215.17332207786149,13.448332629866343,134.95543608094306,248.3075247480639,4,False,168.86325350010094,24.0,79.44802853782073,21,2
00-0033045,Ezekiel Elliott,DAL,2021,RB,,15.496665604452332,247.9466496712373,46.215584088612054,224.8388576269313,14.052428601683205,200.39102162825253,250.39080516389586,5,False,168.86325350010094,24.0,79.08339617113637,22,2
00-0034827,DJ Moore,CAR,2021,WR,,14.38430118560791,230.14881896972656,86.53764343261719,186.87999725341797,11.679999828338623,175.50973510742188,234.4737548828125,13,False,155.52947998046875,36.0,74.61933898925781,23,4
00-0033553,James Conner,ARI,2021,RB,,15.118333078328263,241.8933292532522,35.28236047299573,224.25214901675434,14.015759313547147,101.34918347478158,251.33730614277698,6,False,168.86325350010094,24.0,73.03007575315127,24,2
00-0034983,Hunter Renfrow,LV,2021,WR,,14.236059188842773,227.77694702148438,87.90664672851562,183.82362365722656,11.48897647857666,101.01927185058594,248.88218688964844,14,False,155.52947998046875,36.0,72.24746704101562,25,4
00-0036358,CeeDee Lamb,DAL,2021,WR,,14.197568893432617,227.16110229492188,77.95545959472656,188.1833724975586,11.761460781097412,213.34341430664062,233.82086181640625,15,False,155.52947998046875,36.0,71.63162231445312,26,4
00-0033906,Alvin Kamara,NO,2021,RB,,14.800831915178502,236.81331064285604,48.54914631978687,212.5387374829626,13.283671092685163,232.54667531968468,277.9286152708457,7,False,168.86325350010094,24.0,67.9500571427551,27,2
00-0035662,Marquise Brown,BAL,2021,WR,,13.94497299194336,223.11956787109375,87.66007232666016,179.28953170776367,11.20559573173523,176.68533325195312,227.0750274658203,16,False,155.52947998046875,36.0,67.590087890625,28,4
00-0032765,Michael Thomas,NO,2021,WR,,13.850139617919922,221.60223388671875,70.18378448486328,186.5103416442871,11.656896352767944,166.30714416503906,251.16326904296875,17,False,155.52947998046875,36.0,66.07275390625,29,4
00-0031236,Brandin Cooks,HOU,2021,WR,,13.846468925476074,221.5435028076172,86.87439727783203,178.10630416870117,11.131644010543823,161.0936279296875,229.8854217529297,18,False,155.52947998046875,36.0,66.01402282714844,30,4
00-0033127,Will Fuller,MIA,2021,WR,,13.697565078735352,219.16104125976562,66.48455810546875,185.91876220703125,11.619922637939453,175.3521728515625,228.38523864746094,19,False,155.52947998046875,36.0,63.631561279296875,31,4
00-0036410,Tee Higgins,CIN,2021,WR,,13.69241714477539,219.07867431640625,76.17909240722656,180.98912811279297,11.31182050704956,204.16317749023438,223.6713104248047,20,False,155.52947998046875,36.0,63.5491943359375,32,4
00-0035700,Josh Jacobs,LV,2021,RB,,14.379581937789917,230.07331100463867,53.39231224060059,203.37715488433838,12.711072180271149,193.61303039550782,232.56495040893554,8,False,168.86325350010094,24.0,61.21005750453773,33,2
00-0036252,Michael Pittman,IND,2021,WR,,13.533324241638184,216.53318786621094,78.58629608154297,177.24003982543945,11.077502489089966,125.73250579833984,233.6224365234375,21,False,155.52947998046875,36.0,61.00370788574219,34,4
00-0036328,Antonio Gibson,WAS,2021,RB,,14.325489492416382,229.20783187866212,42.506520957946776,207.95457139968872,12.997160712480545,186.7789389038086,234.8476696777344,9,False,168.86325350010094,24.0,60.34457837856118,35,2
00-0033536,Mike Williams,LAC,2021,WR,,13.454943656921387,215.2790985107422,67.37442779541016,181.5918846130371,11.34949278831482,117.65818786621094,236.95773315429688,22,False,155.52947998046875,36.0,59.74961853027344,36,4
00-0034383,Dalton Schultz,DAL,2021,TE,,12.740804672241211,203.85287475585938,77.46318817138672,165.12128067016602,10.320080041885376,80.86304473876953,207.96328735351562,3,False,145.98374938964844,12.0,57.86912536621094,37,2
00-0035659,Terry McLaurin,WAS,2021,WR,,13.218697547912598,211.49916076660156,75.57160949707031,173.7133560180664,10.85708475112915,196.49630737304688,223.75086975097656,23,False,155.52947998046875,36.0,55.96968078613281,38,4
00-0033077,Dak Prescott,DAL,2021,QB,15.985701,20.037639617919922,320.3157043457031,0.0016195176867768168,320.31489458685974,20.019680911678734,288.5732421875,320.4395751953125,4,False,266.9210205078125,12.0,53.394683837890625,39,2
00-0036309,Darnell Mooney,CHI,2021,WR,,12.894643783569336,206.31430053710938,76.3979721069336,168.11531448364258,10.507207155227661,144.08950805664062,214.6085662841797,24,False,155.52947998046875,36.0,50.784820556640625,40,4
00-0033288,George Kittle,SF,2021,TE,,12.29581069946289,196.73297119140625,70.8204116821289,161.3227653503418,10.082672834396362,154.65106201171875,198.3996124267578,4,False,145.98374938964844,12.0,50.74922180175781,41,2
00-0031544,Amari Cooper,DAL,2021,WR,,12.8659029006958,205.8544464111328,71.53044891357422,170.0892219543457,10.630576372146606,203.01437377929688,245.86849975585938,25,False,155.52947998046875,36.0,50.32496643066406,42,4
00-0033293,Aaron Jones,GB,2021,RB,,13.648905125193037,218.3824820030886,49.54700248741761,193.6089807593798,12.100561297461237,211.93564279105874,235.33360061864832,10,False,168.86325350010094,24.0,49.51922850298766,43,2
00-0034791,Nick Chubb,CLE,2021,RB,,13.62914105004109,218.06625680065744,20.248385427228236,207.94206408704332,12.996379005440208,215.90160425143077,272.0264051821981,11,False,168.86325350010094,24.0,49.2030033005565,44,2
00-0036442,Joe Burrow,CIN,2021,QB,16.042675,19.638412475585938,315.05267333984375,0.013963863253593445,315.04569140821695,19.69035571301356,261.53570556640625,315.0534362792969,5,False,266.9210205078125,12.0,48.13165283203125,45,2
00-0030035,Adam Thielen,MIN,2021,WR,,12.499604225158691,199.99366760253906,66.76795959472656,166.60968780517578,10.413105487823486,182.04710388183594,211.1488800048828,26,False,155.52947998046875,36.0,44.46418762207031,46,5
00-0036275,D'Andre Swift,DET,2021,RB,,13.292655601501465,212.68248962402345,61.80356372833252,181.7807077598572,11.361294234991075,193.2262617492676,216.50997314453124,12,False,168.86325350010094,24.0,43.81923612392251,47,2
00-0036389,Jalen Hurts,PHI,2021,QB,14.947509,20.752450942993164,310.19744873046875,0.00131867581512779,310.1967893925612,19.387299337035074,207.2344207763672,310.79058837890625,6,False,266.9210205078125,12.0,43.27642822265625,48,2
00-0035657,Damien Harris,NE,2021,RB,,13.198847427368165,211.18155883789063,18.836258983612062,201.7634293460846,12.610214334130287,126.28000228881837,215.47859008789064,13,False,168.86325350010094,24.0,42.318305337789695,49,2
00-0019596,Tom Brady,TB,2021,QB,15.345144,19.944562911987305,306.05218505859375,0.0,306.05218505859375,19.12826156616211,239.3394012451172,335.27349853515625,7,False,266.9210205078125,12.0,39.13116455078125,50,2
00-0033893,Dalvin Cook,MIN,2021,RB,,12.962977087345946,207.40763339753514,34.3288499526142,190.24320842122805,11.890200526326753,203.8623346716994,234.06190198967508,14,False,168.86325350010094,24.0,38.5443798974342,51,2
00-0034775,Christian Kirk,ARI,2021,WR,,11.996460914611816,191.94337463378906,70.74967956542969,156.56853485107422,9.785533428192139,138.27272033691406,203.10888671875,27,False,155.52947998046875,36.0,36.41389465332031,52,5
00-0035250,Devin Singletary,BUF,2021,RB,,12.64338418006897,202.29414688110353,40.438717689514164,182.07478803634643,11.379674252271652,160.03360961914063,203.43061080932617,15,False,168.86325350010094,24.0,33.43089338100259,53,3
00-0035228,Kyler Murray,ARI,2021,QB,14.002277,21.432104110717773,300.0982666015625,0.009110265411436558,300.0937114688568,18.75585696680355,275.8672790527344,302.8587951660156,8,False,266.9210205078125,12.0,33.17724609375,54,2
00-0035685,David Montgomery,CHI,2021,RB,,12.624236507415771,201.98778411865234,43.21326683044434,180.3811507034302,11.273821918964387,199.81465637207032,240.0993086242676,16,False,168.86325350010094,24.0,33.124530618551404,55,3
00-0030061,Zach Ertz,ARI,2021,TE,,11.19037914276123,179.0460662841797,73.1275405883789,142.48229598999023,8.90514349937439,99.62358856201172,180.337158203125,5,False,145.98374938964844,12.0,33.06231689453125,56,2
00-0035676,A.J. Brown,TEN,2021,WR,,11.738191604614258,187.81106567382812,63.228515625,156.19680786132812,9.762300491333008,181.46438598632812,255.27159118652344,28,False,155.52947998046875,36.0,32.281585693359375,57,5
00-0026498,Matthew Stafford,LA,2021,QB,15.859992,18.8095760345459,298.3197326660156,0.004858409985899925,298.3173034610227,18.644831466313917,238.61740112304688,305.5588684082031,9,False,266.9210205078125,12.0,31.398712158203125,58,2
00-0033594,Chris Carson,SEA,2021,RB,,12.31737427686682,197.07798842986912,38.06027560976251,178.0478506249879,11.127990664061743,181.66465744686974,221.69421473070335,17,False,168.86325350010094,24.0,28.214734929768184,59,3
00-0034960,Jakobi Meyers,NE,2021,WR,,11.479499816894531,183.6719970703125,81.482177734375,142.930908203125,8.933181762695312,165.7255859375,187.2942657470703,29,False,155.52947998046875,36.0,28.14251708984375,60,5
00-0029293,Marvin Jones,JAX,2021,WR,,11.477574348449707,183.6411895751953,72.844970703125,147.2187042236328,9.20116901397705,174.55111694335938,193.4864044189453,30,False,155.52947998046875,36.0,28.111709594726562,61,5
00-0033009,Tyler Boyd,CIN,2021,WR,,11.326972007751465,181.23155212402344,66.17760467529297,148.14274978637695,9.25892186164856,168.1946563720703,186.17823791503906,31,False,155.52947998046875,36.0,25.702072143554688,62,5
00-0036261,Brandon Aiyuk,SF,2021,WR,,11.275192260742188,180.403076171875,59.00754165649414,150.89930534362793,9.431206583976746,175.17562866210938,248.6326904296875,32,False,155.52947998046875,36.0,24.87359619140625,63,5
00-0027656,Rob Gronkowski,TB,2021,TE,,10.583990097045898,169.34384155273438,54.34404754638672,142.17181777954102,8.885738611221313,105.36798095703125,171.0802764892578,6,False,145.98374938964844,12.0,23.360092163085938,64,2
00-0033090,Hunter Henry,NE,2021,TE,,10.258672714233398,164.13876342773438,50.345741271972656,138.96589279174805,8.685368299484253,133.93667602539062,164.34336853027344,7,False,145.98374938964844,12.0,18.155014038085938,65,2
00-0029604,Kirk Cousins,MIN,2021,QB,16.034508,17.755325317382812,284.6979064941406,0.0010960520012304187,284.69735846814,17.79358490425875,269.05975341796875,299.5236511230469,10,False,266.9210205078125,12.0,17.776885986328125,66,2
00-0035689,Dawson Knox,BUF,2021,TE,,10.131902694702148,162.11044311523438,48.858055114746094,137.68141555786133,8.605088472366333,88.41238403320312,163.3318634033203,8,False,145.98374938964844,12.0,16.126693725585938,67,2
00-0035831,James Robinson,JAX,2021,RB,,11.539007558822632,184.62412094116212,33.06742656707764,168.0904076576233,10.505650478601456,179.52785583496095,229.1269073486328,18,False,168.86325350010094,24.0,15.76086744106118,68,3
00-0034351,Dallas Goedert,PHI,2021,TE,,10.100516319274902,161.60826110839844,56.618927001953125,133.29879760742188,8.331174850463867,116.36459350585938,164.97767639160156,9,False,145.98374938964844,12.0,15.62451171875,69,2
00-0034829,Mike Gesicki,MIA,2021,TE,,10.078341484069824,161.2534637451172,71.0589370727539,125.72399520874023,7.857749700546265,139.11456298828125,164.7742919921875,10,False,145.98374938964844,12.0,15.26971435546875,70,2
00-0035311,Myles Gaskin,MIA,2021,RB,,11.507559719085693,184.1209555053711,49.98390274047852,159.12900413513185,9.94556275844574,177.25147033691405,216.20824676513672,19,False,168.86325350010094,24.0,15.257702005270147,71,3
00-0030578,Cordarrelle Patterson,ATL,2021,RB,,11.499184663604172,183.98695461766675,42.17015472537438,162.90187725497955,10.181367328436222,59.2727051650719,195.00597475870433,20,False,168.86325350010094,24.0,15.123701117565815,72,3
00-0023459,Aaron Rodgers,GB,2021,QB,14.668364,19.146896362304688,280.8536376953125,0.973545253276825,280.3668650686741,17.52292906679213,250.41232299804688,303.3458557128906,11,False,266.9210205078125,12.0,13.9326171875,73,2
00-0032764,Derrick Henry,TEN,2021,RB,,11.380799804788024,182.0927968766084,17.35479298019148,173.41540038651263,10.83846252415704,180.28762753976852,216.2278879528842,21,False,168.86325350010094,24.0,13.22954337650745,74,3
00-0035644,Noah Fant,DEN,2021,TE,,9.928428649902344,158.8548583984375,67.44070434570312,125.13450622558594,7.820906639099121,147.25315856933594,161.0702667236328,11,False,145.98374938964844,12.0,12.871109008789062,75,2
00-0036326,Chase Claypool,PIT,2021,WR,,10.260817527770996,164.17308044433594,58.34069061279297,135.00273513793945,8.437670946121216,165.17263793945312,204.64096069335938,33,False,155.52947998046875,36.0,8.643600463867188,76,6
00-0034301,Darrel Williams,KC,2021,RB,,11.069560949565775,177.1129751930524,43.574963166056065,155.32549361002438,9.707843350626524,59.809997070228945,189.84283580928857,22,False,168.86325350010094,24.0,8.249721692951454,77,3
00-0036265,AJ Dillon,GB,2021,RB,,10.977256708145141,175.63610733032226,32.21094123840332,159.53063671112062,9.970664794445039,57.74233184814453,188.96629013061525,23,False,168.86325350010094,24.0,6.772853830221322,78,3
00-0030564,DeAndre Hopkins,ARI,2021,WR,,9.989554405212402,159.83287048339844,48.64484786987305,135.5104465484619,8.46940290927887,149.2982940673828,291.9361877441406,34,False,155.52947998046875,36.0,4.3033905029296875,79,6
00-0034777,DJ Chark,JAX,2021,WR,,9.771367073059082,156.3418731689453,45.43583297729492,133.62395668029785,8.351497292518616,133.96453857421875,172.746337890625,35,False,155.52947998046875,36.0,0.8123931884765625,80,6
00-0029000,Cole Beasley,BUF,2021,WR,,9.720592498779297,155.52947998046875,76.13436889648438,117.46229553222656,7.34139347076416,102.61439514160156,163.05250549316406,36,False,155.52947998046875,36.0,0.0,81,6
00-0035229,T.J. Hockenson,DET,2021,TE,,9.123984336853027,145.98374938964844,61.63274383544922,115.16737747192383,7.197961091995239,131.826416015625,146.4485321044922,12,False,145.98374938964844,12.0,0.0,82,3
00-0032144,Melvin Gordon,DEN,2021,RB,,10.553953343756309,168.86325350010094,24.78825367516969,156.4691266625161,9.779320416407256,113.76266004365246,176.4307502266155,24,False,168.86325350010094,24.0,0.0,83,3
00-0029701,Ryan Tannehill,TEN,2021,QB,16.867907,15.824193000793457,266.9210205078125,0.00676820008084178,266.9176364077721,16.682352275485755,266.1990661621094,314.1131896972656,12,False,266.9210205078125,12.0,0.0,84,2
00-0033110,Tyler Higbee,LA,2021,TE,,9.089131355285645,145.4261016845703,58.977333068847656,115.93743515014648,7.246089696884155,96.02037811279297,146.99302673339844,13,False,145.98374938964844,12.0,-0.557647705078125,85,3
00-0033307,Kendrick Bourne,NE,2021,WR,,9.679945945739746,154.87913513183594,47.78732681274414,130.98547172546387,8.186591982841492,84.97407531738281,174.27029418945312,37,False,155.52947998046875,36.0,-0.6503448486328125,86,6
00-0034411,Russell Gage,ATL,2021,WR,,9.5105562210083,152.1688995361328,61.43877410888672,121.44951248168945,7.590594530105591,115.25574493408203,159.9229736328125,38,False,155.52947998046875,36.0,-3.3605804443359375,87,6
00-0027942,A.J. Green,ARI,2021,WR,,9.335128784179688,149.362060546875,51.87080383300781,123.4266586303711,7.714166164398193,83.17269897460938,155.3735809326172,39,False,155.52947998046875,36.0,-6.16741943359375,88,6
00-0030431,Robert Woods,LA,2021,WR,,9.327498435974121,149.23997497558594,48.80677795410156,124.83658599853516,7.802286624908447,139.63104248046875,245.21168518066406,40,False,155.52947998046875,36.0,-6.2895050048828125,89,6
00-0035664,Darrell Henderson,LA,2021,RB,,10.129988155364991,162.07981048583986,28.77163299560547,147.6939939880371,9.23087462425232,104.80638198852539,166.60418167114258,25,False,168.86325350010094,24.0,-6.783443014261081,90,3
00-0031280,Derek Carr,LV,2021,QB,16.957888,15.265576362609863,258.8719177246094,0.0,258.8719177246094,16.179494857788086,256.6572265625,288.858154296875,13,False,266.9210205078125,12.0,-8.049102783203125,91,2
00-0031610,Darren Waller,LV,2021,TE,,8.552284240722656,136.8365478515625,56.2207145690918,108.7261905670166,6.795386910438538,134.26516723632812,227.51809692382812,14,False,145.98374938964844,12.0,-9.147201538085938,92,3
00-0032950,Carson Wentz,IND,2021,QB,16.920479,15.20161247253418,257.21856689453125,0.0027126537170261145,257.21721056767274,16.076075660479546,256.31536865234375,282.69219970703125,14,False,266.9210205078125,12.0,-9.70245361328125,93,2
00-0031382,Jarvis Landry,CLE,2021,WR,,9.100237846374512,145.6038055419922,56.03296661376953,117.58732223510742,7.349207639694214,135.72140502929688,205.787841796875,41,False,155.52947998046875,36.0,-9.925674438476562,94,6
00-0034270,Tyler Conklin,MIN,2021,TE,,8.421126365661621,134.73802185058594,59.136802673339844,105.16962051391602,6.573101282119751,85.91259002685547,137.75526428222656,15,False,145.98374938964844,12.0,-11.2457275390625,95,3
00-0036415,Van Jefferson,LA,2021,WR,,9.011452674865723,144.18324279785156,46.12788772583008,121.11929893493652,7.569956183433533,70.43973541259766,161.02081298828125,42,False,155.52947998046875,36.0,-11.346237182617188,96,6
00-0035140,Mecole Hardman,KC,2021,WR,,8.902081489562988,142.4333038330078,57.792964935302734,113.53682136535645,7.096051335334778,126.74200439453125,146.94680786132812,43,False,155.52947998046875,36.0,-13.096176147460938,97,6
00-0035261,Tony Pollard,DAL,2021,RB,,9.694567937850952,155.11308700561523,37.58239532470703,136.32188934326172,8.520118083953857,97.77792388916016,165.10392669677734,26,False,168.86325350010094,24.0,-13.750166494485711,98,3
00-0033375,Tim Patrick,DEN,2021,WR,,8.76621150970459,140.25938415527344,48.46649932861328,116.0261344909668,7.251633405685425,97.01649475097656,151.09432983398438,44,False,155.52947998046875,36.0,-15.270095825195312,99,6
00-0027061,Jared Cook,LAC,2021,TE,,8.135299682617188,130.164794921875,47.68149185180664,106.32404899597168,6.64525306224823,100.50597381591797,132.3206024169922,16,False,145.98374938964844,12.0,-15.818954467773438,100,3
00-0032688,Robbie Chosen,CAR,2021,WR,,8.633777618408203,138.14044189453125,54.53343963623047,110.87372207641602,6.929607629776001,135.37831115722656,150.91897583007812,45,False,155.52947998046875,36.0,-17.3890380859375,101,6
00-0036158,J.K. Dobbins,BAL,2021,RB,,9.28265968322754,148.52255493164063,25.840871143341065,135.6021193599701,8.47513245999813,128.56862312316895,173.94437759399415,27,False,168.86325350010094,24.0,-20.34069856846031,102,4
00-0027685,Emmanuel Sanders,BUF,2021,WR,,8.41063404083252,134.5701446533203,41.72710037231445,113.70659446716309,7.106662154197693,110.0332260131836,141.29336547851562,46,False,155.52947998046875,36.0,-20.959335327148438,103,6
00-0036219,Marquez Callaway,NO,2021,WR,,8.394007682800293,134.3041229248047,42.46883010864258,113.0697078704834,7.066856741905212,70.44645690917969,146.85899353027344,47,False,155.52947998046875,36.0,-21.225357055664062,104,6
00-0034521,Allen Lazard,GB,2021,WR,,8.334770202636719,133.3563232421875,38.403907775878906,114.15436935424805,7.134648084640503,86.57880401611328,139.78338623046875,48,False,155.52947998046875,36.0,-22.17315673828125,105,6
00-0033357,Taysom Hill,NO,2021,TE,,7.681743621826172,122.90789794921875,4.540993690490723,120.63740110397339,7.539837568998337,102.55821228027344,124.00345611572266,17,False,145.98374938964844,12.0,-23.075851440429688,106,3
00-0036268,Laviska Shenault Jr.,JAX,2021,WR,,8.13893985748291,130.22303771972656,63.9956169128418,98.22522926330566,6.139076828956604,126.36550903320312,152.64932250976562,49,False,155.52947998046875,36.0,-25.306442260742188,107,7
00-0034796,Lamar Jackson,BAL,2021,QB,12.057567,20.031665802001953,241.53314208984375,0.0,241.53314208984375,15.095821380615234,240.955810546875,256.3468933105469,15,False,266.9210205078125,12.0,-25.38787841796875,108,2
00-0034845,Sony Michel,LA,2021,RB,,8.814608925226043,141.0337428036167,19.746832055412362,131.1603267759105,8.197520423494407,89.41503796430584,142.6430677859119,28,False,168.86325350010094,24.0,-27.82951069648425,109,4
00-0034681,Chase Edmonds,ARI,2021,RB,,8.813562066824284,141.01699306918854,42.84221640992213,119.59588486422747,7.474742804014217,132.34631462394825,148.89259357898877,29,False,168.86325350010094,24.0,-27.846260430912395,110,4
00-0036290,Cole Kmet,CHI,2021,TE,,7.344633102416992,117.51412963867188,57.769874572753906,88.62919235229492,5.539324522018433,84.63401794433594,121.15911102294922,18,False,145.98374938964844,12.0,-28.469619750976562,111,3
00-0033895,Gerald Everett,SEA,2021,TE,,7.216103553771973,115.45765686035156,47.59783935546875,91.65873718261719,5.728671073913574,79.68197631835938,117.74790954589844,19,False,145.98374938964844,12.0,-30.526092529296875,112,3
00-0031428,Allen Robinson,CHI,2021,WR,,7.785608768463135,124.56974029541016,49.59408950805664,99.77269554138184,6.235793471336365,95.70608520507812,240.25860595703125,50,False,155.52947998046875,36.0,-30.959739685058594,113,7
00-0036196,Gabe Davis,BUF,2021,WR,,7.746193885803223,123.93910217285156,36.31829833984375,105.77995300292969,6.6112470626831055,118.16949462890625,144.88226318359375,51,False,155.52947998046875,36.0,-31.590377807617188,114,7
00-0031235,Odell Beckham Jr.,LA,2021,WR,,7.640510082244873,122.24816131591797,41.74079513549805,101.37776374816895,6.336110234260559,99.95445251464844,129.02671813964844,52,False,155.52947998046875,36.0,-33.28131866455078,115,7
00-0034367,Nyheim Hines,IND,2021,RB,,8.38664034843445,134.1862455749512,43.92000484466553,112.22624315261841,7.0141401970386505,122.87086982727051,202.44334411621094,30,False,168.86325350010094,24.0,-34.67700792514975,116,4
00-0027793,Antonio Brown,TB,2021,WR,,7.528616428375244,120.4578628540039,42.744686126708984,99.08551979064941,6.192844986915588,118.99252319335938,152.47618103027344,53,False,155.52947998046875,36.0,-35.071617126464844,117,7
00-0032241,Todd Gurley,ATL,2021,RB,,8.30034093525865,132.8054549641384,21.902839716964188,121.85403510565631,7.615877194103519,100.77664515130411,164.02215878475536,31,False,168.86325350010094,24.0,-36.05779853596255,118,4
00-0034972,Alexander Mattison,MIN,2021,RB,,8.219270849227906,131.5083335876465,32.01383602142334,115.50141557693482,7.218838473558426,127.95155197143555,142.61710739135742,32,False,168.86325350010094,24.0,-37.35491991245445,119,4
00-0035215,Deonte Harty,NO,2021,WR,,7.334157943725586,117.34652709960938,36.14914321899414,99.2719554901123,6.204497218132019,87.56565856933594,119.17025756835938,54,False,155.52947998046875,36.0,-38.182952880859375,120,7
00-0033885,David Njoku,CLE,2021,TE,,6.686723709106445,106.98757934570312,35.908992767333984,89.03308296203613,5.564567685127258,66.6252670288086,107.39627075195312,20,False,145.98374938964844,12.0,-38.99617004394531,121,3
00-0032464,Kalif Raymond,DET,2021,WR,,7.223496437072754,115.57594299316406,43.363983154296875,93.89395141601562,5.868371963500977,39.149417877197266,126.86434936523438,55,False,155.52947998046875,36.0,-39.95353698730469,122,7
00-0031345,Jimmy Garoppolo,SF,2021,QB,14.948458,15.177156448364258,226.8750762939453,0.0,226.8750762939453,14.179692268371582,194.01499938964844,227.44561767578125,16,False,266.9210205078125,12.0,-40.04594421386719,123,3
00-0035243,Miles Sanders,PHI,2021,RB,,8.022605204582215,128.36168327331544,26.966307945251465,114.8785293006897,7.179908081293107,122.3457169342041,201.08999176025392,33,False,168.86325350010094,24.0,-40.5015702267855,124,4
00-0036412,KJ Hamler,DEN,2021,WR,,7.18574333190918,114.97189331054688,34.27959060668945,97.83209800720215,6.114506125450134,74.2356948852539,131.21998596191406,56,False,155.52947998046875,36.0,-40.557586669921875,125,7
00-0034418,Cedrick Wilson Jr.,DAL,2021,WR,,7.1699604988098145,114.71936798095703,38.687400817871094,95.37566757202148,5.960979223251343,55.50289535522461,141.25718688964844,57,False,155.52947998046875,36.0,-40.81011199951172,126,7
00-0036360,Clyde Edwards-Helaire,KC,2021,RB,,7.9637923908233645,127.42067825317383,21.59770051956177,116.62182799339294,7.288864249587059,121.91991622924805,218.96999084472657,34,False,168.86325350010094,24.0,-41.442575246927106,127,4
00-0032063,Mike Davis,ATL,2021,RB,,7.927509267971501,126.84014828754401,38.92749340582188,107.37640158463307,6.711025099039567,123.81781500093746,144.0786741190133,35,False,168.86325350010094,24.0,-42.02310521255693,128,4
00-0033871,Corey Davis,NYJ,2021,WR,,7.0690836906433105,113.10533905029297,40.06690216064453,93.0718879699707,5.816992998123169,108.83597564697266,176.28485107421875,58,False,155.52947998046875,36.0,-42.42414093017578,129,7
00-0031547,DeVante Parker,MIA,2021,WR,,7.064500331878662,113.0320053100586,44.0322265625,91.0158920288086,5.688493251800537,105.21216583251953,166.77899169921875,59,False,155.52947998046875,36.0,-42.497474670410156,130,7
00-0036345,K.J. Osborn,MIN,2021,WR,,7.046472072601318,112.7435531616211,35.59506607055664,94.94602012634277,5.934126257896423,22.08095932006836,148.7208709716797,60,False,155.52947998046875,36.0,-42.785926818847656,131,7
00-0034297,Byron Pringle,KC,2021,WR,,6.941649913787842,111.06639862060547,36.395259857177734,92.8687686920166,5.804298043251038,46.404720306396484,123.69189453125,61,False,155.52947998046875,36.0,-44.46308135986328,132,7
00-0033881,Evan Engram,NYG,2021,TE,,6.344831466674805,101.51730346679688,45.47844696044922,78.77807998657227,4.923629999160767,92.67375946044922,112.54327392578125,21,False,145.98374938964844,12.0,-44.46644592285156,133,4
00-0034419,Braxton Berrios,NYJ,2021,WR,,6.936216354370117,110.97946166992188,41.81413269042969,90.07239532470703,5.6295247077941895,59.345184326171875,119.93657684326172,62,False,155.52947998046875,36.0,-44.550018310546875,134,7
00-0031285,Devonta Freeman,BAL,2021,RB,,7.7041844579669245,123.26695132747079,28.6037567644165,108.96507294526255,6.810317059078909,44.58868901706411,127.13415968167138,36,False,168.86325350010094,24.0,-45.596302172630146,135,4
00-0031941,Jamison Crowder,NYJ,2021,WR,,6.841479301452637,109.46366882324219,51.866153717041016,83.53059196472168,5.220661997795105,109.34880065917969,156.36245727539062,63,False,155.52947998046875,36.0,-46.06581115722656,136,7
00-0034764,Michael Gallup,DAL,2021,WR,,6.83324670791626,109.33194732666016,39.28095626831055,89.69146919250488,5.605716824531555,94.00077056884766,158.64132690429688,64,False,155.52947998046875,36.0,-46.197532653808594,137,7
00-0036297,Darrynton Evans,TEN,2021,RB,,7.58366005897522,121.33856094360353,21.775014667510987,110.45105360984803,6.903190850615502,83.70950317382812,148.68976333618164,37,False,168.86325350010094,24.0,-47.52469255649741,138,4
00-0022924,Ben Roethlisberger,PIT,2021,QB,15.995834,13.642265319824219,218.21942138671875,0.0009054883848875761,218.2189686425263,13.638685540157894,218.0060577392578,266.5047912597656,17,False,266.9210205078125,12.0,-48.70159912109375,139,3
00-0032602,J.D. McKissic,WAS,2021,RB,,7.481590046324524,119.70544074119239,40.54078270083825,99.43504939077326,6.214690586923329,116.88779945498864,129.04345251533775,38,False,168.86325350010094,24.0,-49.15781275890855,140,4
00-0036407,Jerry Jeudy,DEN,2021,WR,,6.624190807342529,105.98705291748047,42.452545166015625,84.76078033447266,5.297548770904541,88.91160583496094,198.69114685058594,65,False,155.52947998046875,36.0,-49.54242706298828,141,7
00-0031549,Nelson Agholor,NE,2021,WR,,6.621399402618408,105.94239044189453,38.17749786376953,86.85364151000977,5.42835259437561,102.57918548583984,130.83453369140625,66,False,155.52947998046875,36.0,-49.58708953857422,142,7
00-0033251,Zach Pascal,IND,2021,WR,,6.611719131469727,105.78750610351562,40.470428466796875,85.55229187011719,5.347018241882324,98.0853500366211,128.46742248535156,67,False,155.52947998046875,36.0,-49.741973876953125,143,7
00-0036365,Bryan Edwards,LV,2021,WR,,6.599331378936768,105.58930206298828,33.72880554199219,88.72489929199219,5.545306205749512,80.15223693847656,108.88533020019531,68,False,155.52947998046875,36.0,-49.94017791748047,144,7
00-0032392,Austin Hooper,CLE,2021,TE,,5.992653846740723,95.88246154785156,39.772682189941406,75.99612045288086,4.749757528305054,92.93553924560547,137.3869171142578,22,False,145.98374938964844,12.0,-50.101287841796875,145,4
00-0036233,Donovan Peoples-Jones,CLE,2021,WR,,6.572738170623779,105.16381072998047,34.59632873535156,87.86564636230469,5.491602897644043,85.82101440429688,110.8384017944336,69,False,155.52947998046875,36.0,-50.36566925048828,146,7
00-0035537,Ty Johnson,NYJ,2021,RB,,7.3593882894516,117.7502126312256,34.80436103820801,100.34803211212159,6.271752007007599,78.16688011169434,120.73417304992677,39,False,168.86325350010094,24.0,-51.113040868875345,147,4
00-0033923,Kareem Hunt,CLE,2021,RB,,7.352288035772012,117.63660857235219,24.18592897992196,105.54364408239121,6.596477755149451,110.26129691706872,198.40801640483795,40,False,168.86325350010094,24.0,-51.22664492774875,148,4
00-0034272,Marquez Valdes-Scantling,GB,2021,WR,,6.339875221252441,101.43800354003906,31.036312103271484,85.91984748840332,5.3699904680252075,91.80848693847656,154.39028930664062,70,False,155.52947998046875,36.0,-54.09147644042969,149,7
00-0034970,Irv Smith,MIN,2021,TE,,5.732742786407471,91.72388458251953,35.315818786621094,74.06597518920898,4.6291234493255615,76.0032730102539,111.46399688720703,23,False,145.98374938964844,12.0,-54.259864807128906,150,4
00-0036271,Quez Watkins,PHI,2021,WR,,6.2291154861450195,99.66584777832031,38.99676513671875,80.16746520996094,5.010466575622559,58.27104187011719,113.26463317871094,71,False,155.52947998046875,36.0,-55.86363220214844,151,7
00-0035414,Jalen Guyton,LAC,2021,WR,,6.227805137634277,99.64488220214844,29.962827682495117,84.66346836090088,5.291466772556305,79.87120819091797,109.06900024414062,72,False,155.52947998046875,36.0,-55.88459777832031,152,7
00-0032972,Devontae Booker,NYG,2021,RB,,6.966381008026128,111.46209612841805,32.54764070804604,95.18827577439504,5.94926723589969,51.874446178961094,123.99239446599545,41,False,168.86325350010094,24.0,-57.401157371682885,153,4
00-0033948,Jamaal Williams,DET,2021,RB,,6.954138852471281,111.26622163954049,24.95580611166931,98.78831858370583,6.174269911481614,82.07682821964418,116.38561549333576,42,False,168.86325350010094,24.0,-57.59703186056045,154,4
00-0031687,Raheem Mostert,SF,2021,RB,,6.887550932096341,110.20081491354145,17.488485180438992,101.45657232332196,6.341035770207623,85.67664124234908,123.72577234789085,43,False,168.86325350010094,24.0,-58.66243858655949,155,4
00-0034331,Jaylen Samuels,HOU,2021,RB,,6.880585551611126,110.08936882577801,35.07528948834137,92.55172408160732,5.784482755100457,62.98268090119515,146.87657991642988,44,False,168.86325350010094,24.0,-58.77388467432293,156,4
00-0031062,James White,NE,2021,RB,,6.841556679704759,109.46490687527614,36.34708918715731,91.29136228169749,5.705710142606093,88.81262553382784,117.97001663093123,45,False,168.86325350010094,24.0,-59.398346624824796,157,4
00-0033932,Kenny Golladay,NYG,2021,WR,,5.986767292022705,95.78827667236328,39.38416290283203,76.09619522094727,4.756012201309204,90.12504577636719,171.26254272460938,73,False,155.52947998046875,36.0,-59.74120330810547,158,7
00-0029263,Russell Wilson,SEA,2021,QB,12.9166155,16.017532348632812,206.89230346679688,0.02430604211986065,206.88015044573694,12.930009402858559,205.8863525390625,246.3121795654297,18,False,266.9210205078125,12.0,-60.028717041015625,159,3
00-0035527,Andy Isabella,ARI,2021,WR,,5.967431545257568,95.4789047241211,30.99852752685547,79.97964096069336,4.998727560043335,74.3027114868164,102.591552734375,74,False,155.52947998046875,36.0,-60.050575256347656,160,7
00-0033891,Zay Jones,LV,2021,WR,,5.941865921020508,95.06985473632812,42.291316986083984,73.92419624328613,4.620262265205383,53.47772979736328,103.69905853271484,75,False,155.52947998046875,36.0,-60.459625244140625,161,7
00-0033840,Chad Hansen,ATL,2021,WR,,5.9078755378723145,94.52600860595703,29.97757339477539,79.53722190856934,4.9710763692855835,57.40336227416992,91.9713363647461,76,False,155.52947998046875,36.0,-61.00347137451172,162,7
00-0028002,Randall Cobb,GB,2021,WR,,5.891175746917725,94.2588119506836,30.230737686157227,79.14344310760498,4.946465194225311,67.0074691772461,99.10945892333984,77,False,155.52947998046875,36.0,-61.270668029785156,163,7
00-0034981,Foster Moreau,LV,2021,TE,,5.243225574493408,83.89160919189453,29.302576065063477,69.2403211593628,4.327520072460175,33.02936935424805,84.93366241455078,24,False,145.98374938964844,12.0,-62.092140197753906,164,4
00-0031237,Teddy Bridgewater,DEN,2021,QB,14.098317,14.527154922485352,204.80844116210938,0.0,204.80844116210938,12.800527572631836,203.61965942382812,213.43589782714844,19,False,266.9210205078125,12.0,-62.112579345703125,165,3
00-0034765,Tre'Quan Smith,NO,2021,WR,,5.823739051818848,93.17982482910156,34.82783889770508,75.76590538024902,4.735369086265564,87.93057250976562,116.41180419921875,78,False,155.52947998046875,36.0,-62.34965515136719,166,7
00-0036414,Cam Akers,LA,2021,RB,,6.614377522468567,105.83004035949708,11.105390815734864,100.27734495162964,6.267334059476853,91.55233016967773,154.88591995239258,46,False,168.86325350010094,24.0,-63.03321314060386,167,4
00-0029608,T.Y. Hilton,IND,2021,WR,,5.758606433868408,92.13770294189453,30.53076934814453,76.87231826782227,4.804519891738892,80.81269836425781,156.8325653076172,79,False,155.52947998046875,36.0,-63.39177703857422,168,7
00-0034184,Gus Edwards,BAL,2021,RB,,6.457755476052756,103.3240876168441,11.70569935569528,97.47123793899645,6.091952371187278,90.13882218582184,122.38502030029923,47,False,168.86325350010094,24.0,-65.53916588325684,169,4
00-0030181,Jack Doyle,IND,2021,TE,,4.939056873321533,79.02490997314453,29.656204223632812,64.19680786132812,4.012300491333008,75.80621337890625,91.43303680419922,25,False,145.98374938964844,12.0,-66.9588394165039,170,4
00-0025394,Adrian Peterson,SEA,2021,RB,,6.367875337600708,101.88600540161133,17.21486520767212,93.27857279777527,5.829910799860954,78.17884826660156,108.3779296875,48,False,168.86325350010094,24.0,-66.97724809848961,171,4
00-0036182,Nick Westbrook-Ikhine,TEN,2021,WR,,5.530519485473633,88.48831176757812,33.297340393066406,71.83964157104492,4.489977598190308,26.924320220947266,102.54093933105469,80,False,155.52947998046875,36.0,-67.04116821289062,172,7
00-0033217,Mo Alie-Cox,IND,2021,TE,,4.932992935180664,78.92788696289062,24.266878128051758,66.79444789886475,4.174652993679047,68.42890930175781,81.55540466308594,26,False,145.98374938964844,12.0,-67.05586242675781,173,4
00-0031273,Cameron Brate,TB,2021,TE,,4.923663139343262,78.77861022949219,29.920188903808594,63.81851577758789,3.988657236099243,66.3730697631836,78.97322845458984,27,False,145.98374938964844,12.0,-67.20513916015625,174,4
00-0035006,Bisi Johnson,MIN,2021,WR,,5.495945930480957,87.93513488769531,26.761911392211914,74.55417919158936,4.659636199474335,54.571876525878906,99.82119750976562,81,False,155.52947998046875,36.0,-67.59434509277344,175,7
00-0034011,Dan Arnold,JAX,2021,TE,,4.896722316741943,78.3475570678711,35.51316452026367,60.59097480773926,3.7869359254837036,75.57015991210938,107.05321502685547,28,False,145.98374938964844,12.0,-67.63619232177734,176,4
00-0033943,Josh Reynolds,DET,2021,WR,,5.468513011932373,87.49620819091797,29.66806983947754,72.6621732711792,4.5413858294487,79.35299682617188,107.82844543457031,82,False,155.52947998046875,36.0,-68.03327178955078,177,7
00-0033589,David Moore,GB,2021,WR,,5.468502521514893,87.49604034423828,29.918502807617188,72.53678894042969,4.5335493087768555,57.8447151184082,89.69395446777344,83,False,155.52947998046875,36.0,-68.03343963623047,178,7
00-0035208,Olamide Zaccheaus,ATL,2021,WR,,5.46844482421875,87.4951171875,31.20747184753418,71.89138126373291,4.493211328983307,69.58934020996094,88.51368713378906,84,False,155.52947998046875,36.0,-68.03436279296875,179,7
00-0034837,Calvin Ridley,ATL,2021,WR,,5.425649642944336,86.81039428710938,36.421207427978516,68.59979057312012,4.287486910820007,76.21932983398438,248.4381866455078,85,False,155.52947998046875,36.0,-68.71908569335938,180,7
00-0036251,Zack Moss,BUF,2021,RB,,6.242976717948914,99.88762748718263,21.889022541046142,88.94311621665955,5.558944763541222,84.71113479614257,108.6946257019043,49,False,168.86325350010094,24.0,-68.97562601291831,181,5
00-0036357,Henry Ruggs III,LV,2021,WR,,5.352169990539551,85.63471984863281,26.37335205078125,72.44804382324219,4.528002738952637,82.49287414550781,103.46281433105469,86,False,155.52947998046875,36.0,-69.89476013183594,182,7
00-0035957,Rodney Smith,DET,2021,RB,,6.158118209515754,98.52989135225206,19.843740916320677,88.60802089409172,5.538001305880733,72.37687361965924,112.15401129203656,50,False,168.86325350010094,24.0,-70.33336214784887,183,5
00-0036364,Lynn Bowden,MIA,2021,WR,,5.278334140777588,84.4533462524414,28.796199798583984,70.05524635314941,4.378452897071838,62.34965133666992,101.90763854980469,87,False,155.52947998046875,36.0,-71.07613372802734,184,7
00-0027944,Julio Jones,TEN,2021,WR,,5.252227306365967,84.03563690185547,32.8260498046875,67.62261199951172,4.226413249969482,82.27345275878906,185.65573120117188,88,False,155.52947998046875,36.0,-71.49384307861328,185,7
00-0031384,Richard Rodgers,PHI,2021,TE,,4.653423309326172,74.45477294921875,31.29238510131836,58.80858039855957,3.675536274909973,56.56689453125,89.66741180419922,29,False,145.98374938964844,12.0,-71.52897644042969,186,4
00-0036423,Albert Okwuegbunam,DEN,2021,TE,,4.6318359375,74.109375,32.21786117553711,58.000444412231445,3.6250277757644653,51.88801193237305,76.16777038574219,30,False,145.98374938964844,12.0,-71.87437438964844,187,4
00-0031325,Sammy Watkins,BAL,2021,WR,,5.217854976654053,83.48567962646484,32.11839294433594,67.42648315429688,4.214155197143555,73.0041732788086,122.6449203491211,89,False,155.52947998046875,36.0,-72.0438003540039,188,7
00-0033118,Kenyan Drake,LV,2021,RB,,5.996760111083567,95.94816177733708,28.011833876662678,81.94224483900574,5.121390302437859,95.60871603718365,125.40420548780418,51,False,168.86325350010094,24.0,-72.91509172276386,189,5
00-0033106,Jared Goff,DET,2021,QB,13.953884,13.896671295166016,193.91253662109375,0.013479424640536308,193.90579690877348,12.119112306798343,174.8197479248047,201.08413696289062,20,False,266.9210205078125,12.0,-73.00848388671875,190,3
00-0036269,La'Mical Perine,NYJ,2021,RB,,5.976400408744812,95.622406539917,21.524149017333986,84.86033203125,5.303770751953125,77.5139437866211,116.93204818725586,52,False,168.86325350010094,24.0,-73.24084696018394,191,5
00-0035628,D'Ernest Johnson,CLE,2021,RB,,5.972859539959546,95.56575263935274,17.38929295236325,86.87110616317112,5.429444135198195,36.04073336494858,103.15082202783437,53,False,168.86325350010094,24.0,-73.2975008607482,192,5
00-0033455,Anthony Firkser,TEN,2021,TE,,4.494436264038086,71.91098022460938,33.260284423828125,55.28083801269531,3.455052375793457,62.49677276611328,77.47708892822266,31,False,145.98374938964844,12.0,-74.07276916503906,193,4
00-0032385,Sterling Shepard,NYG,2021,WR,,5.082590103149414,81.32144165039062,36.506439208984375,63.06822204589844,3.9417638778686523,78.64788818359375,140.69886779785156,90,False,155.52947998046875,36.0,-74.20803833007812,194,7
00-0033681,Keelan Cole,NYJ,2021,WR,,4.965132713317871,79.44212341308594,29.138778686523438,64.87273406982422,4.054545879364014,76.72101593017578,99.94548797607422,91,False,155.52947998046875,36.0,-76.08735656738281,195,7
00-0035592,Travis Fulgham,DEN,2021,WR,,4.94340181350708,79.09442901611328,32.00668716430664,63.09108543395996,3.9431928396224976,78.09646606445312,114.53382873535156,92,False,155.52947998046875,36.0,-76.43505096435547,196,7
00-0036247,Freddie Swain,SEA,2021,WR,,4.933774948120117,78.94039916992188,25.119657516479492,66.38057041168213,4.148785650730133,46.675228118896484,85.02826690673828,93,False,155.52947998046875,36.0,-76.58908081054688,197,7
00-0033858,Jonnu Smith,NE,2021,TE,,4.309727191925049,68.95563507080078,28.01495933532715,54.94815540313721,3.4342597126960754,67.30522155761719,103.12614440917969,32,False,145.98374938964844,12.0,-77.02811431884766,198,5
00-0026143,Matt Ryan,ATL,2021,QB,14.300993,13.260213851928711,189.6342315673828,0.0,189.6342315673828,11.852139472961426,184.26773071289062,271.74603271484375,21,False,266.9210205078125,12.0,-77.28678894042969,199,3
00-0031051,John Brown,TB,2021,WR,,4.879672527313232,78.07476043701172,25.952606201171875,65.09845733642578,4.068653583526611,64.13714599609375,99.3246078491211,94,False,155.52947998046875,36.0,-77.45471954345703,200,7
00-0034414,Boston Scott,PHI,2021,RB,,5.665186294259313,90.64298070814901,13.566590849212552,83.85968528354273,5.241230330221421,79.92086569476012,97.9867288129155,54,False,168.86325350010094,24.0,-78.22027279195193,201,5
00-0033925,D'Onta Foreman,TEN,2021,RB,,5.663999715556354,90.62399544890167,8.740778021763482,86.25360643801993,5.390850402376246,43.56852257466822,93.90560817444349,55,False,168.86325350010094,24.0,-78.23925805119927,202,5
00-0036427,Tyler Johnson,TB,2021,WR,,4.787025451660156,76.5924072265625,34.402252197265625,59.39128112792969,3.7119550704956055,69.21075439453125,84.74484252929688,95,False,155.52947998046875,36.0,-78.93707275390625,203,7
00-0033955,Jeremy McNichols,TEN,2021,RB,,5.617200882658414,89.87521412253463,29.093153971359392,75.32863713685492,4.708039821053433,76.48320004744534,114.80036541896354,56,False,168.86325350010094,24.0,-78.98803937756631,204,5
00-0036422,Adam Trautman,NO,2021,TE,,4.1860246658325195,66.97639465332031,26.98493194580078,53.48392868041992,3.342745542526245,62.4110221862793,94.0013656616211,33,False,145.98374938964844,12.0,-79.00735473632812,205,5
00-0034366,Keke Coutee,IND,2021,WR,,4.757088661193848,76.11341857910156,27.134544372558594,62.546146392822266,3.9091341495513916,60.47237014770508,88.28116607666016,96,False,155.52947998046875,36.0,-79.41606140136719,206,7
00-0027150,Julian Edelman,NE,2021,WR,,4.67732048034668,74.83712768554688,22.44881248474121,63.61272144317627,3.975795090198517,60.42599868774414,101.2552261352539,97,False,155.52947998046875,36.0,-80.69235229492188,207,7
00-0032141,Geoff Swaim,TEN,2021,TE,,4.0701904296875,65.123046875,28.19534683227539,51.025373458862305,3.189085841178894,40.871212005615234,69.75241088867188,34,False,145.98374938964844,12.0,-80.86070251464844,208,5
00-0034830,Hayden Hurst,ATL,2021,TE,,4.066956996917725,65.0713119506836,26.029300689697266,52.05666160583496,3.253541350364685,64.3656005859375,94.42988586425781,35,False,145.98374938964844,12.0,-80.91243743896484,209,5
00-0035535,Darius Slayton,NYG,2021,WR,,4.653493404388428,74.45589447021484,27.42403793334961,60.74387550354004,3.7964922189712524,68.28987884521484,139.26071166992188,98,False,155.52947998046875,36.0,-81.0735855102539,210,7
00-0036331,Devin Duvernay,BAL,2021,WR,,4.601317882537842,73.62108612060547,30.7515869140625,58.24529266357422,3.6403307914733887,53.91439437866211,78.40526580810547,99,False,155.52947998046875,36.0,-81.90839385986328,211,7
00-0036387,Jalen Reagor,PHI,2021,WR,,4.58018684387207,73.28298950195312,32.499046325683594,57.03346633911133,3.564591646194458,77.54972839355469,116.21341705322266,100,False,155.52947998046875,36.0,-82.24649047851562,212,7
00-0034353,Anthony Miller,PIT,2021,WR,,4.577485084533691,73.23976135253906,22.80638313293457,61.83656978607178,3.864785611629486,57.848880767822266,84.77542877197266,101,False,155.52947998046875,36.0,-82.28971862792969,213,7
00-0032009,Adam Humphries,WAS,2021,WR,,4.564555644989014,73.03289031982422,38.16917419433594,53.94830322265625,3.3717689514160156,61.479190826416016,84.3883056640625,102,False,155.52947998046875,36.0,-82.49658966064453,214,7
00-0034440,Justin Jackson,LAC,2021,RB,,5.381609399852323,86.10575039763717,23.13405993361738,74.53872043082848,4.65867002692678,75.72957144547293,90.00896759033205,57,False,168.86325350010094,24.0,-82.75750310246377,215,5
00-0036212,Tua Tagovailoa,MIA,2021,QB,13.096728,14.053587913513184,184.0560302734375,0.0007012431742623448,184.05567965185037,11.503479978240648,182.44505310058594,216.44754028320312,22,False,266.9210205078125,12.0,-82.864990234375,216,3
00-0032775,Demarcus Robinson,KC,2021,WR,,4.532590866088867,72.52145385742188,27.42842674255371,58.80724048614502,3.6754525303840637,70.5575942993164,88.19142150878906,103,False,155.52947998046875,36.0,-83.00802612304688,217,7
00-0027966,Mark Ingram,NO,2021,RB,,5.353099047094889,85.64958475351823,20.948022771622526,75.17557336770696,4.698473335481685,75.85412671213848,93.43740055969363,58,False,168.86325350010094,24.0,-83.21366874658271,218,5
00-0034798,Durham Smythe,MIA,2021,TE,,3.9206833839416504,62.730934143066406,31.626123428344727,46.91787242889404,2.9323670268058777,29.76641845703125,68.67436218261719,36,False,145.98374938964844,12.0,-83.25281524658203,219,5
00-0034370,DaeSean Hamilton,DEN,2021,WR,,4.511484146118164,72.18374633789062,23.29155731201172,60.537967681884766,3.783622980117798,50.17829895019531,82.22560119628906,104,False,155.52947998046875,36.0,-83.34573364257812,220,7
00-0036096,J.J. Taylor,NE,2021,RB,,5.297574009895325,84.7611841583252,15.581960105895996,76.9702041053772,4.810637756586075,60.123216705322264,99.979404296875,59,False,168.86325350010094,24.0,-84.10206934177575,221,5
00-0034286,Richie James,SF,2021,WR,,4.453685283660889,71.25896453857422,27.92690086364746,57.29551410675049,3.5809696316719055,51.90686798095703,89.47010803222656,105,False,155.52947998046875,36.0,-84.27051544189453,222,7
00-0036232,Harrison Bryant,CLE,2021,TE,,3.8113441467285156,60.98150634765625,20.832101821899414,50.56545543670654,3.160340964794159,59.25381851196289,68.62899017333984,37,False,145.98374938964844,12.0,-85.00224304199219,223,5
00-0027981,Kyle Rudolph,NYG,2021,TE,,3.808243989944458,60.93190383911133,26.304279327392578,47.77976417541504,2.98623526096344,58.47815704345703,85.41902160644531,38,False,145.98374938964844,12.0,-85.05184555053711,224,5
00-0034676,James Washington,PIT,2021,WR,,4.404481410980225,70.4717025756836,24.98882293701172,57.977291107177734,3.6235806941986084,64.84537506103516,82.92752075195312,106,False,155.52947998046875,36.0,-85.05777740478516,225,7
00-0032128,Chris Conley,HOU,2021,WR,,4.3668532371521,69.8696517944336,23.12261199951172,58.308345794677734,3.6442716121673584,61.671077728271484,83.30274200439453,107,False,155.52947998046875,36.0,-85.65982818603516,226,7
00-0034816,Ronald Jones,TB,2021,RB,,5.187181925773621,82.99491081237794,10.820919246673585,77.58445118904115,4.849028199315072,82.12709777832032,174.91158996582033,60,False,168.86325350010094,24.0,-85.868342687723,227,5
00-0026189,DeSean Jackson,LV,2021,WR,,4.345889091491699,69.53422546386719,19.03363609313965,60.01740741729736,3.751087963581085,35.523094177246094,73.16434478759766,108,False,155.52947998046875,36.0,-85.99525451660156,228,7
00-0030549,Tyler Eifert,JAX,2021,TE,,3.742121696472168,59.87394714355469,26.953617095947266,46.397138595581055,2.899821162223816,55.64925765991211,78.51438903808594,39,False,145.98374938964844,12.0,-86.10980224609375,229,5
00-0025418,Greg Olsen,SEA,2021,TE,,3.738778829574585,59.82046127319336,26.215669631958008,46.712626457214355,2.919539153575897,44.43252944946289,69.20719909667969,40,False,145.98374938964844,12.0,-86.16328811645508,230,5
00-0030108,Ryan Griffin,NYJ,2021,TE,,3.7150816917419434,59.441307067871094,24.306535720825195,47.288039207458496,2.955502450466156,25.10816764831543,63.94234085083008,41,False,145.98374938964844,12.0,-86.54244232177734,231,5
00-0034855,Baker Mayfield,CLE,2021,QB,13.942098,12.925224304199219,180.20474243164062,0.0,180.20474243164062,11.262796401977539,180.1968536376953,231.1143798828125,23,False,266.9210205078125,12.0,-86.71627807617188,232,3
00-0035594,Travis Homer,SEA,2021,RB,,5.133120913505555,82.12993461608887,18.280008926391602,72.98993015289307,4.561870634555817,64.81437194824218,117.5522233581543,61,False,168.86325350010094,24.0,-86.73331888401206,233,5
00-0030288,Rex Burkhead,HOU,2021,RB,,5.098773263925399,81.58037222280639,19.510497584176505,71.82512343071814,4.4890702144198835,60.9473318780668,85.6223224292105,62,False,168.86325350010094,24.0,-87.28288127729455,234,5
00-0036139,Rico Dowdle,DAL,2021,RB,,5.0943958187103275,81.51033309936524,24.46204029083252,69.27931295394897,4.329957059621811,34.41982414245606,100.3574895477295,63,False,168.86325350010094,24.0,-87.3529204007357,235,5
00-0032951,Laquon Treadwell,JAX,2021,WR,,4.257735729217529,68.12377166748047,29.78423309326172,53.23165512084961,3.3269784450531006,26.152219772338867,79.09810638427734,109,False,155.52947998046875,36.0,-87.40570831298828,236,7
00-0034457,Josh Adams,NO,2021,RB,,5.07454384803772,81.19270156860352,18.47061731338501,71.95739291191101,4.497337056994438,64.70078842163086,99.14205780029297,64,False,168.86325350010094,24.0,-87.67055193149741,237,5
00-0036398,John Hightower,PHI,2021,WR,,4.232232093811035,67.71571350097656,17.84344482421875,58.79399108886719,3.674624443054199,39.226680755615234,88.62088012695312,110,False,155.52947998046875,36.0,-87.81376647949219,238,7
00-0026035,Danny Amendola,HOU,2021,WR,,4.2158026695251465,67.45284271240234,20.80504035949707,57.05032253265381,3.565645158290863,49.312992095947266,73.15171813964844,111,False,155.52947998046875,36.0,-88.0766372680664,239,7
00-0035329,Donald Parham,LAC,2021,TE,,3.6179232597351074,57.88677215576172,19.870830535888672,47.95135688781738,2.9969598054885864,48.87794494628906,60.50059509277344,42,False,145.98374938964844,12.0,-88.09697723388672,240,5
00-0030513,Latavius Murray,BAL,2021,RB,,5.040530815193051,80.64849304308882,9.02037142671354,76.13830732973204,4.758644208108253,69.46963704400973,83.72688790072651,65,False,168.86325350010094,24.0,-88.21476045701212,241,5
00-0034349,Kerryon Johnson,PHI,2021,RB,,5.007438097000122,80.11900955200196,16.95734903335571,71.6403350353241,4.477520939707756,60.202424201965336,102.49046936035157,66,False,168.86325350010094,24.0,-88.74424394809898,242,5
00-0035976,Dan Chisena,MIN,2021,WR,,4.1704816818237305,66.72770690917969,20.122098922729492,56.66665744781494,3.541666090488434,14.877946853637695,90.55480194091797,112,False,155.52947998046875,36.0,-88.80177307128906,243,7
00-0034928,Steven Sims,PIT,2021,WR,,4.11944580078125,65.9111328125,20.116743087768555,55.85276126861572,3.4907975792884827,51.86977767944336,82.49266815185547,113,False,155.52947998046875,36.0,-89.61834716796875,244,7
00-0033526,Samaje Perine,CIN,2021,RB,,4.935372787197513,78.9659645951602,24.257444891528184,66.83724214939612,4.177327634337257,68.71699625238502,84.6188899476915,67,False,168.86325350010094,24.0,-89.89728890494074,245,5
00-0031868,Damiere Byrd,CHI,2021,WR,,4.0475754737854,64.7612075805664,25.262481689453125,52.129966735839844,3.2581229209899902,45.56298828125,74.65226745605469,114,False,155.52947998046875,36.0,-90.76827239990234,246,7
00-0035148,Darwin Thompson,KC,2021,RB,,4.874656310081482,77.99450096130371,17.01459264755249,69.48720463752747,4.342950289845467,52.77459671020508,86.76181488037109,68,False,168.86325350010094,24.0,-90.86875253879722,247,5
00-0032977,Rashard Higgins,CLE,2021,WR,,4.007004737854004,64.11207580566406,24.249788284301758,51.987181663513184,3.249198853969574,58.824745178222656,91.04324340820312,115,False,155.52947998046875,36.0,-91.41740417480469,248,7
00-0036277,Quintez Cephus,DET,2021,WR,,3.9845077991485596,63.75212478637695,22.4744815826416,52.51488399505615,3.2821802496910095,53.786643981933594,94.52909088134766,116,False,155.52947998046875,36.0,-91.7773551940918,249,7
00-0031260,Logan Thomas,WAS,2021,TE,,3.363405227661133,53.814483642578125,17.821186065673828,44.90389060974121,2.8064931631088257,53.46044158935547,117.75375366210938,43,False,145.98374938964844,12.0,-92.16926574707031,250,5
00-0033471,Isaiah Ford,MIA,2021,WR,,3.892378568649292,62.27805709838867,19.476076126098633,52.540019035339355,3.2837511897087097,45.164588928222656,93.42169189453125,117,False,155.52947998046875,36.0,-93.25142288208008,251,7
00-0023500,Frank Gore,NYJ,2021,RB,,4.7012200355529785,75.21952056884766,11.958887100219727,69.2400770187378,4.327504813671112,52.24445915222168,88.0122127532959,69,False,168.86325350010094,24.0,-93.64373293125328,252,5
00-0030472,Jordan Reed,SF,2021,TE,,3.228832960128784,51.66132736206055,21.128210067749023,41.097222328186035,2.568576395511627,43.33633804321289,65.7540512084961,44,False,145.98374938964844,12.0,-94.32242202758789,253,5
00-0033757,Robert Tonyan,GB,2021,TE,,3.225372076034546,51.605953216552734,18.722808837890625,42.24454879760742,2.640284299850464,50.82785415649414,133.7826690673828,45,False,145.98374938964844,12.0,-94.3777961730957,254,5
00-0036040,Juwan Johnson,NO,2021,TE,,3.2194788455963135,51.511661529541016,13.028329849243164,44.997496604919434,2.8123435378074646,28.285308837890625,52.55256271362305,46,False,145.98374938964844,12.0,-94.47208786010742,255,5
00-0033466,Isaiah McKenzie,BUF,2021,WR,,3.8066935539245605,60.90709686279297,22.25229835510254,49.7809476852417,3.111309230327606,52.657981872558594,74.82334899902344,118,False,155.52947998046875,36.0,-94.62238311767578,256,7
00-0033572,Jamal Agnew,JAX,2021,WR,,3.7982497215270996,60.771995544433594,19.77315902709961,50.88541603088379,3.180338501930237,12.025595664978027,75.9365005493164,119,False,155.52947998046875,36.0,-94.75748443603516,257,7
00-0034159,Will Dissly,SEA,2021,TE,,3.187967300415039,51.007476806640625,20.780302047729492,40.61732578277588,2.5385828614234924,48.23628234863281,67.6315689086914,47,False,145.98374938964844,12.0,-94.97627258300781,258,5
00-0027696,Jimmy Graham,CHI,2021,TE,,3.1660358905792236,50.65657424926758,14.301461219787598,43.50584363937378,2.719115227460861,47.355533599853516,82.14341735839844,48,False,145.98374938964844,12.0,-95.32717514038086,259,5
00-0031763,DeAndre Carter,WAS,2021,WR,,3.722733497619629,59.56373596191406,18.05402183532715,50.53672504425049,3.1585453152656555,15.30092716217041,78.87183380126953,120,False,155.52947998046875,36.0,-95.96574401855469,260,7
00-0032104,Ameer Abdullah,CAR,2021,RB,,4.492939849203372,71.88703758725396,32.55445381235048,55.60981068107871,3.4756131675674196,23.622705919355827,80.0358907504542,70,False,168.86325350010094,24.0,-96.97621591284698,261,5
00-0030710,Trey Burton,IND,2021,TE,,3.053743600845337,48.85989761352539,16.11567497253418,40.8020601272583,2.550128757953644,41.796077728271484,67.55870056152344,49,False,145.98374938964844,12.0,-97.12385177612305,262,6
00-0034407,Ray-Ray McCloud,PIT,2021,WR,,3.6466879844665527,58.347007751464844,34.84819793701172,40.922908782958984,2.5576817989349365,19.336872100830078,65.7574691772461,121,False,155.52947998046875,36.0,-97.1824722290039,263,7
00-0034449,Buddy Howell,LA,2021,RB,,4.477800654614322,71.64481047382915,13.135297771201893,65.07716158822821,4.067322599264263,49.92061357979902,84.83344137772724,71,False,168.86325350010094,24.0,-97.21844302627179,264,5
00-0022921,Larry Fitzgerald,ARI,2021,WR,,3.639707088470459,58.235313415527344,18.28358268737793,49.09352207183838,3.0683451294898987,40.32462692260742,77.71884155273438,122,False,155.52947998046875,36.0,-97.2941665649414,265,7
00-0031951,James O'Shaughnessy,JAX,2021,TE,,3.0393269062042236,48.62923049926758,23.32691764831543,36.96577167510986,2.3103607296943665,30.972700119018555,50.351539611816406,50,False,145.98374938964844,12.0,-97.35451889038086,266,6
00-0034309,Chad Beebe,MIN,2021,WR,,3.6125009059906006,57.80001449584961,27.846454620361328,43.876787185668945,2.742299199104309,56.5803108215332,84.36337280273438,123,False,155.52947998046875,36.0,-97.72946548461914,267,7
00-0035710,Daniel Jones,NYG,2021,QB,11.04989,15.281502723693848,168.85891723632812,0.9923024773597717,168.36276599764824,10.522672874853015,166.97962951660156,184.89187622070312,24,False,266.9210205078125,12.0,-98.06210327148438,268,3
00-0027029,LeSean McCoy,TB,2021,RB,,4.415106654167175,70.6417064666748,19.267373085021973,61.00801992416382,3.8130012452602386,46.496023178100586,83.45166206359863,72,False,168.86325350010094,24.0,-98.22154703342613,269,5
00-0032187,David Johnson,HOU,2021,RB,,4.393743144638485,70.29989031421576,27.174257862657658,56.71276138288693,3.544547586430433,69.68728417936374,130.25785280252467,73,False,168.86325350010094,24.0,-98.56336318588518,270,5
00-0033555,Mack Hollins,MIA,2021,WR,,3.5302207469940186,56.4835319519043,15.218276023864746,48.874393939971924,3.0546496212482452,46.970882415771484,62.511234283447266,124,False,155.52947998046875,36.0,-99.04594802856445,271,7
00-0036336,Anthony McFarland,PIT,2021,RB,,4.337594690322876,69.40151504516602,13.772331666946412,62.515349211692815,3.907209325730801,51.7023466873169,114.25345252990724,74,False,168.86325350010094,24.0,-99.46173845493492,272,5
00-0034104,Cam Sims,WAS,2021,WR,,3.4894769191741943,55.83163070678711,18.902740478515625,46.3802604675293,2.898766279220581,49.95276641845703,85.42478942871094,125,False,155.52947998046875,36.0,-99.69784927368164,273,7
00-0035287,KeeSean Johnson,SF,2021,WR,,3.461054801940918,55.37687683105469,21.736305236816406,44.508724212646484,2.7817952632904053,41.91535568237305,80.80023956298828,126,False,155.52947998046875,36.0,-100.15260314941406,274,7
00-0031585,MyCole Pruitt,TEN,2021,TE,,2.8565399646759033,45.70463943481445,13.410463333129883,38.99940776824951,2.4374629855155945,20.152423858642578,48.13143539428711,51,False,145.98374938964844,12.0,-100.27910995483398,275,6
00-0030404,Chris Thompson,CHI,2021,RB,,4.2802056674317575,68.48329067890812,22.913116975245128,57.02673219128556,3.5641707619553475,60.249983899262084,101.97997113848614,75,False,168.86325350010094,24.0,-100.37996282119282,276,5
00-0034378,Ito Smith,DAL,2021,RB,,4.218212907812026,67.49140652499241,21.474973943894405,56.753919553045215,3.547119972065326,68.48243017772384,104.05872201244608,76,False,168.86325350010094,24.0,-101.37184697510853,277,5
00-0030443,Levine Toilolo,NYG,2021,TE,,2.766369104385376,44.261905670166016,7.453944683074951,40.53493332862854,2.5334333330392838,18.118200302124023,36.118160247802734,52,False,145.98374938964844,12.0,-101.72184371948242,278,6
00-0035806,JaMycal Hasty,SF,2021,RB,,4.1733449268341065,66.7735188293457,21.431938037872314,56.05754981040955,3.5035968631505967,55.26557209014893,103.00564224243165,77,False,168.86325350010094,24.0,-102.08973467075523,279,5
00-0034319,Deon Yelder,NYG,2021,TE,,2.739701986312866,43.83523178100586,21.2254581451416,33.22250270843506,2.076406419277191,26.41892433166504,67.67224884033203,53,False,145.98374938964844,12.0,-102.14851760864258,280,6
00-0034364,Jordan Akins,HOU,2021,TE,,2.7273600101470947,43.637760162353516,24.308025360107422,31.483747482299805,1.9677342176437378,41.820255279541016,71.72779083251953,54,False,145.98374938964844,12.0,-102.34598922729492,281,6
00-0035291,Trayveon Williams,CIN,2021,RB,,4.0994825315475465,65.59172050476074,12.233547563552857,59.47494672298431,3.7171841701865196,51.76845443725586,84.85656005859376,78,False,168.86325350010094,24.0,-103.2715329953402,282,5
00-0033733,Greg Ward,PHI,2021,WR,,3.245018243789673,51.920291900634766,11.559757232666016,46.14041328430176,2.88377583026886,38.992427825927734,102.65116119384766,127,False,155.52947998046875,36.0,-103.60918807983398,283,7
00-0032791,Jakeem Grant,CHI,2021,WR,,3.2269036769866943,51.63045883178711,15.08183765411377,44.089540004730225,2.755596250295639,46.32393264770508,76.56935119628906,128,False,155.52947998046875,36.0,-103.89902114868164,284,7
00-0036278,Jason Huntley,PHI,2021,RB,,4.039375557899475,64.6300089263916,11.881962385177612,58.689027733802796,3.6680642333626747,42.494619598388674,95.89125389099121,79,False,168.86325350010094,24.0,-104.23324457370934,285,5
00-0034253,Dontrell Hilliard,TEN,2021,RB,,4.039237864433618,64.62780583093789,16.902519670273655,56.176545995801064,3.5110341247375665,24.751785319078305,69.82081922078117,80,False,168.86325350010094,24.0,-104.23544766916305,286,5
00-0024243,Marcedes Lewis,GB,2021,TE,,2.6060004234313965,41.696006774902344,21.867431640625,30.762290954589844,1.9226431846618652,40.39737319946289,62.12709426879883,55,False,145.98374938964844,12.0,-104.2877426147461,287,6
00-0023682,Ryan Fitzpatrick,WAS,2021,QB,11.976966,13.565448760986328,162.47291564941406,0.18314184248447418,162.38134472817183,10.148834045510739,165.161865234375,194.75018310546875,25,False,266.9210205078125,12.0,-104.44810485839844,288,3
00-0031558,Maxx Williams,ARI,2021,TE,,2.5820295810699463,41.31247329711914,16.579267501831055,33.02283954620361,2.063927471637726,41.26744079589844,66.66252136230469,56,False,145.98374938964844,12.0,-104.6712760925293,289,6
00-0032214,Tyler Kroft,NYJ,2021,TE,,2.5484700202941895,40.77552032470703,16.962230682373047,32.29440498352051,2.0184003114700317,39.33787155151367,66.27509307861328,57,False,145.98374938964844,12.0,-105.2082290649414,290,6
00-0036425,DeeJay Dallas,SEA,2021,RB,,3.9763489890098573,63.62158382415772,21.960564289093018,52.64130167961121,3.2900813549757006,61.912660179138186,114.9400065612793,81,False,168.86325350010094,24.0,-105.24166967594323,291,5
00-0033439,Pharaoh Brown,HOU,2021,TE,,2.5460171699523926,40.73627471923828,23.2019100189209,29.135319709777832,1.8209574818611145,38.24675750732422,76.05625915527344,58,False,145.98374938964844,12.0,-105.24747467041016,292,6
00-0033591,Noah Brown,DAL,2021,WR,,3.137734889984131,50.203758239746094,19.467655181884766,40.46993064880371,2.529370665550232,34.42137908935547,73.4819107055664,129,False,155.52947998046875,36.0,-105.32572174072266,293,7
00-0033164,Troymaine Pope,TB,2021,RB,,3.951964825787502,63.231437212600035,10.60853626338037,57.92716908090985,3.6204480675568655,41.32608213822863,74.08013603424553,82,False,168.86325350010094,24.0,-105.6318162875009,294,5
00-0035703,Miles Boykin,BAL,2021,WR,,3.0638813972473145,49.02210235595703,18.843568801879883,39.60031795501709,2.475019872188568,40.080814361572266,69.6610336303711,130,False,155.52947998046875,36.0,-106.50737762451172,295,7
00-0030525,Tavon Austin,JAX,2021,WR,,3.062220573425293,48.99552917480469,23.27109718322754,37.35998058319092,2.3349987864494324,27.930076599121094,53.036048889160156,131,False,155.52947998046875,36.0,-106.53395080566406,296,7
00-0031387,Eric Ebron,PIT,2021,TE,,2.4622533321380615,39.396053314208984,14.12425708770752,32.333924770355225,2.0208702981472015,33.13938903808594,117.76913452148438,59,False,145.98374938964844,12.0,-106.58769607543945,297,6
00-0022127,Jason Witten,LV,2021,TE,,2.4581210613250732,39.32993698120117,14.127883911132812,32.265995025634766,2.016624689102173,34.91584396362305,69.72119140625,60,False,145.98374938964844,12.0,-106.65381240844727,298,6
00-0032780,Jordan Howard,PHI,2021,RB,,3.878194731070031,62.051115697120494,2.243372669831928,60.92942936220453,3.808089335137783,59.09342878901738,76.9711343242794,83,False,168.86325350010094,24.0,-106.81213780298044,299,5
00-0029137,Alshon Jeffery,PHI,2021,WR,,3.0415704250335693,48.66512680053711,10.67092227935791,43.329665660858154,2.7081041038036346,24.64215660095215,74.11204528808594,132,False,155.52947998046875,36.0,-106.86435317993164,300,7
00-0034975,Justice Hill,BAL,2021,RB,,3.871251909732819,61.9400305557251,13.857021293640138,55.01151990890503,3.4382199943065643,38.19007583618164,76.35704048156738,84,False,168.86325350010094,24.0,-106.92322294437584,301,5
00-0032940,DeAndre Washington,MIA,2021,RB,,3.791803450995647,60.66885521593035,12.514137846929092,54.411786292465806,3.400736643279113,47.73610581039648,81.0639387878794,85,False,168.86325350010094,24.0,-108.19439828417059,302,5
00-0034365,Ian Thomas,CAR,2021,TE,,2.3528056144714355,37.64488983154297,17.754322052001953,28.767728805541992,1.7979830503463745,37.00654983520508,59.03513717651367,61,False,145.98374938964844,12.0,-108.33885955810547,303,6
00-0029141,Alfred Morris,NYG,2021,RB,,3.743643372161677,59.89829395458683,8.424557618526952,55.68601514532335,3.4803759465827095,40.0607562303641,80.57105746572756,86,False,168.86325350010094,24.0,-108.9649595455141,304,5
00-0029738,Darren Fells,TB,2021,TE,,2.3045639991760254,36.873023986816406,13.245858192443848,30.250094890594482,1.8906309306621552,26.73823356628418,59.47633743286133,62,False,145.98374938964844,12.0,-109.11072540283203,305,6
00-0034869,Sam Darnold,CAR,2021,QB,12.020142,13.125591278076172,157.77146911621094,0.0,157.77146911621094,9.860716819763184,157.52528381347656,183.4853973388672,26,False,266.9210205078125,12.0,-109.14955139160156,306,3
00-0032098,Daniel Brown,NYJ,2021,TE,,2.2802698612213135,36.484317779541016,15.260663032531738,28.853986263275146,1.8033741414546967,11.04947566986084,42.940425872802734,63,False,145.98374938964844,12.0,-109.49943161010742,307,6
00-0032725,Stephen Anderson,LAC,2021,TE,,2.2627651691436768,36.20424270629883,15.203688621520996,28.60239839553833,1.7876498997211456,24.339618682861328,38.56619644165039,64,False,145.98374938964844,12.0,-109.77950668334961,308,6
00-0031209,Senorise Perry,TEN,2021,RB,,3.690090198409141,59.04144317454626,15.234618854013558,51.424133747539486,3.214008359221218,29.31110395255275,77.18575217793365,87,False,168.86325350010094,24.0,-109.82181032555468,309,5
00-0033246,Johnny Mundt,LA,2021,TE,,2.247455596923828,35.95928955078125,12.584541320800781,29.66701889038086,1.8541886806488037,23.069843292236328,48.50139617919922,65,False,145.98374938964844,12.0,-110.02445983886719,310,6
00-0034613,Tanner Hudson,SF,2021,TE,,2.233064651489258,35.729034423828125,10.1144380569458,30.671815395355225,1.9169884622097015,23.22859001159668,40.73684310913086,66,False,145.98374938964844,12.0,-110.25471496582031,311,6
00-0035660,Kahale Warring,JAX,2021,TE,,2.221344232559204,35.541507720947266,10.358935356140137,30.362040042877197,1.8976275026798248,20.851869583129883,40.671363830566406,67,False,145.98374938964844,12.0,-110.44224166870117,312,6
00-0035848,De'Michael Harris,IND,2021,WR,,2.7949607372283936,44.7193717956543,16.317785263061523,36.560479164123535,2.285029947757721,27.73697280883789,65.28656005859375,133,False,155.52947998046875,36.0,-110.81010818481445,313,7
00-0027891,Golden Tate,TEN,2021,WR,,2.7946648597717285,44.714637756347656,19.53010368347168,34.949585914611816,2.1843491196632385,30.305591583251953,63.7791633605957,134,False,155.52947998046875,36.0,-110.8148422241211,314,7
00-0033879,O.J. Howard,TB,2021,TE,,2.1521708965301514,34.43473434448242,15.07221508026123,26.898626804351807,1.681164175271988,33.953636169433594,84.48371887207031,68,False,145.98374938964844,12.0,-111.54901504516602,315,6
00-0036142,Isaiah Wright,WAS,2021,WR,,2.719891309738159,43.51826095581055,16.661649703979492,35.1874361038208,2.1992147564888,39.97625732421875,64.81278228759766,135,False,155.52947998046875,36.0,-112.0112190246582,316,7
00-0035021,Ashton Dulin,IND,2021,WR,,2.7118022441864014,43.38883590698242,9.465237617492676,38.656217098236084,2.4160135686397552,22.69582176208496,45.65582275390625,136,False,155.52947998046875,36.0,-112.14064407348633,317,7
00-0033857,JuJu Smith-Schuster,PIT,2021,WR,,2.664827346801758,42.637237548828125,17.24850845336914,34.012983322143555,2.125811457633972,36.34180450439453,200.34060668945312,137,False,155.52947998046875,36.0,-112.89224243164062,318,7
00-0034393,Troy Fumagalli,NE,2021,TE,,2.063896417617798,33.022342681884766,12.731877326965332,26.6564040184021,1.6660252511501312,27.88404655456543,48.044517517089844,69,False,145.98374938964844,12.0,-112.96140670776367,319,6
00-0033094,Marvin Hall,ATL,2021,WR,,2.645447254180908,42.32715606689453,10.024090766906738,37.31511068344116,2.3321944177150726,32.05786895751953,63.127159118652344,138,False,155.52947998046875,36.0,-113.20232391357422,320,7
00-0030470,Vance McDonald,PIT,2021,TE,,2.044372320175171,32.709957122802734,9.515931129455566,27.95199155807495,1.7469994723796844,26.61705780029297,50.36933135986328,70,False,145.98374938964844,12.0,-113.2737922668457,321,6
00-0034115,Jeff Wilson,SF,2021,RB,,3.465821283052916,55.45314052884665,7.654637709195936,51.625821674248684,3.2266138546405427,52.31198357996592,98.26134457545767,88,False,168.86325350010094,24.0,-113.41011297125428,322,5
00-0033382,Austin Carr,NO,2021,WR,,2.6278533935546875,42.045654296875,14.147862434387207,34.9717230796814,2.1857326924800873,18.856782913208008,42.1101188659668,139,False,155.52947998046875,36.0,-113.48382568359375,323,7
00-0034631,Vyncint Smith,NYJ,2021,WR,,2.6061055660247803,41.697689056396484,13.808258056640625,34.79356002807617,2.1745975017547607,24.259685516357422,47.08352279663086,140,False,155.52947998046875,36.0,-113.83179092407227,324,7
00-0035624,N'Keal Harry,NE,2021,TE,,1.963560700416565,31.41697120666504,12.133468627929688,25.350236892700195,1.5843898057937622,30.4341983795166,81.6996841430664,71,False,145.98374938964844,12.0,-114.5667781829834,325,6
00-0030456,Giovani Bernard,TB,2021,RB,,3.379755071092353,54.07608113747765,20.525930814645125,43.81311573015509,2.738319733134693,51.092162984656106,74.94567283411045,89,False,168.86325350010094,24.0,-114.7871723626233,326,5
00-0029119,Derek Carrier,LV,2021,TE,,1.9247983694076538,30.79677391052246,11.799638748168945,24.89695453643799,1.5560596585273743,14.433204650878906,38.39072799682617,72,False,145.98374938964844,12.0,-115.18697547912598,327,6
00-0027902,Dez Bryant,BAL,2021,WR,,2.5178327560424805,40.28532409667969,11.130433082580566,34.720107555389404,2.1700067222118378,18.810150146484375,55.16823196411133,141,False,155.52947998046875,36.0,-115.24415588378906,328,7
00-0034081,Steven Mitchell,HOU,2021,WR,,2.4813835620880127,39.7021369934082,16.856679916381836,31.273797035217285,1.9546123147010803,31.199737548828125,54.02002716064453,142,False,155.52947998046875,36.0,-115.82734298706055,329,7
00-0033282,Curtis Samuel,WAS,2021,WR,,2.4692132472991943,39.50741195678711,15.670740127563477,31.67204189300537,1.9795026183128357,15.373190879821777,177.5789794921875,143,False,155.52947998046875,36.0,-116.02206802368164,330,7
00-0034192,Nick Keizer,KC,2021,TE,,1.8368539810180664,29.389663696289062,13.430264472961426,22.67453145980835,1.4171582162380219,12.881877899169922,56.23149108886719,73,False,145.98374938964844,12.0,-116.59408569335938,331,6
00-0028142,Virgil Green,LAC,2021,TE,,1.8109447956085205,28.975116729736328,12.400459289550781,22.774887084960938,1.4234304428100586,17.68018341064453,38.087154388427734,74,False,145.98374938964844,12.0,-117.00863265991211,332,6
00-0032054,Breshad Perriman,TB,2021,WR,,2.402132749557495,38.43412399291992,12.235442161560059,32.31640291213989,2.0197751820087433,34.72096633911133,76.4815444946289,144,False,155.52947998046875,36.0,-117.09535598754883,333,7
00-0033896,Adam Shaheen,MIA,2021,TE,,1.8030656576156616,28.849050521850586,13.343191146850586,22.177454948425293,1.3860909342765808,24.05955696105957,58.01173400878906,75,False,145.98374938964844,12.0,-117.13469886779785,334,6
00-0032394,Nick Vannett,NO,2021,TE,,1.7717270851135254,28.347633361816406,9.5269775390625,23.584144592285156,1.4740090370178223,26.590614318847656,38.75304412841797,76,False,145.98374938964844,12.0,-117.63611602783203,335,6
00-0034279,Equanimeous St. Brown,GB,2021,WR,,2.362593650817871,37.80149841308594,15.233137130737305,30.184929847717285,1.8865581154823303,24.657421112060547,72.32192993164062,145,False,155.52947998046875,36.0,-117.72798156738281,336,7
00-0036340,Antonio Gandy-Golden,WAS,2021,WR,,2.3391659259796143,37.42665481567383,13.504645347595215,30.67433214187622,1.9171457588672638,21.691692352294922,41.35542297363281,146,False,155.52947998046875,36.0,-118.10282516479492,337,7
00-0036194,Devin Asiasi,NE,2021,TE,,1.7392417192459106,27.82786750793457,12.8102388381958,21.42274808883667,1.3389217555522919,25.084026336669922,49.33026123046875,77,False,145.98374938964844,12.0,-118.15588188171387,338,6
00-0032257,Duke Johnson,MIA,2021,RB,,3.13992282446405,50.2387651914248,19.48827908878209,40.49462564703375,2.5309141029396094,41.86730573015781,71.99020353783327,90,False,168.86325350010094,24.0,-118.62448830867615,339,5
00-0035039,Stephen Carlson,CLE,2021,TE,,1.6961101293563843,27.13776206970215,8.67868423461914,22.798419952392578,1.4249012470245361,11.38701057434082,34.554840087890625,78,False,145.98374938964844,12.0,-118.84598731994629,340,6
00-0036133,James Proche,BAL,2021,WR,,2.2882492542266846,36.61198806762695,12.599180221557617,30.312397956848145,1.894524872303009,22.423145294189453,37.16054153442383,147,False,155.52947998046875,36.0,-118.9174919128418,341,7
00-0034860,Dante Pettis,NYG,2021,WR,,2.2831859588623047,36.530975341796875,12.716174125671387,30.17288827896118,1.8858055174350739,20.631410598754883,44.648746490478516,148,False,155.52947998046875,36.0,-118.99850463867188,342,7
00-0034052,Brandon Zylstra,CAR,2021,WR,,2.281162738800049,36.49860382080078,14.389739990234375,29.303733825683594,1.8314833641052246,13.385605812072754,44.18980407714844,149,False,155.52947998046875,36.0,-119.03087615966797,343,7
00-0034426,Javon Wims,LV,2021,WR,,2.2540700435638428,36.065120697021484,12.29450798034668,29.917866706848145,1.869866669178009,15.066543579101562,46.0301513671875,150,False,155.52947998046875,36.0,-119.46435928344727,344,7
00-0032058,Tevin Coleman,NYJ,2021,RB,,3.070575227595453,49.12920364152725,10.597079728418308,43.830663777318094,2.739416486082381,45.998286486344334,73.99568530772665,91,False,168.86325350010094,24.0,-119.73404985857368,345,5
00-0033854,Dare Ogunbowale,JAX,2021,RB,,3.0454494504027787,48.72719120644446,12.63535799146596,42.409512210711476,2.6505945131694673,47.80639817231979,81.47108196433483,92,False,168.86325350010094,24.0,-120.13606229365648,346,5
00-0034109,Phillip Lindsay,MIA,2021,RB,,3.031537415072332,48.504598641157315,4.693776277536239,46.15771050238919,2.8848569063993246,44.28222677386191,106.9893476422236,93,False,168.86325350010094,24.0,-120.35865485894362,347,5
00-0034400,Jordan Wilkins,TEN,2021,RB,,2.9920978579465696,47.87356572714511,10.54360953130598,42.601760961492126,2.662610060093258,39.03084836146507,68.9783924445871,94,False,168.86325350010094,24.0,-120.98968777295582,348,5
00-0034054,River Cracraft,SF,2021,WR,,2.1400437355041504,34.240699768066406,9.397353172302246,29.542023181915283,1.8463764488697052,16.127708435058594,45.678043365478516,151,False,155.52947998046875,36.0,-121.28878021240234,349,7
00-0035298,Scott Miller,TB,2021,WR,,2.1068673133850098,33.709877014160156,10.010821342468262,28.704466342926025,1.7940291464328766,22.971420288085938,86.81682586669922,152,False,155.52947998046875,36.0,-121.8196029663086,350,7
00-0028087,Dion Lewis,NYG,2021,RB,,2.931676911705573,46.90683058728917,14.533240824548615,39.640210175014865,2.477513135938429,36.40695582395706,67.91392470436175,95,False,168.86325350010094,24.0,-121.95642291281177,351,5
00-0032980,Marcus Johnson,TEN,2021,WR,,2.089268684387207,33.42829895019531,10.270025253295898,28.293286323547363,1.7683303952217102,26.363924026489258,76.74869537353516,153,False,155.52947998046875,36.0,-122.10118103027344,352,7
00-0029632,Mohamed Sanu,SF,2021,WR,,2.0758512020111084,33.213619232177734,13.187593460083008,26.61982250213623,1.6637389063835144,31.05413246154785,44.76825714111328,154,False,155.52947998046875,36.0,-122.31586074829102,353,7
00-0036255,Denzel Mims,NYJ,2021,WR,,2.075376033782959,33.206016540527344,11.607841491699219,27.402095794677734,1.7126309871673584,24.508787155151367,81.3326416015625,155,False,155.52947998046875,36.0,-122.3234634399414,354,7
00-0031598,Nick Boyle,BAL,2021,TE,,1.4731214046478271,23.569942474365234,11.77364444732666,17.683120250701904,1.105195015668869,18.60296058654785,42.168975830078125,79,False,145.98374938964844,12.0,-122.4138069152832,355,6
00-0036377,Joe Reed,LAC,2021,WR,,2.05885648727417,32.94170379638672,11.66880989074707,27.107298851013184,1.694206178188324,13.624828338623047,68.37468719482422,156,False,155.52947998046875,36.0,-122.58777618408203,356,7
00-0032741,Peyton Barber,LV,2021,RB,,2.843787424357112,45.50059878971379,8.853494366581192,41.0738516064232,2.56711572540145,46.554484493091124,76.8134607611414,96,False,168.86325350010094,24.0,-123.36265471038715,357,5
00-0036208,Artavis Pierce,CLE,2021,RB,,2.809722364218083,44.95555782748933,9.139500269769073,40.3858076926048,2.5241129807878,33.084014132902446,62.82170805451317,97,False,168.86325350010094,24.0,-123.90769567261161,358,5
00-0032200,Ty Montgomery,NO,2021,WR,,1.9475542306900024,31.16086769104004,15.761772155761719,23.27998161315918,1.4549988508224487,27.819122314453125,37.732582092285156,157,False,155.52947998046875,36.0,-124.36861228942871,359,7
00-0036450,Ke'Shawn Vaughn,TB,2021,RB,,2.7603251695632935,44.1652027130127,5.8122125291824345,41.25909644842148,2.5786935280263426,38.83035247802734,70.77153480529785,98,False,168.86325350010094,24.0,-124.69805078708825,360,5
00-0032062,Blake Bell,KC,2021,TE,,1.3211824893951416,21.138919830322266,9.352200508117676,16.462819576263428,1.0289262235164642,18.772220611572266,35.98710250854492,80,False,145.98374938964844,12.0,-124.84482955932617,361,6
00-0035671,Jace Sternberger,PIT,2021,TE,,1.3085047006607056,20.93607521057129,11.399954795837402,15.236097812652588,0.9522561132907867,14.4627685546875,30.560762405395508,81,False,145.98374938964844,12.0,-125.04767417907715,362,6
00-0033387,Jacob Hollister,JAX,2021,TE,,1.292460560798645,20.67936897277832,8.722367286682129,16.318185329437256,1.0198865830898285,20.412771224975586,59.45426940917969,82,False,145.98374938964844,12.0,-125.30438041687012,363,6
00-0035631,Drew Sample,CIN,2021,TE,,1.2584892511367798,20.135828018188477,11.282795906066895,14.49443006515503,0.9059018790721893,19.16899871826172,59.70009994506836,83,False,145.98374938964844,12.0,-125.84792137145996,364,6
00-0032135,Jesse James,CHI,2021,TE,,1.258240818977356,20.131853103637695,7.3689727783203125,16.44736671447754,1.0279604196548462,18.91529655456543,33.46554183959961,84,False,145.98374938964844,12.0,-125.85189628601074,365,6
00-0030216,Josh Hill,DET,2021,TE,,1.2548643350601196,20.077829360961914,8.593998908996582,15.780829906463623,0.9863018691539764,19.138381958007812,36.73604965209961,85,False,145.98374938964844,12.0,-125.90592002868652,366,6
00-0034073,Ross Dwelley,SF,2021,TE,,1.2446790933609009,19.914865493774414,6.178286075592041,16.825722455978394,1.0516076534986496,15.937555313110352,55.82405090332031,86,False,145.98374938964844,12.0,-126.06888389587402,367,6
00-0033537,Deshaun Watson,HOU,2021,QB,9.268889,15.191383361816406,140.8072509765625,0.7736547589302063,140.4204235970974,8.776276474818587,100.83167266845703,136.84580993652344,27,False,266.9210205078125,12.0,-126.11376953125,368,3
00-0028097,Lee Smith,ATL,2021,TE,,1.2366762161254883,19.786819458007812,7.475700378417969,16.048969268798828,1.0030605792999268,17.422595977783203,29.93105125427246,87,False,145.98374938964844,12.0,-126.19692993164062,369,6
00-0033308,Matt Breida,BUF,2021,RB,,2.6419332377507536,42.27093180401206,7.592753179012954,38.474555214505585,2.404659700906599,40.98849773884798,63.3373229755399,99,False,168.86325350010094,24.0,-126.59232169608887,370,5
00-0034854,KhaDarel Hodge,DET,2021,WR,,1.7930957078933716,28.689531326293945,12.359152793884277,22.509954929351807,1.406872183084488,25.471195220947266,55.64813995361328,158,False,155.52947998046875,36.0,-126.8399486541748,371,7
00-0031045,Carlos Hyde,JAX,2021,RB,,2.621259220375907,41.94014752601451,10.117850597278457,36.88122222737528,2.305076389210955,38.34572556868389,66.76377640036831,100,False,168.86325350010094,24.0,-126.92310597408643,372,5
00-0036020,Salvon Ahmed,MIA,2021,RB,,2.5790219640731813,41.2643514251709,13.350263643264771,34.58921960353852,2.1618262252211573,40.181253051757814,110.0616121673584,101,False,168.86325350010094,24.0,-127.59890207493004,373,5
00-0035350,Preston Williams,MIA,2021,WR,,1.7208420038223267,27.533472061157227,8.520598411560059,23.273172855377197,1.4545733034610748,17.414703369140625,78.20470428466797,159,False,155.52947998046875,36.0,-127.99600791931152,374,7
00-0034838,Royce Freeman,HOU,2021,RB,,2.535792368429316,40.57267789486906,11.92919822953973,34.60807878009919,2.1630049237561995,35.928600564574154,86.69623911774707,102,False,168.86325350010094,24.0,-128.29057560523188,375,5
00-0033576,Eric Saubert,DEN,2021,TE,,1.1021054983139038,17.63368797302246,7.557225227355957,13.855075359344482,0.8659422099590302,7.015048980712891,18.76009750366211,88,False,145.98374938964844,12.0,-128.35006141662598,376,6
00-0034686,Auden Tate,CIN,2021,WR,,1.6949574947357178,27.119319915771484,8.649995803833008,22.79432201385498,1.4246451258659363,17.290021896362305,75.29747009277344,160,False,155.52947998046875,36.0,-128.41016006469727,377,7
00-0034132,Christian Blake,ATL,2021,WR,,1.6362249851226807,26.17959976196289,10.49245834350586,20.93337059020996,1.3083356618881226,13.158465385437012,54.59756851196289,161,False,155.52947998046875,36.0,-129.34988021850586,378,7
00-0034386,Justin Watson,TB,2021,WR,,1.6232163906097412,25.97146224975586,12.179553985595703,19.881685256958008,1.2426053285598755,17.21778678894043,45.804840087890625,162,False,155.52947998046875,36.0,-129.5580177307129,379,7
00-0031484,Chris Manhertz,JAX,2021,TE,,0.9779300689697266,15.646881103515625,5.732037544250488,12.78086233139038,0.7988038957118988,14.212406158447266,22.354705810546875,89,False,145.98374938964844,12.0,-130.3368682861328,380,6
00-0032393,C.J. Prosise,TB,2021,RB,,2.38153954993528,38.10463279896448,13.654112613072222,31.27757649242837,1.9548485307767731,22.631498470045294,64.20789701786863,103,False,168.86325350010094,24.0,-130.75862070113646,381,5
00-0034766,Chris Herndon,MIN,2021,TE,,0.9457863569259644,15.13258171081543,4.142509937286377,13.061326742172241,0.8163329213857651,14.085119247436523,43.6438102722168,90,False,145.98374938964844,12.0,-130.851167678833,382,6
00-0034273,Damion Ratley,MIN,2021,WR,,1.5251710414886475,24.40273666381836,8.196084976196289,20.304694175720215,1.2690433859825134,17.59813690185547,35.37007522583008,163,False,155.52947998046875,36.0,-131.1267433166504,383,7
00-0034487,Trent Sherfield,SF,2021,WR,,1.522007942199707,24.352127075195312,8.251712799072266,20.22627067565918,1.2641419172286987,17.568880081176758,25.364864349365234,164,False,155.52947998046875,36.0,-131.17735290527344,384,7
00-0025396,Ted Ginn,CHI,2021,WR,,1.5056198835372925,24.08991813659668,7.21338415145874,20.48322606086731,1.2802016288042068,7.318483352661133,31.52825927734375,165,False,155.52947998046875,36.0,-131.43956184387207,385,7
00-0036254,Collin Johnson,NYG,2021,WR,,1.4966371059417725,23.94619369506836,12.360555648803711,17.765915870666504,1.1103697419166565,22.69563102722168,60.34895324707031,166,False,155.52947998046875,36.0,-131.5832862854004,386,7
00-0033114,Mike Thomas,CIN,2021,WR,,1.4948605298995972,23.917768478393555,8.201022148132324,19.817257404327393,1.238578587770462,12.228050231933594,44.09250259399414,167,False,155.52947998046875,36.0,-131.6117115020752,387,7
00-0033564,Jake Butt,CHI,2021,TE,,0.8915984630584717,14.265575408935547,7.775457859039307,10.377846479415894,0.6486154049634933,12.304010391235352,23.513484954833984,91,False,145.98374938964844,12.0,-131.7181739807129,388,6
00-0033006,Jaydon Mickens,JAX,2021,WR,,1.4807484149932861,23.691974639892578,5.199635982513428,21.092156648635864,1.3182597905397415,6.5668158531188965,46.47138977050781,168,False,155.52947998046875,36.0,-131.83750534057617,389,7
00-0035510,Jeff Smith,NYJ,2021,WR,,1.4357632398605347,22.972211837768555,7.735645294189453,19.104389190673828,1.1940243244171143,19.267972946166992,63.49332046508789,169,False,155.52947998046875,36.0,-132.5572681427002,390,7
00-0028411,Dontrelle Inman,WAS,2021,WR,,1.4353883266448975,22.96621322631836,9.424257278442383,18.254084587097168,1.140880286693573,20.213226318359375,45.39417266845703,170,False,155.52947998046875,36.0,-132.5632667541504,391,7
00-0033567,Brian Hill,SF,2021,RB,,2.2536422714315645,36.05827634290503,8.968047890085458,31.5742523978623,1.9733907748663937,33.08278426105726,75.19717162835279,104,False,168.86325350010094,24.0,-132.8049771571959,392,5
00-0033292,Trent Taylor,CIN,2021,WR,,1.405106782913208,22.481708526611328,7.586751937866211,18.688332557678223,1.168020784854889,10.049569129943848,57.562625885009766,171,False,155.52947998046875,36.0,-133.04777145385742,393,7
00-0034788,Jaeden Graham,ATL,2021,TE,,0.792065441608429,12.673047065734863,5.494300365447998,9.925896883010864,0.620368555188179,7.012448787689209,23.55191421508789,92,False,145.98374938964844,12.0,-133.31070232391357,394,6
00-0035342,Patrick Laird,MIA,2021,RB,,2.164060662336173,34.62497059737877,13.760920881255696,27.744510156750923,1.7340318847969327,28.89078512023362,56.457830515240744,105,False,168.86325350010094,24.0,-134.23828290272218,395,5
00-0035181,Darrius Shepherd,PIT,2021,WR,,1.3221778869628906,21.15484619140625,8.373377799987793,16.968157291412354,1.060509830713272,18.56068229675293,38.60246658325195,172,False,155.52947998046875,36.0,-134.3746337890625,396,7
00-0031376,Jerick McKinnon,KC,2021,RB,,2.130987458348193,34.09579933357109,11.582550353044358,28.304524157048906,1.7690327598155566,32.40822754167352,60.14708592743192,106,False,168.86325350010094,24.0,-134.76745416652986,397,5
00-0032404,Tyler Ervin,GB,2021,RB,,2.1244586511999675,33.99133841919948,16.626294996612778,25.67819092089309,1.6048869325558182,27.343139147396204,53.81687083315474,107,False,168.86325350010094,24.0,-134.87191508090146,398,5
00-0030496,Le'Veon Bell,TB,2021,RB,,2.1112926052825896,33.78068168452143,5.919059633180591,30.82115186793114,1.9263219917456962,33.36680777260574,91.7005895247776,108,False,168.86325350010094,24.0,-135.0825718155795,399,5
00-0030085,Kenny Stills,NO,2021,WR,,1.2737829685211182,20.38052749633789,7.191376209259033,16.784839391708374,1.0490524619817734,19.492767333984375,54.40715408325195,173,False,155.52947998046875,36.0,-135.14895248413086,400,7
00-0035022,Penny Hart,SEA,2021,WR,,1.268467664718628,20.295482635498047,8.880099296569824,15.855432987213135,0.9909645617008209,14.329729080200195,33.6473274230957,174,False,155.52947998046875,36.0,-135.2339973449707,401,7
00-0030107,Theo Riddick,LV,2021,RB,,2.0983290101958008,33.57326416313281,9.930527005597062,28.608000660334284,1.7880000412708927,22.415641102213147,43.71782405861105,109,False,168.86325350010094,24.0,-135.28998933696812,402,5
00-0034988,Kaden Smith,NYG,2021,TE,,0.6381894946098328,10.211031913757324,4.509963512420654,7.956050157546997,0.4972531348466873,7.05305290222168,83.04902648925781,93,False,145.98374938964844,12.0,-135.7727174758911,403,6
00-0033725,Corey Clement,DAL,2021,RB,,2.0560375088441054,32.89660014150569,6.54927993253516,29.621960175238108,1.8513725109523818,28.05415505328952,55.28483734929831,110,False,168.86325350010094,24.0,-135.96665335859524,404,5
00-0034439,Ryan Izzo,TEN,2021,TE,,0.5990689992904663,9.585103988647461,3.8979108333587646,7.636148571968079,0.4772592857480049,11.627654075622559,34.14753341674805,94,False,145.98374938964844,12.0,-136.39864540100098,405,6
00-0035869,Austin Mack,SF,2021,WR,,1.1890497207641602,19.024795532226562,11.253196716308594,13.398197174072266,0.8373873233795166,15.054040908813477,37.67194747924805,175,False,155.52947998046875,36.0,-136.5046844482422,406,7
00-0036429,Charlie Woerner,SF,2021,TE,,0.5816311240196228,9.306097984313965,4.65603494644165,6.97808051109314,0.43613003194332123,9.861474990844727,22.95252227783203,95,False,145.98374938964844,12.0,-136.67765140533447,407,6
00-0034208,Mike Boone,DEN,2021,RB,,1.9856159455869231,31.76985512939077,6.57263213508183,28.483539061849857,1.780221191365616,19.213900189996988,40.45666354898065,111,False,168.86325350010094,24.0,-137.09339837071016,408,5
00-0034772,Antonio Callaway,MIA,2021,WR,,1.1221444606781006,17.95431137084961,6.593020915985107,14.657800912857056,0.916112557053566,12.8257474899292,30.197866439819336,176,False,155.52947998046875,36.0,-137.57516860961914,409,7
00-0035835,Nathan Cottrell,JAX,2021,RB,,1.94195142096073,31.07122273537168,6.93760187001199,27.602421800365686,1.7251513625228554,22.29397303536198,47.39078291797051,112,False,168.86325350010094,24.0,-137.79203076472925,410,5
00-0033367,C.J. Board,NYG,2021,WR,,1.0773488283157349,17.237581253051758,8.186551094055176,13.14430570602417,0.8215191066265106,11.199487686157227,35.11201477050781,177,False,155.52947998046875,36.0,-138.291898727417,411,7
00-0034597,Ryan Nall,CHI,2021,RB,,1.8853161132531489,30.16505781205038,7.707392117423933,26.311361753338417,1.644460109583651,21.53976823740182,40.914695857790214,113,False,168.86325350010094,24.0,-138.69819568805056,412,5
00-0032881,Tommylee Lewis,MIA,2021,WR,,1.0164862871170044,16.26378059387207,7.291199684143066,12.618180751800537,0.7886362969875336,8.229493141174316,26.56178092956543,178,False,155.52947998046875,36.0,-139.26569938659668,413,7
00-0031806,Malcolm Brown,MIA,2021,RB,,1.8460027803157306,29.53604448505169,5.0837574072687035,26.994165781417337,1.6871353613385836,22.764715225185782,84.2053126592721,114,False,168.86325350010094,24.0,-139.32720901504925,414,5
00-0033528,Jeremy Sprinkle,DAL,2021,TE,,0.3971019685268402,6.353631496429443,3.288649082183838,4.709306955337524,0.2943316847085953,5.973640441894531,25.500980377197266,96,False,145.98374938964844,12.0,-139.630117893219,415,6
00-0034652,Cameron Batson,TEN,2021,WR,,0.973877489566803,15.582039833068848,4.067543983459473,13.548267841339111,0.8467667400836945,11.899103164672852,54.31253433227539,179,False,155.52947998046875,36.0,-139.9474401473999,416,7
00-0035184,Devine Ozigbo,NE,2021,RB,,1.7933922576904298,28.694276123046876,9.564514446258546,23.9120188999176,1.49450118124485,26.247837524414063,46.54498348236084,115,False,168.86325350010094,24.0,-140.16897737705406,417,5
00-0036382,K.J. Hill,LAC,2021,WR,,0.9351918697357178,14.963069915771484,7.902494430541992,11.011822700500488,0.6882389187812805,9.534714698791504,39.39170455932617,180,False,155.52947998046875,36.0,-140.56641006469727,418,7
00-0027691,Andre Roberts,LAC,2021,WR,,0.9196059107780457,14.71369457244873,1.9118415117263794,13.75777381658554,0.8598608635365963,10.433369636535645,27.69668197631836,181,False,155.52947998046875,36.0,-140.81578540802002,419,7
00-0030155,Demetrius Harris,ARI,2021,TE,,0.30045026540756226,4.807204246520996,3.756598711013794,2.928904891014099,0.1830565556883812,4.104724884033203,27.22588348388672,97,False,145.98374938964844,12.0,-141.17654514312744,420,6
00-0033258,Darrell Daniels,ARI,2021,TE,,0.29853665828704834,4.776586532592773,2.7397632598876953,3.406704902648926,0.21291905641555786,1.3920087814331055,27.627676010131836,98,False,145.98374938964844,12.0,-141.20716285705566,421,6
00-0032986,J.P. Holtz,CHI,2021,TE,,0.29451364278793335,4.712218284606934,1.3823696374893188,4.021033465862274,0.25131459161639214,0.42055362462997437,19.016319274902344,99,False,145.98374938964844,12.0,-141.2715311050415,422,6
00-0035457,Tyron Johnson,LV,2021,WR,,0.8801243901252747,14.081990242004395,3.364638328552246,12.399671077728271,0.774979442358017,5.731466293334961,85.59410095214844,182,False,155.52947998046875,36.0,-141.44748973846436,423,7
00-0030465,Kenjon Barner,TB,2021,RB,,1.7101551086098097,27.362481737756955,5.617544487353304,24.5537094940803,1.5346068433800188,20.44387497681938,45.535125286381664,116,False,168.86325350010094,24.0,-141.500771762344,424,5
00-0031339,Donte Moncrief,NE,2021,WR,,0.8696514368057251,13.914422988891602,13.52834701538086,7.150249481201172,0.44689059257507324,16.365549087524414,39.352935791015625,183,False,155.52947998046875,36.0,-141.61505699157715,425,7
00-0033338,Cethan Carter,MIA,2021,TE,,0.27124959230422974,4.339993476867676,2.942429542541504,2.868778705596924,0.17929866909980774,3.9310672283172607,23.580562591552734,100,False,145.98374938964844,12.0,-141.64375591278076,426,6
00-0030663,Willie Snead,CAR,2021,WR,,0.8658788800239563,13.8540620803833,5.98291015625,10.8626070022583,0.6789129376411438,8.980072021484375,58.39997482299805,184,False,155.52947998046875,36.0,-141.67541790008545,427,7
00-0035246,J.J. Arcega-Whiteside,PHI,2021,WR,,0.8606663942337036,13.770662307739258,2.8630151748657227,12.339154720306396,0.7711971700191498,6.817903518676758,29.64101219177246,185,False,155.52947998046875,36.0,-141.7588176727295,428,7
00-0028042,Luke Stocker,MIN,2021,TE,,0.2548339068889618,4.077342510223389,1.8105374574661255,3.172073781490326,0.19825461134314537,2.9631032943725586,22.17177391052246,101,False,145.98374938964844,12.0,-141.90640687942505,429,6
00-0036245,Malcolm Perry,NE,2021,RB,,1.654590539932251,26.473448638916015,13.499241828918457,19.723827724456786,1.2327392327785491,16.01986943244934,49.03401393890381,117,False,168.86325350010094,24.0,-142.38980486118493,430,5
00-0033025,Jalen Richard,LV,2021,RB,,1.6196170478141283,25.913872765026053,10.88608914237574,20.470828193838184,1.2794267621148865,21.6332534963019,63.81073384503646,118,False,168.86325350010094,24.0,-142.9493807350749,431,5
00-0034646,Brandon Powell,LA,2021,WR,,0.7626698613166809,12.202717781066895,3.1413347721099854,10.632050395011902,0.6645031496882439,7.017480850219727,23.575897216796875,186,False,155.52947998046875,36.0,-143.32676219940186,432,7
00-0033111,Pharoh Cooper,NYG,2021,WR,,0.7346192598342896,11.753908157348633,5.226900100708008,9.140458106994629,0.5712786316871643,7.609492778778076,24.747072219848633,187,False,155.52947998046875,36.0,-143.77557182312012,433,7
00-0036439,Tyrie Cleveland,DEN,2021,WR,,0.7205182313919067,11.528291702270508,4.935375213623047,9.060604095458984,0.5662877559661865,2.758923053741455,26.42636489868164,188,False,155.52947998046875,36.0,-144.00118827819824,434,7
00-0028237,Chris Hogan,NO,2021,WR,,0.6770094037055969,10.83215045928955,3.4202005863189697,9.122050166130066,0.5701281353831291,11.620186805725098,37.52245330810547,189,False,155.52947998046875,36.0,-144.6973295211792,435,7
00-0035480,Malik Taylor,GB,2021,WR,,0.6686598658561707,10.69855785369873,5.497747421264648,7.949684143066406,0.4968552589416504,6.500195026397705,34.048004150390625,190,False,155.52947998046875,36.0,-144.83092212677002,436,7
00-0033481,Marcus Kemp,KC,2021,WR,,0.6162216663360596,9.859546661376953,4.295485973358154,7.711803674697876,0.48198772966861725,6.5317206382751465,29.40931510925293,191,False,155.52947998046875,36.0,-145.6699333190918,437,7
00-0035304,Cullen Gillaspia,NYG,2021,RB,,1.410028083458247,22.560449335331953,5.305697281303511,19.907600694680198,1.2442250434175124,13.404561183963388,40.82122199369897,119,False,168.86325350010094,24.0,-146.302804164769,438,5
00-0035621,Nsimba Webster,CHI,2021,WR,,0.541934072971344,8.670945167541504,4.1084184646606445,6.616735935211182,0.41354599595069885,2.2508184909820557,16.47307586669922,192,False,155.52947998046875,36.0,-146.85853481292725,439,7
00-0035645,Gunner Olszewski,NE,2021,WR,,0.5124539732933044,8.199263572692871,3.28900146484375,6.554762840270996,0.40967267751693726,5.069358825683594,33.064449310302734,193,False,155.52947998046875,36.0,-147.33021640777588,440,7
00-0032543,Alex Erickson,CAR,2021,WR,,0.48939773440361023,7.830363750457764,2.9853756427764893,6.337675929069519,0.39610474556684494,8.263526916503906,26.97880744934082,194,False,155.52947998046875,36.0,-147.699116230011,441,7
00-0033376,Patrick Ricard,BAL,2021,RB,,1.2650761378252042,20.241218205203268,7.477408682795765,16.502513863805383,1.0314071164878365,18.30607633418371,26.827422589570347,120,False,168.86325350010094,24.0,-148.62203529489767,442,5
00-0031319,Diontae Spencer,DEN,2021,WR,,0.4262206256389618,6.819530010223389,2.364417314529419,5.637321352958679,0.35233258455991745,2.9393229484558105,22.810190200805664,195,False,155.52947998046875,36.0,-148.70994997024536,443,7
00-0036100,Isaiah Zuber,NYJ,2021,WR,,0.4137285351753235,6.619656562805176,4.68414306640625,4.277585029602051,0.2673490643501282,4.297608375549316,34.46064376831055,196,False,155.52947998046875,36.0,-148.90982341766357,444,7
00-0035217,Benny Snell,PIT,2021,RB,,1.1553183889389038,18.48509422302246,2.3024496817588807,17.33386938214302,1.0833668363839388,14.713412322998048,135.95641662597657,121,False,168.86325350010094,24.0,-150.37815927707848,445,5
00-0035912,Levante Bellamy,DEN,2021,RB,,1.0588931632041931,16.94229061126709,4.012905199527741,14.93583801150322,0.9334898757189513,11.942144994735719,36.560249671936035,122,False,168.86325350010094,24.0,-151.92096288883386,446,5
00-0036370,Joshua Kelley,LAC,2021,RB,,1.0357073187828065,16.571317100524904,4.519250044822693,14.311692078113555,0.8944807548820972,17.37706153869629,72.18594596862793,123,False,168.86325350010094,24.0,-152.29193639957603,447,5
00-0035726,Jakob Johnson,NE,2021,RB,,0.9169543865239433,14.671270184383093,4.445071523654632,12.448734422555777,0.7780459014097361,9.33271567835537,47.604754651283095,124,False,168.86325350010094,24.0,-154.19198331571783,448,5
00-0026293,Matthew Slater,NE,2021,WR,,0.05482955276966095,0.8772728443145752,0.1477658897638321,0.8033898994326591,0.0502118687145412,0.0,18.37458038330078,197,False,155.52947998046875,36.0,-154.65220713615417,449,7
00-0033950,Wayne Gallman,MIN,2021,RB,,0.8741242297347648,13.985987675756236,2.0153911580360564,12.978292096738208,0.811143256046138,12.238405961122194,59.515464393020416,125,False,168.86325350010094,24.0,-154.8772658243447,450,5
00-0022942,Philip Rivers,IND,2021,QB,9.774115,11.384944915771484,111.27775573730469,0.0,111.27775573730469,6.954859733581543,99.86752319335938,132.7261962890625,28,False,266.9210205078125,12.0,-155.6432647705078,451,4
00-0036435,Raymond Calais,LA,2021,RB,,0.8113713324069977,12.981941318511963,6.7418672513961795,9.611007692813873,0.600687980800867,7.950673489570618,69.28482749938965,126,False,168.86325350010094,24.0,-155.88131218158898,452,5
00-0036187,Reggie Gilliam,BUF,2021,RB,,0.7322649496793747,11.716239194869996,3.4242662739753724,10.004106057882309,0.6252566286176443,6.673671164512634,31.307298393249514,127,False,168.86325350010094,24.0,-157.14701430523095,453,5
00-0035924,Jonathan Ward,ARI,2021,RB,,0.6992778086662292,11.188444938659668,2.8059319043159485,9.785478986501694,0.6115924366563559,9.273187513351441,28.80556896209717,128,False,168.86325350010094,24.0,-157.67480856144127,454,5
00-0034799,Kalen Ballage,PIT,2021,RB,,0.6484442074840645,10.375107319745032,2.4954985031030668,9.127358068193498,0.5704598792620936,6.904489737193442,64.86052981126643,129,False,168.86325350010094,24.0,-158.4881461803559,455,5
00-0032450,Dwayne Washington,NO,2021,RB,,0.49586539592463874,7.93384633479422,2.9375077871424464,6.465092441222996,0.40406827757643726,5.269761138530238,28.478098847822,130,False,168.86325350010094,24.0,-160.9294071653067,456,5
00-0032577,D.J. Foster,ARI,2021,RB,,0.45966384722466835,7.354621555594694,2.0401210713680276,6.334561019910679,0.39591006374441745,4.637083466792253,17.733659455967146,131,False,168.86325350010094,24.0,-161.50863194450625,457,5
00-0036078,Xavier Jones,LA,2021,RB,,0.4060889860987663,6.497423777580261,3.3318716073036194,4.831487973928452,0.30196799837052823,4.878626213073731,44.28138732910156,132,False,168.86325350010094,24.0,-162.3658297225207,458,5
00-0033296,Alex Armah,WAS,2021,RB,,0.2719248191886859,4.350797107018974,0.57745938542524,4.062067414306354,0.25387921339414715,4.930973036545422,12.841257369918093,133,False,168.86325350010094,24.0,-164.51245639308198,459,5
00-0028063,Taiwan Jones,BUF,2021,RB,,0.1602756790816784,2.5644108653068542,0.5687773525714874,2.2800221890211105,0.1425013868138194,0.4366212487220764,22.325254440307617,134,False,168.86325350010094,24.0,-166.29884263479408,460,5
00-0034164,Trenton Cannon,SF,2021,RB,,0.11006059547086884,1.7609695275339015,0.17662206492843815,1.6726584950696823,0.10454115594185515,1.178048481598527,15.10706578605229,135,False,168.86325350010094,24.0,-167.10228397256705,461,5
00-0020531,Drew Brees,NO,2021,QB,8.545889,11.64476490020752,99.5148696899414,0.31476420164108276,99.35748758912086,6.209842974320054,94.76531982421875,122.90605926513672,29,False,266.9210205078125,12.0,-167.4061508178711,462,4
00-0027973,Andy Dalton,CHI,2021,QB,8.21367,10.587211608886719,86.9598617553711,0.0,86.9598617553711,5.434991359710693,86.28642272949219,114.20975494384766,30,False,266.9210205078125,12.0,-179.9611587524414,463,4
00-0026158,Joe Flacco,NYJ,2021,QB,8.122588,10.684115409851074,86.78266906738281,0.0,86.78266906738281,5.423916816711426,53.821414947509766,91.99029541015625,31,False,266.9210205078125,12.0,-180.1383514404297,464,4
00-0027939,Cam Newton,CAR,2021,QB,6.9839687,12.3626708984375,86.34050750732422,0.0,86.34050750732422,5.396281719207764,68.89019012451172,86.29710388183594,32,False,266.9210205078125,12.0,-180.58051300048828,465,4
00-0035289,Gardner Minshew,PHI,2021,QB,7.3061886,10.829093933105469,79.11940002441406,0.100164994597435,79.06931752711535,4.941832345444709,61.097835540771484,91.9759292602539,33,False,266.9210205078125,12.0,-187.80162048339844,466,4
00-0033319,Nick Mullens,CLE,2021,QB,6.3952127,12.172839164733887,77.84789276123047,0.06929242610931396,77.81324654817581,4.863327909260988,46.49753952026367,75.82366943359375,34,False,266.9210205078125,12.0,-189.07312774658203,467,4
00-0033119,Jacoby Brissett,MIA,2021,QB,9.962953,7.179806709289551,71.53207397460938,0.01082401629537344,71.52666196646169,4.4704163729038555,39.227752685546875,72.08275604248047,35,False,266.9210205078125,12.0,-195.38894653320312,468,4
00-0033936,C.J. Beathard,JAX,2021,QB,6.1804733,10.039173126220703,62.04684066772461,0.0,62.04684066772461,3.877927541732788,37.10880661010742,69.564453125,36,False,266.9210205078125,12.0,-204.8741798400879,469,4
00-0034771,Mason Rudolph,PIT,2021,QB,6.6107745,9.24825382232666,61.13812255859375,0.16451962292194366,61.05586274713278,3.8159914216957986,47.15176773071289,71.97576904296875,37,False,266.9210205078125,12.0,-205.78289794921875,470,4
00-0034577,Kyle Allen,WAS,2021,QB,6.9488206,8.526069641113281,59.24612808227539,0.0665198341012001,59.21286816522479,3.7008042603265494,52.55467987060547,78.98493194580078,38,False,266.9210205078125,12.0,-207.6748924255371,471,4
00-0035704,Drew Lock,DEN,2021,QB,5.9023337,8.638680458068848,50.98837661743164,0.9710360765457153,50.50285857915878,3.156428661197424,50.81041717529297,69.51343536376953,39,False,266.9210205078125,12.0,-215.93264389038086,472,4
00-0029567,Nick Foles,CHI,2021,QB,6.9912467,7.157895565032959,50.0426139831543,0.09398698061704636,49.995620492845774,3.124726280802861,31.975574493408203,61.54677963256836,40,False,266.9210205078125,12.0,-216.8784065246582,473,4
00-0023436,Alex Smith,WAS,2021,QB,6.092835,8.11616039276123,49.45042419433594,0.0,49.45042419433594,3.090651512145996,30.223621368408203,65.86080169677734,41,False,266.9210205078125,12.0,-217.47059631347656,474,4
00-0030533,Matt Barkley,ATL,2021,QB,6.6820455,6.559453964233398,43.830570220947266,0.020367881283164024,43.820386280305684,2.7387741425191052,19.327354431152344,59.73793029785156,42,False,266.9210205078125,12.0,-223.09045028686523,475,4
00-0026544,Chase Daniel,LAC,2021,QB,5.0702143,8.594532012939453,43.57611846923828,0.0,43.57611846923828,2.7235074043273926,25.404123306274414,47.417076110839844,43,False,266.9210205078125,12.0,-223.34490203857422,476,4
00-0035652,Ryan Finley,CIN,2021,QB,6.1709805,6.894271373748779,42.54441452026367,0.0,42.54441452026367,2.6590259075164795,32.22647476196289,53.04694747924805,44,False,266.9210205078125,12.0,-224.37660598754883,477,4
00-0027688,Colt McCoy,ARI,2021,QB,6.8861356,5.9002485275268555,40.62990951538086,0.0,40.62990951538086,2.5393693447113037,40.48296356201172,47.621055603027344,45,False,266.9210205078125,12.0,-226.29111099243164,478,4
00-0035232,Dwayne Haskins,PIT,2021,QB,6.497673,5.931033134460449,38.53791427612305,0.06922202557325363,38.50330326333642,2.4064564539585263,30.587486267089844,54.84870529174805,46,False,266.9210205078125,12.0,-228.38310623168945,479,4
00-0035264,Jarrett Stidham,NE,2021,QB,6.080964,5.169898986816406,31.437969207763672,0.06882294267416,31.403557736426592,1.962722358526662,13.993230819702148,41.47213363647461,47,False,266.9210205078125,12.0,-235.48305130004883,480,4
00-0030520,Mike Glennon,NYG,2021,QB,5.96587,5.19951868057251,31.019651412963867,0.0,31.019651412963867,1.9387282133102417,30.591379165649414,35.60609817504883,48,False,266.9210205078125,12.0,-235.90136909484863,481,4
00-0034177,Tim Boyle,DET,2021,QB,4.1803417,6.063531398773193,25.347633361816406,0.004926500376313925,25.34517011162825,1.5840731319767656,16.976829528808594,25.595767974853516,49,False,266.9210205078125,12.0,-241.5733871459961,482,5
00-0032434,Brandon Allen,CIN,2021,QB,5.034245,2.8670639991760254,14.433502197265625,0.0,14.433502197265625,0.9020938873291016,13.919480323791504,31.137170791625977,50,False,266.9210205078125,12.0,-252.48751831054688,483,5
00-0033275,PJ Walker,CAR,2021,QB,5.069911,2.78256893157959,14.107377052307129,0.0,14.107377052307129,0.8817110657691956,13.90247631072998,31.6215763092041,51,False,266.9210205078125,12.0,-252.81364345550537,484,5
00-0029665,Robert Griffin III,BAL,2021,QB,6.538976,1.8493666648864746,12.092964172363281,0.4469478130340576,11.869490265846252,0.7418431416153908,10.586421012878418,35.512001037597656,52,False,266.9210205078125,12.0,-254.82805633544922,485,5
00-0033869,Mitchell Trubisky,BUF,2021,QB,5.040277,1.798481822013855,9.064846992492676,0.013772901147603989,9.057960541918874,0.5661225338699296,8.30242919921875,70.94917297363281,53,False,266.9210205078125,12.0,-257.8561735153198,486,5
00-0027948,Blaine Gabbert,TB,2021,QB,5.9980106,0.5009616613388062,3.0047733783721924,0.0009493264369666576,3.004298715153709,0.18776866969710682,2.1299757957458496,70.65191650390625,54,False,266.9210205078125,12.0,-263.9162471294403,487,5
00-0034438,Logan Woodside,TEN,2021,QB,4.0384727,0.0,0.0,0.0025398433208465576,-0.0012699216604232788,-7.937010377645493e-05,0.0,27.330778121948242,55,False,266.9210205078125,12.0,-266.9210205078125,488,5
