player_id,player_display_name,team,season,position,projected_games_played,projected_ppr_per_game,projected_ppr,projected_receptions,projected_half_ppr,projected_half_ppr_per_game,ci_low,ci_high,position_rank,is_rookie,baseline_pts,baseline_rank,vbd,vbd_rank_overall,tier
00-0036963,Amon-Ra St. Brown,DET,2025,WR,,21.847129821777344,349.5540771484375,122.6943588256836,288.2068977355957,18.01293110847473,275.61419677734375,359.4239501953125,1,False,133.30779266357422,36.0,154.89910507202148,1,1
00-0039040,De'Von Achane,MIA,2025,RB,,18.77986406326294,300.47782501220706,59.45077220916748,270.7524389076233,16.922027431726455,260.46847961425783,318.2103713989258,1,False,130.98082172154238,24.0,139.7716171860809,2,1
00-0039361,Bucky Irving,TB,2025,RB,,17.86994245529175,285.919079284668,54.3639213180542,258.7371186256409,16.171069914102556,214.44789855957032,302.7688269042969,2,False,130.98082172154238,24.0,127.75629690409852,3,1
00-0037248,James Cook,BUF,2025,RB,,16.44991457016806,263.19863312268893,36.42366402682828,244.9868011092748,15.311675069329675,224.79000452969845,281.1124292455904,3,False,130.98082172154238,24.0,114.00597938773242,4,1
00-0036322,Justin Jefferson,MIN,2025,WR,,18.400901794433594,294.4144287109375,110.07028198242188,239.37928771972656,14.96120548248291,241.32916259765625,310.7041015625,2,False,133.30779266357422,36.0,106.07149505615234,5,2
00-0036358,CeeDee Lamb,DAL,2025,WR,,17.218994140625,275.50390625,79.13581085205078,235.9360008239746,14.746000051498413,220.14060974121094,300.7315673828125,3,False,133.30779266357422,36.0,102.62820816040039,6,2
00-0039337,Malik Nabers,NYG,2025,WR,,17.140535354614258,274.2485656738281,90.57112884521484,228.9630012512207,14.310187578201294,231.49411010742188,291.5044860839844,4,False,133.30779266357422,36.0,95.65520858764648,7,2
00-0036223,Jonathan Taylor,IND,2025,RB,,14.901720226374007,238.4275236219841,30.034627500647638,223.41020987166027,13.963138116978767,196.80554507653082,242.0160293087186,4,False,130.98082172154238,24.0,92.42938815011789,8,1
00-0036912,DeVonta Smith,PHI,2025,WR,,16.823301315307617,269.1728210449219,88.85265350341797,224.7464942932129,14.046655893325806,221.56509399414062,283.0799255371094,6,False,133.30779266357422,36.0,91.43870162963867,9,2
00-0037840,Kyren Williams,LA,2025,RB,,14.882574451904768,238.12119123047628,31.528392336569283,222.35699506219163,13.897312191386977,208.62297051776363,261.5964208896645,5,False,130.98082172154238,24.0,91.37617334064925,10,1
00-0036900,Ja'Marr Chase,CIN,2025,WR,,17.044763565063477,272.7162170410156,96.17642211914062,224.6280059814453,14.039250373840332,230.0680389404297,307.27874755859375,5,False,133.30779266357422,36.0,91.3202133178711,11,2
00-0035700,Josh Jacobs,GB,2025,RB,,14.567930196433098,233.08688314292957,24.504253618957083,220.83475633345103,13.802172270840689,188.76322989023197,232.66354628451307,8,False,130.98082172154238,24.0,89.85393461190864,12,1
00-0039915,Ladd McConkey,LAC,2025,WR,,16.57267951965332,265.1628723144531,89.95362854003906,220.1860580444336,13.7616286277771,232.472412109375,289.75445556640625,8,False,133.30779266357422,36.0,86.87826538085938,13,2
00-0039075,Puka Nacua,LA,2025,WR,,16.697729110717773,267.1636657714844,97.671630859375,218.32785034179688,13.645490646362305,250.53897094726562,318.68017578125,7,False,133.30779266357422,36.0,85.02005767822266,14,2
00-0036389,Jalen Hurts,PHI,2025,QB,15.753728,22.576618194580078,355.6658935546875,0.26297932863235474,355.5344038903713,22.220900243148208,303.965087890625,347.3765563964844,1,False,271.01972246170044,12.0,84.51468142867088,15,1
00-0039139,Jahmyr Gibbs,DET,2025,RB,,14.830090045928955,237.28144073486328,52.02169918060303,211.27059114456176,13.20441194653511,210.7641114807129,290.65145904541015,6,False,130.98082172154238,24.0,80.28976942301938,16,1
00-0035676,A.J. Brown,PHI,2025,WR,,15.775647163391113,252.4103546142578,80.46556091308594,212.17757415771484,13.261098384857178,229.39675903320312,294.207275390625,11,False,133.30779266357422,36.0,78.86978149414062,17,2
00-0038542,Bijan Robinson,ATL,2025,RB,,14.363824129104614,229.82118606567383,41.63760776519776,209.00238218307496,13.062648886442185,232.43354431152343,288.31968841552737,9,False,130.98082172154238,24.0,78.02156046153257,18,1
00-0036410,Tee Higgins,CIN,2025,WR,,15.577685356140137,249.2429656982422,78.93988800048828,209.77302169799805,13.110813856124878,211.58348083496094,248.2098846435547,12,False,133.30779266357422,36.0,76.46522903442383,19,2
00-0037238,Drake London,ATL,2025,WR,,16.066234588623047,257.05975341796875,95.00164031982422,209.55893325805664,13.09743332862854,223.3264923095703,274.2230529785156,9,False,133.30779266357422,36.0,76.25114059448242,20,2
00-0039893,Brian Thomas Jr.,JAX,2025,WR,,15.985986709594727,255.77578735351562,95.4621353149414,208.04471969604492,13.002794981002808,226.45651245117188,265.41204833984375,10,False,133.30779266357422,36.0,74.7369270324707,21,2
00-0038120,Breece Hall,NYJ,2025,RB,,14.594447841644287,233.5111654663086,58.047853775024414,204.4872385787964,12.780452411174775,216.40684112548828,275.03740966796875,7,False,130.98082172154238,24.0,73.50641685725401,22,1
00-0033906,Alvin Kamara,NO,2025,RB,,14.0086514802733,224.1384236843728,47.26037092155337,200.50823822359612,12.531764888974758,163.00297502020302,223.0054962667874,10,False,130.98082172154238,24.0,69.52741650205374,23,1
00-0033288,George Kittle,SF,2025,TE,,13.14322566986084,210.29161071777344,73.53266906738281,173.52527618408203,10.845329761505127,179.54762268066406,232.69683837890625,1,False,105.7999382019043,12.0,67.72533798217773,24,1
00-0038994,Jordan Addison,MIN,2025,WR,,15.005391120910645,240.0862579345703,79.69712829589844,200.2376937866211,12.514855861663818,198.49349975585938,246.88223266601562,13,False,133.30779266357422,36.0,66.92990112304688,25,2
00-0039067,Rashee Rice,KC,2025,WR,,14.79491138458252,236.7185821533203,76.81925964355469,198.30895233154297,12.394309520721436,175.49151611328125,251.62362670898438,15,False,133.30779266357422,36.0,65.00115966796875,26,2
00-0036554,Nico Collins,HOU,2025,WR,,14.83693790435791,237.39100646972656,83.33084869384766,195.72558212280273,12.232848882675171,227.30364990234375,285.94036865234375,14,False,133.30779266357422,36.0,62.417789459228516,27,2
00-0038134,Kenneth Walker III,SEA,2025,RB,,13.391581478118896,214.26530364990234,44.47749061584473,192.02655834197998,12.001659896373749,196.04566986083984,248.72603012084963,11,False,130.98082172154238,24.0,61.045736620437594,28,1
00-0034857,Josh Allen,BUF,2025,QB,17.0,19.48832893371582,331.3016052246094,0.28922274708747864,331.15699385106564,20.697312115691602,320.0719299316406,360.6414794921875,2,False,271.01972246170044,12.0,60.137271389365196,29,1
00-0034796,Lamar Jackson,BAL,2025,QB,17.0,19.32485008239746,328.5224609375,1.081089973449707,327.98191595077515,20.498869746923447,318.001220703125,378.57275390625,3,False,271.01972246170044,12.0,56.96219348907471,30,1
00-0039910,Jayden Daniels,WAS,2025,QB,15.270323,21.459203720092773,327.68896484375,0.0680580586194992,327.65493581444025,20.478433488402516,307.3709716796875,346.8350524902344,4,False,271.01972246170044,12.0,56.63521335273981,31,1
00-0039732,Bo Nix,DEN,2025,QB,15.593119,20.99036979675293,327.3053283691406,0.2726556062698364,327.1690005660057,20.448062535375357,294.643310546875,336.9949645996094,5,False,271.01972246170044,12.0,56.14927810430527,32,1
00-0033873,Patrick Mahomes,KC,2025,QB,16.158764,20.20291519165039,326.4541320800781,0.16799506545066833,326.3701345473528,20.39813340920955,299.1065979003906,338.3833923339844,6,False,271.01972246170044,12.0,55.35041208565235,33,1
00-0039894,Xavier Worthy,KC,2025,WR,,14.260899543762207,228.1743927001953,81.34159088134766,187.50359725952148,11.718974828720093,201.49612426757812,249.98452758789062,16,False,133.30779266357422,36.0,54.195804595947266,34,2
00-0035659,Terry McLaurin,WAS,2025,WR,,13.759194374084473,220.14710998535156,69.27318572998047,185.51051712036133,11.594407320022583,190.31723022460938,250.06935119628906,19,False,133.30779266357422,36.0,52.20272445678711,35,2
00-0033280,Christian McCaffrey,SF,2025,RB,,12.317043405946684,197.07269449514695,36.155404750816146,178.99499211973887,11.18718700748368,166.03083576199782,216.10380155496776,12,False,130.98082172154238,24.0,48.014170398196484,36,1
00-0034827,DJ Moore,CHI,2025,WR,,13.893402099609375,222.29443359375,82.58573913574219,181.0015640258789,11.312597751617432,200.89166259765625,248.55943298339844,17,False,133.30779266357422,36.0,47.69377136230469,37,2
00-0031408,Mike Evans,TB,2025,WR,,13.789268493652344,220.6282958984375,81.42886352539062,179.9138641357422,11.244616508483887,215.32032775878906,262.8127746582031,18,False,133.30779266357422,36.0,46.60607147216797,38,2
00-0033897,Joe Mixon,HOU,2025,RB,,11.952926670716773,191.24682673146836,29.737163516442145,176.3782449732473,11.023640310827956,161.215152839175,195.76349995450562,15,False,130.98082172154238,24.0,45.39742325170491,39,1
00-0039849,Marvin Harrison Jr.,ARI,2025,WR,,13.395756721496582,214.3321075439453,73.78031921386719,177.44194793701172,11.090121746063232,178.02838134765625,231.10206604003906,20,False,133.30779266357422,36.0,44.1341552734375,40,2
00-0038597,Chase Brown,CIN,2025,RB,,12.188389036255613,195.0142245800898,42.10980230463277,173.95932342777343,10.87245771423584,166.64005171225546,212.63441938563457,13,False,130.98082172154238,24.0,42.97850170623104,41,1
00-0033858,Jonnu Smith,MIA,2025,TE,,11.428215026855469,182.8514404296875,73.90029907226562,145.9012908935547,9.118830680847168,149.96136474609375,200.777587890625,2,False,105.7999382019043,12.0,40.10135269165039,42,2
00-0036970,Kyle Pitts,ATL,2025,TE,,11.1757173538208,178.8114776611328,68.99691772460938,144.31301879882812,9.019563674926758,141.0889892578125,182.0095672607422,3,False,105.7999382019043,12.0,38.51308059692383,43,2
00-0039384,Tyrone Tracy Jr.,NYG,2025,RB,,11.352628833802086,181.64206134083338,24.955560838867758,169.1642809213995,10.572767557587468,136.7060003848014,198.4047643280552,16,False,130.98082172154238,24.0,38.18345919985711,44,1
00-0039065,Sam LaPorta,DET,2025,TE,,11.002974510192871,176.04759216308594,64.77860260009766,143.6582908630371,8.97864317893982,150.67156982421875,196.83021545410156,4,False,105.7999382019043,12.0,37.85835266113281,45,2
00-0038543,Jaxon Smith-Njigba,SEA,2025,WR,,13.127310752868652,210.03697204589844,78.64273834228516,170.71560287475586,10.669725179672241,185.94276428222656,225.77894592285156,21,False,133.30779266357422,36.0,37.40781021118164,46,2
00-0037256,Rachaad White,TB,2025,RB,,12.002506099579517,192.04009759327226,47.777109856053954,168.15154266524527,10.50947141657783,167.92831635273458,214.9017075885248,14,False,130.98082172154238,24.0,37.17072094370289,47,1
00-0034351,Dallas Goedert,PHI,2025,TE,,10.727182388305664,171.63491821289062,63.30059814453125,139.984619140625,8.749038696289062,139.1382598876953,183.5269775390625,5,False,105.7999382019043,12.0,34.1846809387207,48,2
00-0037247,George Pickens,PIT,2025,WR,,12.351495742797852,197.62393188476562,65.50878143310547,164.8695411682129,10.304346323013306,170.06259155273438,216.5923614501953,22,False,133.30779266357422,36.0,31.561748504638672,49,2
00-0034844,Saquon Barkley,PHI,2025,RB,,11.067666915264299,177.08267064422878,32.756712893382236,160.70431419753768,10.044019637346105,152.88326995964493,218.58454824960697,17,False,130.98082172154238,24.0,29.7234924759953,50,1
00-0039851,Drake Maye,NE,2025,QB,16.072754,18.634958267211914,299.5151062011719,0.32243168354034424,299.3538903594017,18.709618147462606,235.6782989501953,289.94207763671875,7,False,271.01972246170044,12.0,28.334167897701263,51,1
00-0034753,Mark Andrews,BAL,2025,TE,,9.999526977539062,159.992431640625,53.65858459472656,133.16313934326172,8.322696208953857,133.3015899658203,188.86349487304688,6,False,105.7999382019043,12.0,27.363201141357422,52,2
00-0033040,Tyreek Hill,MIA,2025,WR,,12.202146530151367,195.23434448242188,72.274169921875,159.09725952148438,9.943578720092773,188.38465881347656,227.8467254638672,24,False,133.30779266357422,36.0,25.789466857910156,53,2
00-0039064,Zay Flowers,BAL,2025,WR,,12.211668014526367,195.38668823242188,77.54557800292969,156.61389923095703,9.788368701934814,195.1964569091797,244.35330200195312,23,False,133.30779266357422,36.0,23.306106567382812,54,2
00-0034837,Calvin Ridley,TEN,2025,WR,,11.539212226867676,184.6273956298828,57.2873420715332,155.9837245941162,9.748982787132263,143.2540740966797,189.6656951904297,27,False,133.30779266357422,36.0,22.675931930541992,55,2
00-0037740,Garrett Wilson,NYJ,2025,WR,,12.162578582763672,194.60125732421875,78.63593292236328,155.2832908630371,9.70520567893982,180.1387939453125,229.69500732421875,25,False,133.30779266357422,36.0,21.97549819946289,56,2
00-0036555,Chuba Hubbard,CAR,2025,RB,,10.494750031308717,167.91600050093948,32.95222489251901,151.43988805467998,9.464993003417499,133.0052797427951,190.17015075286722,18,False,130.98082172154238,24.0,20.4590663331376,57,1
00-0036275,D'Andre Swift,CHI,2025,RB,,10.343242268670021,165.49187629872034,28.430840721704794,151.27645593786795,9.454778496116747,149.20312070069778,181.48522926429786,19,False,130.98082172154238,24.0,20.295634216325567,58,1
00-0033921,Chris Godwin Jr.,TB,2025,WR,,12.024274826049805,192.38839721679688,79.64210510253906,152.56734466552734,9.535459041595459,173.07345581054688,233.186279296875,26,False,133.30779266357422,36.0,19.259552001953125,59,2
00-0037744,Trey McBride,ARI,2025,TE,,9.57259464263916,153.16151428222656,59.12046432495117,123.60128211975098,7.725080132484436,131.31719970703125,195.82122802734375,7,False,105.7999382019043,12.0,17.80134391784668,60,2
00-0037267,Jerome Ford,CLE,2025,RB,,10.294969268664362,164.7195082986298,34.13804003682225,147.65048828021867,9.228155517513667,124.64098137251733,175.59496345305917,20,False,130.98082172154238,24.0,16.669666558676283,61,1
00-0036139,Rico Dowdle,DAL,2025,RB,,10.087575824314564,161.40121318903303,29.224631023720306,146.78889767717288,9.174306104823305,137.43362731400947,173.40140570857932,22,False,130.98082172154238,24.0,15.8080759556305,62,1
00-0039165,Zach Charbonnet,SEA,2025,RB,,10.18931519508362,163.0290431213379,33.63358394622803,146.21225114822388,9.138265696763993,146.62082061767578,184.4206544494629,21,False,130.98082172154238,24.0,15.231429426681501,63,1
00-0035640,DK Metcalf,SEA,2025,WR,,11.182939529418945,178.92703247070312,63.494590759277344,147.17973709106445,9.198733568191528,163.21156311035156,205.0784912109375,29,False,133.30779266357422,36.0,13.871944427490234,64,2
00-0031381,Davante Adams,NYJ,2025,WR,,11.257960319519043,180.1273651123047,66.55889892578125,146.84791564941406,9.177994728088379,165.47044372558594,205.1673583984375,28,False,133.30779266357422,36.0,13.540122985839844,65,2
00-0034855,Baker Mayfield,TB,2025,QB,15.928398,17.859155654907227,284.4677429199219,0.47507238388061523,284.23020672798157,17.764387920498848,286.95599365234375,318.2791748046875,8,False,271.01972246170044,12.0,13.210484266281128,66,1
00-0036252,Michael Pittman,IND,2025,WR,,11.055925369262695,176.89480590820312,62.85027313232422,145.46966934204102,9.091854333877563,147.2070770263672,214.01629638671875,30,False,133.30779266357422,36.0,12.161876678466797,67,2
00-0035685,David Montgomery,DET,2025,RB,,9.857888084956018,157.7262093592963,31.33178580242995,142.0603164580813,8.878769778630081,145.59531782021023,193.0477883293888,23,False,130.98082172154238,24.0,11.07949473653892,68,1
00-0030061,Zach Ertz,WAS,2025,TE,,8.933499336242676,142.9359893798828,55.18838119506836,115.34179878234863,7.2088624238967896,112.038330078125,160.40652465820312,8,False,105.7999382019043,12.0,9.541860580444336,69,2
00-0036259,Jauan Jennings,SF,2025,WR,,10.781869888305664,172.50991821289062,59.838523864746094,142.59065628051758,8.911916017532349,139.93768310546875,183.8461151123047,31,False,133.30779266357422,36.0,9.28286361694336,70,2
00-0036442,Joe Burrow,CIN,2025,QB,15.65912,17.910219192504883,280.458251953125,0.40360918641090393,280.25644735991955,17.51602795999497,262.6954345703125,293.8154602050781,9,False,271.01972246170044,12.0,9.236724898219109,71,1
00-0036613,Jaylen Waddle,MIA,2025,WR,,10.760370254516602,172.16592407226562,59.77009582519531,142.28087615966797,8.892554759979248,141.130859375,187.65432739257812,32,False,133.30779266357422,36.0,8.97308349609375,72,2
00-0039338,Brock Bowers,LV,2025,TE,,8.898092269897461,142.36947631835938,59.763858795166016,112.48754692077637,7.030471682548523,158.51284790039062,211.3849334716797,9,False,105.7999382019043,12.0,6.68760871887207,73,2
00-0038996,Tucker Kraft,GB,2025,TE,,8.77087688446045,140.3340301513672,56.88832092285156,111.8898696899414,6.993116855621338,124.56837463378906,165.597900390625,10,False,105.7999382019043,12.0,6.089931488037109,74,2
00-0039855,Jalen McMillan,TB,2025,WR,,10.238598823547363,163.8175811767578,53.71882629394531,136.95816802978516,8.559885501861572,134.330322265625,185.94110107421875,37,False,133.30779266357422,36.0,3.6503753662109375,75,2
00-0039163,C.J. Stroud,HOU,2025,QB,16.105574,17.069181442260742,274.9089660644531,0.5887996554374695,274.6145662367344,17.1634103897959,234.5801239013672,287.4656066894531,10,False,271.01972246170044,12.0,3.594843775033951,76,1
00-0037838,Isaiah Likely,BAL,2025,TE,,8.2326078414917,131.7217254638672,47.23452377319336,108.10446357727051,6.756528973579407,95.92190551757812,154.25143432617188,12,False,105.7999382019043,12.0,2.304525375366211,77,2
00-0033908,Cooper Kupp,LA,2025,WR,,10.598366737365723,169.57386779785156,69.5427017211914,134.80251693725586,8.425157308578491,147.32376098632812,199.31190490722656,33,False,133.30779266357422,36.0,1.4947242736816406,78,2
00-0037240,Jameson Williams,DET,2025,WR,,10.273180961608887,164.3708953857422,59.88177490234375,134.4300079345703,8.401875495910645,141.99981689453125,184.34274291992188,35,False,133.30779266357422,36.0,1.1222152709960938,79,2
00-0035228,Kyler Murray,ARI,2025,QB,15.686312,17.340150833129883,272.0030212402344,0.03804589435458183,271.9839982930571,16.998999893316068,252.0594482421875,302.0867004394531,11,False,271.01972246170044,12.0,0.9642758313566446,80,1
00-0037834,Brock Purdy,SF,2025,QB,16.30586,16.628366470336914,271.13983154296875,0.2402181625366211,271.01972246170044,16.938732653856277,259.55377197265625,289.4913330078125,12,False,271.01972246170044,12.0,0.0,81,1
00-0032764,Derrick Henry,BAL,2025,RB,,8.849316531774688,141.589064508395,21.2164855737053,130.98082172154238,8.186301357596399,122.63017535408746,193.82842587804564,25,False,130.98082172154238,24.0,0.0,82,1
00-0038544,Quentin Johnston,LAC,2025,WR,,10.34450912475586,165.51214599609375,64.40870666503906,133.30779266357422,8.331737041473389,144.0408477783203,199.29615783691406,34,False,133.30779266357422,36.0,0.0,83,2
00-0035229,T.J. Hockenson,MIN,2025,TE,,8.448217391967773,135.17147827148438,58.743080139160156,105.7999382019043,6.6124961376190186,124.12738800048828,171.7545166015625,11,False,105.7999382019043,12.0,0.0,84,2
00-0038393,Dontayvion Wicks,GB,2025,WR,,9.906338691711426,158.5014190673828,53.09218215942383,131.9553279876709,8.247207999229431,111.65875244140625,165.20933532714844,39,False,133.30779266357422,36.0,-1.3524646759033203,85,2
00-0036407,Jerry Jeudy,CLE,2025,WR,,10.272439002990723,164.35902404785156,70.70051574707031,129.0087661743164,8.063047885894775,167.77064514160156,203.4992218017578,36,False,133.30779266357422,36.0,-4.2990264892578125,86,2
00-0037228,Jaylen Warren,PIT,2025,RB,,8.756158679580949,140.09853887329518,27.428658659149733,126.38420954372033,7.899013096482521,94.35309765543536,148.5566050905075,26,False,130.98082172154238,24.0,-4.596612177822053,87,1
00-0038041,Jake Ferguson,DAL,2025,TE,,7.6114068031311035,121.78250885009766,41.388893127441406,101.08806228637695,6.31800389289856,99.62081909179688,142.36671447753906,15,False,105.7999382019043,12.0,-4.711875915527344,88,2
00-0036973,Travis Etienne,JAX,2025,RB,,8.888945073396028,142.22312117433646,32.95048860049917,125.74787687408688,7.85924230463043,97.9159848894541,155.71867073868498,24,False,130.98082172154238,24.0,-5.232944847455499,89,1
00-0034960,Jakobi Meyers,LV,2025,WR,,10.12458610534668,161.99337768554688,68.69412231445312,127.64631652832031,7.9778947830200195,153.77093505859375,198.54544067382812,38,False,133.30779266357422,36.0,-5.661476135253906,90,2
00-0037816,Romeo Doubs,GB,2025,WR,,9.89757251739502,158.3611602783203,63.04645919799805,126.83793067932129,7.927370667457581,141.01023864746094,180.51669311523438,40,False,133.30779266357422,36.0,-6.46986198425293,91,2
00-0033881,Evan Engram,JAX,2025,TE,,7.798326015472412,124.7732162475586,51.97368621826172,98.78637313842773,6.174148321151733,86.42887878417969,137.34390258789062,13,False,105.7999382019043,12.0,-7.0135650634765625,92,2
00-0039146,Jayden Reed,GB,2025,WR,,9.641507148742676,154.2641143798828,56.221290588378906,126.15346908569336,7.884591817855835,142.78802490234375,184.95652770996094,42,False,133.30779266357422,36.0,-7.154323577880859,93,2
00-0030279,Keenan Allen,CHI,2025,WR,,9.783868789672852,156.54190063476562,61.923095703125,125.58035278320312,7.848772048950195,135.10125732421875,197.3572540283203,41,False,133.30779266357422,36.0,-7.727439880371094,94,2
00-0038129,Cade Otton,TB,2025,TE,,7.624256134033203,121.98809814453125,52.307533264160156,95.83433151245117,5.989645719528198,102.31849670410156,140.96157836914062,14,False,105.7999382019043,12.0,-9.965606689453125,95,2
00-0033885,David Njoku,CLE,2025,TE,,7.407054901123047,118.51287841796875,48.764244079589844,94.13075637817383,5.883172273635864,94.33930206298828,136.7200164794922,16,False,105.7999382019043,12.0,-11.669181823730469,96,2
00-0033106,Jared Goff,DET,2025,QB,14.677831,17.595447540283203,258.26300048828125,0.11242922395467758,258.2067858763039,16.137924117268994,231.89889526367188,278.7984313964844,13,False,271.01972246170044,12.0,-12.812936585396528,97,1
00-0034383,Dalton Schultz,HOU,2025,TE,,7.335404396057129,117.36647033691406,49.5200080871582,92.60646629333496,5.787904143333435,97.8479995727539,132.7568817138672,17,False,105.7999382019043,12.0,-13.193471908569336,98,2
00-0038559,Michael Wilson,ARI,2025,WR,,8.912640571594238,142.6022491455078,45.0752067565918,120.06464576721191,7.504040360450745,117.45979309082031,153.90281677246094,46,False,133.30779266357422,36.0,-13.243146896362305,99,2
00-0036894,Pat Freiermuth,PIT,2025,TE,,7.30286169052124,116.84578704833984,49.020484924316406,92.33554458618164,5.7709715366363525,109.13288116455078,158.76791381835938,18,False,105.7999382019043,12.0,-13.464393615722656,100,2
00-0039794,Braelon Allen,NYJ,2025,RB,,8.245924158096313,131.93478652954101,29.733772850036623,117.0679001045227,7.316743756532669,100.88297248840333,165.9509703063965,27,False,130.98082172154238,24.0,-13.912921617019677,101,1
00-0033077,Dak Prescott,DAL,2025,QB,14.952396,17.202455520629883,257.2179260253906,0.2740943729877472,257.08087883889675,16.067554927431047,222.60586547851562,258.4997863769531,14,False,271.01972246170044,12.0,-13.938843622803688,102,1
00-0031588,Stefon Diggs,HOU,2025,WR,,9.414153099060059,150.62644958496094,63.50991439819336,118.87149238586426,7.429468274116516,139.44866943359375,182.70852661132812,43,False,133.30779266357422,36.0,-14.436300277709961,103,2
00-0038551,Kendre Miller,NO,2025,RB,,8.013500409126282,128.2160065460205,24.745443134307862,115.84328497886658,7.240205311179161,90.00647361755371,160.1017251586914,29,False,130.98082172154238,24.0,-15.137536742675806,104,1
00-0031544,Amari Cooper,BUF,2025,WR,,8.726848602294922,139.62957763671875,44.069580078125,117.59478759765625,7.349674224853516,97.23905181884766,149.66357421875,49,False,133.30779266357422,36.0,-15.713005065917969,105,2
00-0033553,James Conner,ARI,2025,RB,,8.141173363926475,130.2587738228236,30.724483005098087,114.89653232027455,7.181033270017159,129.25147607561826,176.4191777329964,28,False,130.98082172154238,24.0,-16.08428940126784,106,1
00-0039919,Rome Odunze,CHI,2025,WR,,8.833194732666016,141.33111572265625,48.33747863769531,117.1623764038086,7.322648525238037,119.75321197509766,179.93202209472656,48,False,133.30779266357422,36.0,-16.145416259765625,107,2
00-0038977,Tank Dell,HOU,2025,WR,,8.854992866516113,141.6798858642578,49.27253723144531,117.04361724853516,7.315226078033447,135.3238525390625,172.2847442626953,47,False,133.30779266357422,36.0,-16.264175415039062,108,2
00-0038933,Dalton Kincaid,BUF,2025,TE,,6.942296028137207,111.07673645019531,43.168033599853516,89.49271965026855,5.593294978141785,104.60699462890625,131.9387664794922,20,False,105.7999382019043,12.0,-16.307218551635742,109,2
00-0038621,DeMario Douglas,NE,2025,WR,,9.174708366394043,146.7953338623047,60.7767333984375,116.40696716308594,7.275435447692871,104.48783874511719,153.80047607421875,44,False,133.30779266357422,36.0,-16.90082550048828,110,2
00-0036309,Darnell Mooney,ATL,2025,WR,,8.707974433898926,139.3275909423828,48.12916946411133,115.26300621032715,7.203937888145447,122.08271026611328,167.0646209716797,51,False,133.30779266357422,36.0,-18.04478645324707,111,2
00-0036893,Najee Harris,PIT,2025,RB,,7.873565608813778,125.97704974102045,26.525480038331523,112.71430972185469,7.044644357615918,108.0849195742754,156.84993623789657,30,False,130.98082172154238,24.0,-18.266511999687694,112,1
00-0035719,Deebo Samuel Sr.,SF,2025,WR,,8.660773277282715,138.57237243652344,48.18770980834961,114.47851753234863,7.1549073457717896,106.53494262695312,158.64328002929688,52,False,133.30779266357422,36.0,-18.829275131225586,113,2
00-0039363,Isaac Guerendo,SF,2025,RB,,7.6258908707699,122.0142539323184,20.367838532867534,111.83033466588462,6.989395916617789,94.63921840414454,150.56881513215677,32,False,130.98082172154238,24.0,-19.150487055657763,114,1
00-0036158,J.K. Dobbins,LAC,2025,RB,,7.673940561703833,122.78304898726132,22.46589915931592,111.55009940760337,6.971881212975211,108.78781180787135,166.55705847330896,31,False,130.98082172154238,24.0,-19.430722313939015,115,1
00-0030035,Adam Thielen,CAR,2025,WR,,8.712888717651367,139.40621948242188,51.33320999145508,113.73961448669434,7.108725905418396,110.7938461303711,162.22410583496094,50,False,133.30779266357422,36.0,-19.568178176879883,116,2
00-0034791,Nick Chubb,CLE,2025,RB,,7.405922706885993,118.49476331017588,14.990476139546418,110.99952524040268,6.937470327525167,78.70115450175635,138.9503339024099,34,False,130.98082172154238,24.0,-19.981296481139708,117,1
00-0038997,Josh Downs,IND,2025,WR,,9.122328758239746,145.95726013183594,65.96971130371094,112.97240447998047,7.060775279998779,145.62721252441406,199.24224853515625,45,False,133.30779266357422,36.0,-20.33538818359375,118,2
00-0034270,Tyler Conklin,NYJ,2025,TE,,6.349575042724609,101.59320068359375,34.816680908203125,84.18486022949219,5.261553764343262,61.865142822265625,105.54944610595703,24,False,105.7999382019043,12.0,-21.61507797241211,119,2
00-0033357,Taysom Hill,NO,2025,TE,,6.388023853302002,102.20838165283203,36.58134078979492,83.91771125793457,5.244856953620911,88.46288299560547,128.59371948242188,23,False,105.7999382019043,12.0,-21.882226943969727,120,2
00-0036290,Cole Kmet,CHI,2025,TE,,6.559212684631348,104.94740295410156,42.14225769042969,83.87627410888672,5.24226713180542,90.67243957519531,132.4897918701172,22,False,105.7999382019043,12.0,-21.923664093017578,121,2
00-0037809,Chig Okonkwo,TEN,2025,TE,,6.615899562835693,105.8543930053711,44.11445999145508,83.79716300964355,5.237322688102722,77.68499755859375,128.119873046875,21,False,105.7999382019043,12.0,-22.002775192260742,122,2
00-0030506,Travis Kelce,KC,2025,TE,,7.012691497802734,112.20306396484375,57.34425354003906,83.53093719482422,5.220683574676514,105.38288116455078,183.61746215820312,19,False,105.7999382019043,12.0,-22.269001007080078,123,2
00-0035261,Tony Pollard,TEN,2025,RB,,7.56465346726712,121.03445547627392,26.007701957005498,108.03060449777117,6.751912781110698,115.31872337278645,154.56068232583968,33,False,130.98082172154238,24.0,-22.95021722377122,124,1
00-0039342,Xavier Legette,CAR,2025,WR,,8.284335136413574,132.5493621826172,44.81665802001953,110.14103317260742,6.883814573287964,109.4129867553711,147.68724060058594,54,False,133.30779266357422,36.0,-23.166759490966797,125,2
00-0038117,Wan'Dale Robinson,NYG,2025,WR,,8.04058837890625,128.6494140625,37.587249755859375,109.85578918457031,6.8659868240356445,109.37832641601562,156.66961669921875,59,False,133.30779266357422,36.0,-23.452003479003906,126,2
00-0034348,Courtland Sutton,DEN,2025,WR,,8.660489082336426,138.5678253173828,58.32990646362305,109.40287208557129,6.837679505348206,145.66598510742188,193.320068359375,53,False,133.30779266357422,36.0,-23.90492057800293,127,2
00-0033090,Hunter Henry,NE,2025,TE,,6.146965026855469,98.3514404296875,34.222503662109375,81.24018859863281,5.077511787414551,82.47712707519531,128.8629608154297,26,False,105.7999382019043,12.0,-24.559749603271484,128,2
00-0037545,Rashid Shaheed,NO,2025,WR,,8.18656063079834,130.98497009277344,45.631717681884766,108.16911125183105,6.760569453239441,108.58213806152344,147.31588745117188,56,False,133.30779266357422,36.0,-25.138681411743164,129,2
00-0034829,Mike Gesicki,CIN,2025,TE,,6.179855823516846,98.87769317626953,36.697994232177734,80.52869606018066,5.0330435037612915,79.40988159179688,118.46160888671875,25,False,105.7999382019043,12.0,-25.271242141723633,130,2
00-0038608,Kayshon Boutte,NE,2025,WR,,8.178359031677246,130.85374450683594,48.151161193847656,106.77816390991211,6.673635244369507,115.36418151855469,156.89102172851562,57,False,133.30779266357422,36.0,-26.52962875366211,131,2
00-0036261,Brandon Aiyuk,SF,2025,WR,,8.21521282196045,131.4434051513672,49.58580017089844,106.65050506591797,6.665656566619873,106.61978149414062,151.79641723632812,55,False,133.30779266357422,36.0,-26.65728759765625,132,2
00-0036550,Rashod Bateman,BAL,2025,WR,,8.172926902770996,130.76683044433594,48.412322998046875,106.5606689453125,6.660041809082031,123.0458984375,163.29766845703125,58,False,133.30779266357422,36.0,-26.74712371826172,133,2
00-0037239,Chris Olave,NO,2025,WR,,7.906849384307861,126.50959014892578,43.9273796081543,104.54590034484863,6.5341187715530396,119.36206817626953,157.86624145507812,60,False,133.30779266357422,36.0,-28.761892318725586,134,2
00-0037197,Isiah Pacheco,KC,2025,RB,,6.934078246132304,110.94525193811687,18.720689853378392,101.58490701142767,6.34905668821423,77.17971906830398,136.1423246470614,36,False,130.98082172154238,24.0,-29.39591471011471,135,1
00-0035644,Noah Fant,SEA,2025,TE,,5.992024898529053,95.87239837646484,39.00160217285156,76.37159729003906,4.773224830627441,61.39191818237305,117.20480346679688,27,False,105.7999382019043,12.0,-29.428340911865234,136,2
00-0036212,Tua Tagovailoa,MIA,2025,QB,14.961926,16.06330680847168,240.3380126953125,0.26471173763275146,240.20565682649612,15.012853551656008,222.93788146972656,246.98284912109375,15,False,271.01972246170044,12.0,-30.814065635204315,137,1
00-0037525,Jordan Mason,SF,2025,RB,,6.614480012897594,105.8316802063615,14.061070868578943,98.80114477207202,6.175071548254501,72.41604950139165,123.92093555108396,39,False,130.98082172154238,24.0,-32.17967694947036,138,1
00-0039491,Jalen Coker,CAR,2025,WR,,7.249405384063721,115.99048614501953,30.619199752807617,100.68088626861572,6.292555391788483,74.07862854003906,126.09165954589844,63,False,133.30779266357422,36.0,-32.626906394958496,139,2
00-0039918,Caleb Williams,CHI,2025,QB,14.015952,16.914901733398438,237.0784454345703,0.06927597522735596,237.04380744695663,14.81523796543479,215.06922912597656,255.36196899414062,16,False,271.01972246170044,12.0,-33.975915014743805,140,1
00-0036040,Juwan Johnson,NO,2025,TE,,5.888124465942383,94.20999145507812,45.75103759765625,71.33447265625,4.458404541015625,96.6996841430664,133.79953002929688,28,False,105.7999382019043,12.0,-34.4654655456543,141,2
00-0036637,Noah Gray,KC,2025,TE,,5.34182596206665,85.4692153930664,28.46010971069336,71.23916053771973,4.452447533607483,71.89434814453125,114.86909484863281,29,False,105.7999382019043,12.0,-34.56077766418457,142,2
00-0039901,Keon Coleman,BUF,2025,WR,,7.427419185638428,118.83870697021484,41.39204406738281,98.14268493652344,6.133917808532715,104.26312255859375,146.7403564453125,62,False,133.30779266357422,36.0,-35.16510772705078,143,2
00-0039050,Payne Durham,TB,2025,TE,,5.153085231781006,82.4493637084961,24.151317596435547,70.37370491027832,4.398356556892395,40.299964904785156,75.23527526855469,31,False,105.7999382019043,12.0,-35.42623329162598,144,2
00-0036997,Javonte Williams,DEN,2025,RB,,7.116593292635815,113.86549268217304,41.05670834801771,93.33713850816419,5.833571156760262,90.05774779725125,143.7834092464878,35,False,130.98082172154238,24.0,-37.643683213378196,145,1
00-0033699,Austin Ekeler,WAS,2025,RB,,6.693955143655024,107.10328229848038,28.930639862671523,92.63796236714461,5.789872647946538,101.1102614373658,139.80910758037422,37,False,130.98082172154238,24.0,-38.342859354397774,146,1
00-0039793,AJ Barner,SEA,2025,TE,,5.251525402069092,84.02440643310547,33.972320556640625,67.03824615478516,4.189890384674072,64.86397552490234,103.72024536132812,30,False,105.7999382019043,12.0,-38.76169204711914,147,2
00-0039032,Tyjae Spears,TEN,2025,RB,,6.689483489990234,107.03173583984375,29.864483489990235,92.09949409484864,5.75621838092804,91.80537452697754,131.71169006347657,38,False,130.98082172154238,24.0,-38.881327626693746,148,1
00-0037261,Khalil Shakir,BUF,2025,WR,,7.534262180328369,120.5481948852539,52.76599884033203,94.16519546508789,5.885324716567993,122.08821868896484,174.19386291503906,61,False,133.30779266357422,36.0,-39.14259719848633,149,2
00-0032394,Nick Vannett,TEN,2025,TE,,5.138670921325684,82.21873474121094,31.143661499023438,66.64690399169922,4.165431499481201,38.808311462402344,81.57740020751953,32,False,105.7999382019043,12.0,-39.15303421020508,150,2
00-0034159,Will Dissly,LAC,2025,TE,,5.092498302459717,81.47997283935547,30.296815872192383,66.33156490325928,4.145722806453705,50.10911178588867,90.6323013305664,33,False,105.7999382019043,12.0,-39.46837329864502,151,2
00-0038976,Marvin Mims Jr.,DEN,2025,WR,,7.03059720993042,112.48955535888672,38.638973236083984,93.17006874084473,5.823129296302795,82.44145202636719,133.6776885986328,65,False,133.30779266357422,36.0,-40.13772392272949,152,2
00-0037746,Brian Robinson,WAS,2025,RB,,6.0568560986874616,96.90969757899938,12.886244363432304,90.46657539728324,5.654160962330202,81.65067664891217,133.81888076918,48,False,130.98082172154238,24.0,-40.51424632425915,153,1
00-0036875,Rhamondre Stevenson,NE,2025,RB,,6.239315063889756,99.8290410222361,18.920433614758252,90.36882421485697,5.648051513428561,94.20092829819822,142.31161396504427,42,False,130.98082172154238,24.0,-40.61199750668541,154,1
00-0038951,Sean Tucker,TB,2025,RB,,6.199671230316162,99.1947396850586,17.927099628448488,90.23118987083436,5.639449366927147,65.6588380432129,132.5781121826172,44,False,130.98082172154238,24.0,-40.74963185070803,155,1
00-0038454,Keaton Mitchell,BAL,2025,RB,,6.106751532554626,97.70802452087402,15.076040344238281,90.17000434875489,5.63562527179718,72.35346870422363,117.59109039306641,47,False,130.98082172154238,24.0,-40.8108173727875,156,1
00-0039746,Will Shipley,PHI,2025,RB,,6.133714261054993,98.13942817687989,16.298936471939086,89.98995994091034,5.624372496306896,55.11488571166992,148.3044091796875,46,False,130.98082172154238,24.0,-40.990861780632045,157,1
00-0039916,Ricky Pearsall,SF,2025,WR,,7.043487548828125,112.69580078125,41.87187957763672,91.75986099243164,5.7349913120269775,83.61333465576172,125.17021179199219,64,False,133.30779266357422,36.0,-41.54793167114258,158,2
00-0039356,Ja'Tavion Sanders,CAR,2025,TE,,5.081627368927002,81.30603790283203,34.509090423583984,64.05149269104004,4.003218293190002,67.67952728271484,102.30169677734375,34,False,105.7999382019043,12.0,-41.74844551086426,159,2
00-0033293,Aaron Jones,MIN,2025,RB,,6.4606783069183695,103.37085291069391,28.406652476802254,89.1675266722928,5.5729704170183,96.64367012634905,136.68668403797815,40,False,130.98082172154238,24.0,-41.81329504924959,160,1
00-0039875,Ray Davis,BUF,2025,RB,,6.224847846207433,99.59756553931892,21.90857685091722,88.64327711386031,5.540204819616269,82.60546477451625,130.6814328444714,43,False,130.98082172154238,24.0,-42.33754460768208,161,1
00-0036988,Josh Palmer,LAC,2025,WR,,6.946499824523926,111.14399719238281,40.39447021484375,90.94676208496094,5.684172630310059,82.34667205810547,127.95929718017578,66,False,133.30779266357422,36.0,-42.36103057861328,162,2
00-0036414,Cam Akers,MIN,2025,RB,,6.140820725677277,98.25313161083643,19.768607289394563,88.36882796613915,5.523051747883697,77.75458265065659,110.63458761336624,45,False,130.98082172154238,24.0,-42.61199375540323,163,1
00-0037263,Tyler Allgeier,ATL,2025,RB,,6.006345377187056,96.1015260349929,15.838538935848657,88.18225656706858,5.511391035441786,90.01917561405085,122.77401168661359,49,False,130.98082172154238,24.0,-42.798565154473806,164,1
00-0039164,Anthony Richardson,IND,2025,QB,13.369162,17.065279006958008,228.14846801757812,0.49214160442352295,227.90239721536636,14.243899825960398,187.7946319580078,238.22799682617188,17,False,271.01972246170044,12.0,-43.117325246334076,165,1
00-0038555,Tank Bigsby,JAX,2025,RB,,5.764129700660706,92.2260752105713,12.229349279403687,86.11140057086945,5.381962535679341,79.74072784423828,127.88599822998047,55,False,130.98082172154238,24.0,-44.869421150672935,166,1
00-0038797,Emanuel Wilson,GB,2025,RB,,5.842748784398804,93.48398055038086,14.88065974266867,86.04365067904654,5.3777281674404085,72.47730429830166,109.59829297911052,53,False,130.98082172154238,24.0,-44.93717104249585,167,1
00-0036980,Elijah Moore,CLE,2025,WR,,6.640758514404297,106.25213623046875,36.91060256958008,87.79683494567871,5.487302184104919,87.37635040283203,140.22665405273438,68,False,133.30779266357422,36.0,-45.51095771789551,168,2
00-0030564,DeAndre Hopkins,KC,2025,WR,,6.758057117462158,108.12891387939453,41.44979476928711,87.40401649475098,5.462751030921936,78.22464752197266,120.00994873046875,67,False,133.30779266357422,36.0,-45.90377616882324,169,2
00-0034184,Gus Edwards,LAC,2025,RB,,5.557634461175734,88.92215137881175,9.364959871558437,84.23967144303252,5.2649794651895325,62.748491202791115,103.10092254168687,58,False,130.98082172154238,24.0,-46.74115027850986,170,1
00-0033923,Kareem Hunt,KC,2025,RB,,5.934238547498767,94.94781675998027,22.208945559463135,83.8433439802487,5.240208998765544,76.5695375045369,119.57544703698338,52,False,130.98082172154238,24.0,-47.13747774129368,171,1
00-0038124,Christian Watson,GB,2025,WR,,6.460658550262451,103.37053680419922,35.03688430786133,85.85209465026855,5.365755915641785,83.54487609863281,117.13214111328125,70,False,133.30779266357422,36.0,-47.455698013305664,172,2
00-0034364,Jordan Akins,CLE,2025,TE,,4.478737831115723,71.65980529785156,26.855331420898438,58.232139587402344,3.6395087242126465,51.94135284423828,76.94567108154297,35,False,105.7999382019043,12.0,-47.56779861450195,173,2
00-0036906,Khalil Herbert,CIN,2025,RB,,5.745896429046224,91.93434286473959,17.87117560306369,82.99875506320774,5.187422191450484,63.46729628811627,102.4767079519785,56,False,130.98082172154238,24.0,-47.982066658334645,174,1
00-0039868,Troy Franklin,DEN,2025,WR,,6.385721206665039,102.17153930664062,34.25537109375,85.04385375976562,5.315240859985352,70.07061004638672,120.33627319335938,71,False,133.30779266357422,36.0,-48.263938903808594,175,2
00-0038040,Zamir White,LV,2025,RB,,5.692991544758106,91.0878647161297,17.125149854324516,82.52528978896744,5.157830611810465,68.53124762501804,110.18051203775373,57,False,130.98082172154238,24.0,-48.45553193257494,176,1
00-0032104,Ameer Abdullah,LV,2025,RB,,5.957328801722988,95.31726082756781,25.624690504681162,82.50491557522723,5.156557223451702,68.02850753815513,101.254396970463,51,False,130.98082172154238,24.0,-48.475906146315154,177,1
00-0034975,Justice Hill,BAL,2025,RB,,6.402142048616429,102.43427277786286,40.49857122158857,82.18498716706857,5.136561697941786,86.535258712873,137.54611254097418,41,False,130.98082172154238,24.0,-48.795834554473814,178,1
00-0038558,Darnell Washington,PIT,2025,TE,,4.207539081573486,67.32062530517578,21.0338134765625,56.80371856689453,3.550232410430908,35.04418182373047,64.14807891845703,38,False,105.7999382019043,12.0,-48.996219635009766,179,2
00-0037741,Jahan Dotson,PHI,2025,WR,,6.193292617797852,99.09268188476562,29.929935455322266,84.12771415710449,5.257982134819031,67.03904724121094,107.20280456542969,72,False,133.30779266357422,36.0,-49.18007850646973,180,2
00-0038935,Brenton Strange,JAX,2025,TE,,4.1634626388549805,66.61540222167969,20.15703010559082,56.53688716888428,3.5335554480552673,50.86341857910156,86.33468627929688,39,False,105.7999382019043,12.0,-49.26305103302002,181,2
00-0036919,Kenneth Gainwell,PHI,2025,RB,,5.7700785543884345,92.32125687021495,21.321619374551325,81.6604471829393,5.103777948933706,73.91573355046143,111.23713432797662,54,False,130.98082172154238,24.0,-49.32037453860309,182,1
00-0038547,Luke Schoonmaker,DAL,2025,TE,,4.377080917358398,70.03329467773438,28.145225524902344,55.9606819152832,3.4975426197052,45.18838882446289,77.31048583984375,36,False,105.7999382019043,12.0,-49.839256286621094,183,2
00-0034869,Sam Darnold,MIN,2025,QB,15.204347,14.547000885009766,221.17764282226562,0.0,221.17764282226562,13.823602676391602,199.06912231445312,250.32122802734375,18,False,271.01972246170044,12.0,-49.842079639434814,184,1
00-0037805,Jeremy Ruckert,NYJ,2025,TE,,4.327132701873779,69.23412322998047,28.846506118774414,54.81087017059326,3.425679385662079,47.405616760253906,80.58424377441406,37,False,105.7999382019043,12.0,-50.989068031311035,185,2
00-0036251,Zack Moss,CIN,2025,RB,,5.970656536426715,95.53050458282743,31.96319669495047,79.54890623535219,4.971806639709512,85.71029083001297,124.9776344788099,50,False,130.98082172154238,24.0,-51.43191548619019,186,1
00-0037258,Dameon Pierce,HOU,2025,RB,,5.496897522291852,87.95036035666963,17.071103835996905,79.41480843867119,4.963425527416949,66.05459691809432,109.92534103894869,59,False,130.98082172154238,24.0,-51.5660132828712,187,1
00-0033282,Curtis Samuel,BUF,2025,WR,,6.485916614532471,103.77466583251953,44.42033386230469,81.56449890136719,5.097781181335449,80.19773864746094,124.58056640625,69,False,133.30779266357422,36.0,-51.74329376220703,188,2
00-0036849,Tutu Atwell,LA,2025,WR,,6.073875904083252,97.18201446533203,32.57148742675781,80.89627075195312,5.05601692199707,78.83099365234375,107.55905151367188,73,False,133.30779266357422,36.0,-52.411521911621094,189,2
00-0035250,Devin Singletary,NYG,2025,RB,,5.4868027642000055,87.78884422720009,18.569080569092986,78.50430394265359,4.9065189964158495,66.57112068285932,111.03787525367606,60,False,130.98082172154238,24.0,-52.47651777888879,190,1
00-0036876,Kylen Granson,IND,2025,TE,,4.05625057220459,64.90000915527344,24.543733596801758,52.62814235687256,3.289258897304535,53.47946548461914,81.11869812011719,40,False,105.7999382019043,12.0,-53.17179584503174,191,2
00-0033925,D'Onta Foreman,CLE,2025,RB,,5.339525640541197,85.43241024865915,16.162336213727425,77.35124214179544,4.834452633862215,65.8976299081707,107.34099897391171,62,False,130.98082172154238,24.0,-53.629579579746945,192,1
00-0035689,Dawson Knox,BUF,2025,TE,,3.816502809524536,61.06404495239258,17.911338806152344,52.108375549316406,3.2567734718322754,41.3849983215332,73.43223571777344,44,False,105.7999382019043,12.0,-53.69156265258789,193,2
00-0037086,Grant Calcaterra,PHI,2025,TE,,3.8912277221679688,62.2596435546875,20.917707443237305,51.80078983306885,3.237549364566803,42.474830627441406,78.02942657470703,42,False,105.7999382019043,12.0,-53.99914836883545,194,2
00-0039921,Trey Benson,ARI,2025,RB,,5.143214869499206,82.2914379119873,12.253151998519897,76.16486191272736,4.76030386954546,66.89840255737305,141.49573135375977,64,False,130.98082172154238,24.0,-54.81595980881502,195,1
00-0036328,Antonio Gibson,NE,2025,RB,,5.415533663927897,86.64853862284635,21.543186382865514,75.87694543141359,4.742309089463349,70.41869387945844,109.63035147523978,61,False,130.98082172154238,24.0,-55.103876290128795,196,1
00-0039359,Cade Stover,HOU,2025,TE,,3.8792612552642822,62.068180084228516,22.937240600585938,50.59955978393555,3.1624724864959717,37.24476623535156,67.94049072265625,43,False,105.7999382019043,12.0,-55.20037841796875,197,2
00-0035500,Greg Dortch,ARI,2025,WR,,5.909493446350098,94.55189514160156,35.855316162109375,76.62423706054688,4.78901481628418,76.93910217285156,117.80500030517578,74,False,133.30779266357422,36.0,-56.683555603027344,198,2
00-0038115,Daniel Bellinger,NYG,2025,TE,,3.9253270626068115,62.805233001708984,27.69123077392578,48.959617614746094,3.059976100921631,48.369224548339844,68.66888427734375,41,False,105.7999382019043,12.0,-56.8403205871582,199,2
00-0036355,Justin Herbert,LAC,2025,QB,14.856792,14.387681007385254,213.75479125976562,0.4480063319206238,213.5307880938053,13.345674255862832,202.72012329101562,245.20321655273438,19,False,271.01972246170044,12.0,-57.488934367895126,200,1
00-0036626,Dyami Brown,WAS,2025,WR,,5.639403343200684,90.23045349121094,29.6933536529541,75.38377666473389,4.711486041545868,70.05497741699219,104.17391967773438,80,False,133.30779266357422,36.0,-57.92401599884033,201,2
00-0036427,Tyler Johnson,LA,2025,WR,,5.70352029800415,91.2563247680664,32.862220764160156,74.82521438598633,4.6765758991241455,67.88382720947266,99.21721649169922,77,False,133.30779266357422,36.0,-58.48257827758789,202,2
00-0035535,Darius Slayton,NYG,2025,WR,,5.406684398651123,86.50695037841797,23.584482192993164,74.71470928192139,4.669669330120087,66.69342041015625,93.54556274414062,82,False,133.30779266357422,36.0,-58.59308338165283,203,2
00-0033591,Noah Brown,WAS,2025,WR,,5.714962959289551,91.43940734863281,33.95539855957031,74.46170806884766,4.6538567543029785,78.4417724609375,107.53239440917969,76,False,133.30779266357422,36.0,-58.84608459472656,204,2
00-0037664,Alec Pierce,IND,2025,WR,,5.8731207847595215,93.96993255615234,39.2645263671875,74.3376693725586,4.646104335784912,88.98461151123047,135.34060668945312,75,False,133.30779266357422,36.0,-58.970123291015625,205,2
00-0036244,Colby Parkinson,LA,2025,TE,,3.5944008827209473,57.510414123535156,21.850933074951172,46.58494758605957,2.911559224128723,45.90119934082031,68.49117279052734,49,False,105.7999382019043,12.0,-59.21499061584473,206,2
00-0034830,Hayden Hurst,LAC,2025,TE,,3.5692033767700195,57.10725402832031,21.1824893951416,46.51600933074951,2.9072505831718445,38.288246154785156,60.195220947265625,51,False,105.7999382019043,12.0,-59.283928871154785,207,2
00-0034972,Alexander Mattison,LV,2025,RB,,5.315766917234574,85.05227067575318,27.62233673702765,71.24110230723936,4.45256889420246,80.83788586464425,124.78481444247205,63,False,130.98082172154238,24.0,-59.739719414303025,208,1
00-0038619,Andrei Iosivas,CIN,2025,WR,,5.64401912689209,90.30430603027344,33.99725341796875,73.30567932128906,4.581604957580566,79.15755462646484,109.3665771484375,78,False,133.30779266357422,36.0,-60.002113342285156,209,2
00-0039391,Kimani Vidal,LAC,2025,RB,,4.817622413635254,77.08195861816407,12.247745504379273,70.95808586597443,4.434880366623402,54.205270576477055,91.73336128234864,66,False,130.98082172154238,24.0,-60.02273585556796,210,1
00-0039874,Jaylen Wright,MIA,2025,RB,,4.796254286766052,76.74006858825683,12.170609645843506,70.65476376533509,4.415922735333443,44.99840789794922,106.25507095336914,67,False,130.98082172154238,24.0,-60.32605795620729,211,1
00-0038685,Chris Brooks,GB,2025,RB,,4.909389096941546,78.55022555106474,16.456549726364795,70.32195068788235,4.395121917992647,55.27243094818303,84.37673297545258,65,False,130.98082172154238,24.0,-60.658871033660034,212,1
00-0037005,Tommy Tremble,CAR,2025,TE,,3.5776031017303467,57.24164962768555,24.3625431060791,45.060378074645996,2.8162736296653748,50.495697021484375,77.72051239013672,50,False,105.7999382019043,12.0,-60.7395601272583,213,2
00-0039847,Theo Johnson,NYG,2025,TE,,3.7149479389190674,59.43916702270508,28.804710388183594,45.03681182861328,2.81480073928833,53.44996643066406,76.2845230102539,45,False,105.7999382019043,12.0,-60.763126373291016,214,2
00-0037292,Andrew Ogletree,IND,2025,TE,,3.5981128215789795,57.56980514526367,25.23098373413086,44.95431327819824,2.80964457988739,42.46754837036133,71.06627655029297,48,False,105.7999382019043,12.0,-60.845624923706055,215,2
00-0038606,Parker Washington,JAX,2025,WR,,5.524439811706543,88.39103698730469,31.979143142700195,72.40146541595459,4.525091588497162,70.427734375,105.15127563476562,81,False,133.30779266357422,36.0,-60.90632724761963,216,2
00-0038589,Josh Whyle,TEN,2025,TE,,3.687074661254883,58.993194580078125,28.275737762451172,44.85532569885254,2.8034578561782837,40.46607208251953,73.80511474609375,46,False,105.7999382019043,12.0,-60.94461250305176,217,2
00-0035249,Josh Oliver,MIN,2025,TE,,3.464482069015503,55.43171310424805,22.39850425720215,44.23246097564697,2.764528810977936,47.24260711669922,71.4197998046875,52,False,105.7999382019043,12.0,-61.567477226257324,218,2
00-0039062,Jonathan Mingo,DAL,2025,WR,,5.227083683013916,83.63333892822266,24.736608505249023,71.26503467559814,4.454064667224884,49.948997497558594,88.5787124633789,84,False,133.30779266357422,36.0,-62.042757987976074,219,2
00-0038046,Charlie Kolar,BAL,2025,TE,,3.6733126640319824,58.77300262451172,30.669841766357422,43.43808174133301,2.714880108833313,22.067628860473633,90.0530014038086,47,False,105.7999382019043,12.0,-62.36185646057129,220,2
00-0036196,Gabe Davis,JAX,2025,WR,,5.643208026885986,90.29132843017578,38.727867126464844,70.92739486694336,4.43296217918396,74.74324798583984,129.72239685058594,79,False,133.30779266357422,36.0,-62.38039779663086,221,2
00-0033895,Gerald Everett,CHI,2025,TE,,3.314511775970459,53.032188415527344,20.616195678710938,42.724090576171875,2.670255661010742,35.8485221862793,68.91140747070312,53,False,105.7999382019043,12.0,-63.07584762573242,222,2
00-0036232,Harrison Bryant,LV,2025,TE,,3.025743007659912,48.411888122558594,11.543164253234863,42.64030599594116,2.6650191247463226,19.915061950683594,41.287254333496094,59,False,105.7999382019043,12.0,-63.159632205963135,223,2
00-0037666,Jalen Tolbert,DAL,2025,WR,,5.365858554840088,85.8537368774414,31.98905372619629,69.85921001434326,4.366200625896454,74.1969223022461,109.09223175048828,83,False,133.30779266357422,36.0,-63.44858264923096,224,2
00-0038794,Jaleel McLaughlin,DEN,2025,RB,,4.621784834861756,73.94855735778809,13.428981962203979,67.2340663766861,4.202129148542881,64.7691279220581,91.1689405822754,69,False,130.98082172154238,24.0,-63.74675534485628,225,1
00-0031687,Raheem Mostert,MIA,2025,RB,,4.510960221290588,72.17536354064941,11.225550413131714,66.56258833408356,4.160161770880222,50.890119552612305,85.14702987670898,70,False,130.98082172154238,24.0,-64.41823338745883,226,1
00-0031585,MyCole Pruitt,PIT,2025,TE,,3.055361270904541,48.885780334472656,15.795269012451172,40.98814582824707,2.561759114265442,28.672748565673828,52.45954132080078,58,False,105.7999382019043,12.0,-64.81179237365723,227,2
00-0033110,Tyler Higbee,LA,2025,TE,,3.2848525047302246,52.557640075683594,23.276464462280273,40.91940784454346,2.557462990283966,47.3080940246582,79.91657257080078,54,False,105.7999382019043,12.0,-64.88053035736084,228,2
00-0036754,Brock Wright,DET,2025,TE,,3.2516305446624756,52.02608871459961,22.483356475830078,40.78441047668457,2.5490256547927856,39.1922607421875,74.06355285644531,55,False,105.7999382019043,12.0,-65.01552772521973,229,2
00-0034981,Foster Moreau,NO,2025,TE,,3.211759090423584,51.388145446777344,21.856260299682617,40.460015296936035,2.528750956058502,52.814910888671875,85.47650909423828,56,False,105.7999382019043,12.0,-65.33992290496826,230,2
00-0033555,Mack Hollins,BUF,2025,WR,,5.13613748550415,82.1781997680664,28.99509620666504,67.68065166473389,4.230040729045868,58.625518798828125,94.73602294921875,88,False,133.30779266357422,36.0,-65.62714099884033,231,2
00-0037291,Jalen Nailor,MIN,2025,WR,,5.063828945159912,81.0212631225586,27.829025268554688,67.10675048828125,4.194171905517578,70.4635009765625,109.56200408935547,89,False,133.30779266357422,36.0,-66.20104217529297,232,2
00-0039386,Bub Means,NO,2025,WR,,4.882615089416504,78.12184143066406,22.359418869018555,66.94213199615479,4.183883249759674,45.52055358886719,80.47514343261719,92,False,133.30779266357422,36.0,-66.36566066741943,233,2
00-0037614,John Metchie III,HOU,2025,WR,,5.16697359085083,82.67157745361328,31.511444091796875,66.91585540771484,4.182240962982178,67.52539825439453,105.8720474243164,86,False,133.30779266357422,36.0,-66.39193725585938,234,2
00-0039890,Adonai Mitchell,IND,2025,WR,,5.225942134857178,83.61507415771484,34.15794372558594,66.53610229492188,4.158506393432617,62.037818908691406,132.18028259277344,85,False,133.30779266357422,36.0,-66.77169036865234,235,2
00-0035243,Miles Sanders,CAR,2025,RB,,4.761922465885118,76.19075945416189,24.463245834596023,63.95913653686387,3.997446033553992,59.642368046723355,96.20698194332762,68,False,130.98082172154238,24.0,-67.02168518467852,236,1
00-0037252,Greg Dulcich,NYG,2025,TE,,2.94905424118042,47.18486785888672,16.878307342529297,38.74571418762207,2.4216071367263794,35.81067657470703,57.13241958618164,60,False,105.7999382019043,12.0,-67.05422401428223,237,2
00-0039798,Isaiah Davis,NYJ,2025,RB,,4.469593105316163,71.5134896850586,15.655716905593872,63.685631232261656,3.9803519520163535,53.36725612640381,89.58330543518066,71,False,130.98082172154238,24.0,-67.29519048928073,238,1
00-0036422,Adam Trautman,DEN,2025,TE,,2.856874465942383,45.709991455078125,15.120145797729492,38.14991855621338,2.384369909763336,32.28961181640625,61.66084671020508,61,False,105.7999382019043,12.0,-67.65001964569092,239,2
00-0033217,Mo Alie-Cox,IND,2025,TE,,3.056241750717163,48.89986801147461,22.397127151489258,37.70130443572998,2.356331527233124,36.406150817871094,64.49658203125,57,False,105.7999382019043,12.0,-68.09863376617432,240,2
00-0033576,Eric Saubert,SF,2025,TE,,2.7869112491607666,44.590579986572266,14.023857116699219,37.578651428222656,2.348665714263916,24.267736434936523,45.021728515625,64,False,105.7999382019043,12.0,-68.22128677368164,241,2
00-0035924,Jonathan Ward,PIT,2025,RB,,4.195697089060784,67.13115342497254,9.36351269787913,62.44939707603298,3.9030873172520613,26.5142865038016,69.01225107390125,76,False,130.98082172154238,24.0,-68.5314246455094,242,1
00-0035216,Diontae Johnson,HOU,2025,WR,,4.884117126464844,78.1458740234375,27.792360305786133,64.24969387054443,4.015605866909027,58.688682556152344,92.47506713867188,91,False,133.30779266357422,36.0,-69.05809879302979,243,2
00-0038720,Julian Hill,MIA,2025,TE,,2.842189073562622,45.47502517700195,17.6861515045166,36.63194942474365,2.2894968390464783,34.704254150390625,62.45761489868164,62,False,105.7999382019043,12.0,-69.16798877716064,244,2
00-0038705,Emari Demercado,ARI,2025,RB,,4.304442873161023,68.87108597057637,14.361797951646738,61.69018699475301,3.8556366871720633,42.4250547456056,85.48535019803423,74,False,130.98082172154238,24.0,-69.29063472678936,245,1
00-0033045,Ezekiel Elliott,DAL,2025,RB,,4.387983075415411,70.20772920664658,17.132902529283715,61.64127794200472,3.852579871375295,62.40437868665295,93.10972757876041,73,False,130.98082172154238,24.0,-69.33954377953766,246,1
00-0032392,Austin Hooper,NE,2025,TE,,2.7158830165863037,43.45412826538086,15.027612686157227,35.940321922302246,2.2462701201438904,40.59805679321289,69.51841735839844,66,False,105.7999382019043,12.0,-69.85961627960205,247,2
00-0032775,Demarcus Robinson,LA,2025,WR,,4.7080793380737305,75.32926940917969,23.889036178588867,63.384751319885254,3.9615469574928284,55.55546188354492,93.25154113769531,93,False,133.30779266357422,36.0,-69.92304134368896,248,2
00-0035662,Marquise Brown,KC,2025,WR,,4.955301284790039,79.28482055664062,32.274051666259766,63.14779472351074,3.9467371702194214,60.648948669433594,92.67790985107422,90,False,133.30779266357422,36.0,-70.15999794006348,249,2
00-0039144,Luke Musgrave,GB,2025,TE,,2.7472057342529297,43.955291748046875,16.8715763092041,35.519503593444824,2.2199689745903015,29.598777770996094,58.394832611083984,65,False,105.7999382019043,12.0,-70.28043460845947,250,2
00-0038783,Nate Adkins,DEN,2025,TE,,2.8165502548217773,45.06480407714844,20.56818389892578,34.78071212768555,2.1737945079803467,34.386966705322266,72.07805633544922,63,False,105.7999382019043,12.0,-71.01922607421875,251,2
00-0038098,Pierre Strong,CLE,2025,RB,,4.391007988617732,70.25612781788371,21.196339590436867,59.65795802266528,3.72862237641658,47.68701384213426,79.64560910480141,72,False,130.98082172154238,24.0,-71.32286369887711,252,1
00-0036984,Trey Sermon,IND,2025,RB,,4.234581501697694,67.75330402716311,16.62367707618698,59.44146548906963,3.7150915930668518,46.26601057456015,74.8729709109307,75,False,130.98082172154238,24.0,-71.53935623247276,253,1
00-0039066,Michael Mayer,LV,2025,TE,,2.644420623779297,42.31072998046875,16.176143646240234,34.22265815734863,2.1389161348342896,33.118194580078125,57.03507995605469,67,False,105.7999382019043,12.0,-71.57728004455566,254,2
00-0034407,Ray-Ray McCloud,ATL,2025,WR,,5.151119709014893,82.41791534423828,41.643306732177734,61.596261978149414,3.8497663736343384,66.26455688476562,110.2679443359375,87,False,133.30779266357422,36.0,-71.7115306854248,255,2
00-0038622,Deuce Vaughn,DAL,2025,RB,,4.012196481227875,64.195143699646,10.109215784072877,59.14053580760956,3.6962834879755975,36.55068222045899,75.60846893310547,79,False,130.98082172154238,24.0,-71.84028591393283,256,1
00-0039021,Roschon Johnson,CHI,2025,RB,,3.972201292514801,63.555220680236815,10.252649955749511,58.42889570236206,3.651805981397629,44.84798477172852,98.4566275024414,80,False,130.98082172154238,24.0,-72.55192601918031,257,1
00-0038824,Ryan Miller,TB,2025,WR,,4.509270191192627,72.14832305908203,23.995838165283203,60.15040397644043,3.759400248527527,46.42749786376953,81.81706237792969,98,False,133.30779266357422,36.0,-73.15738868713379,258,2
00-0030565,Geno Smith,SEA,2025,QB,13.651443,14.473197937011719,197.5800323486328,0.17762313783168793,197.49122077971697,12.34320129873231,181.52757263183594,209.3284912109375,20,False,271.01972246170044,12.0,-73.52850168198347,259,1
00-0037475,Stone Smartt,LAC,2025,TE,,2.3963546752929688,38.3416748046875,13.035392761230469,31.823978424072266,1.9889986515045166,23.79035758972168,55.09842300415039,68,False,105.7999382019043,12.0,-73.97595977783203,260,2
00-0039738,Blake Corum,LA,2025,RB,,4.054305055141449,64.86888088226318,15.749572229385377,56.994094767570495,3.562130922973156,33.208557281494144,76.31801628112792,78,False,130.98082172154238,24.0,-73.9867269539719,261,1
00-0038979,Cedric Tillman,CLE,2025,WR,,4.577127933502197,73.23404693603516,27.852359771728516,59.3078670501709,3.706741690635681,59.150115966796875,87.08287048339844,96,False,133.30779266357422,36.0,-73.99992561340332,262,2
00-0039355,Luke McCaffrey,WAS,2025,WR,,4.022453784942627,64.35926055908203,10.240511894226074,59.239004611968994,3.702437788248062,31.72222137451172,71.36690521240234,103,False,133.30779266357422,36.0,-74.06878805160522,263,2
00-0036628,John Bates,WAS,2025,TE,,2.393634080886841,38.29814529418945,13.438611030578613,31.578839778900146,1.9736774861812592,33.183448791503906,57.28797149658203,69,False,105.7999382019043,12.0,-74.22109842300415,264,2
00-0035567,Craig Reynolds,DET,2025,RB,,3.809341831266024,60.94946930025638,8.663999737616193,56.617469431448285,3.538591839465518,43.729566964966075,71.23205277100237,81,False,130.98082172154238,24.0,-74.3633522900941,265,1
00-0033375,Tim Patrick,DET,2025,WR,,4.536977291107178,72.59163665771484,27.7711124420166,58.70608043670654,3.669130027294159,70.87239837646484,111.13361358642578,97,False,133.30779266357422,36.0,-74.60171222686768,266,2
00-0034798,Durham Smythe,MIA,2025,TE,,2.3710429668426514,37.93668746948242,13.643885612487793,31.114744663238525,1.9446715414524078,28.790058135986328,59.270660400390625,70,False,105.7999382019043,12.0,-74.68519353866577,267,2
00-0039424,Devaughn Vele,DEN,2025,WR,,4.604058742523193,73.6649398803711,30.90517234802246,58.21235370635986,3.6382721066474915,59.257904052734375,91.43260955810547,95,False,133.30779266357422,36.0,-75.09543895721436,268,2
00-0037801,KaVontae Turpin,DAL,2025,WR,,4.459580421447754,71.35328674316406,26.481504440307617,58.112534523010254,3.632033407688141,62.87247848510742,93.00431823730469,99,False,133.30779266357422,36.0,-75.19525814056396,269,2
00-0039530,Brevyn Spann-Ford,DAL,2025,TE,,2.340818405151367,37.453094482421875,14.026004791259766,30.440092086791992,1.9025057554244995,23.98105239868164,40.90689468383789,71,False,105.7999382019043,12.0,-75.3598461151123,270,2
00-0033307,Kendrick Bourne,NE,2025,WR,,4.643354415893555,74.29367065429688,32.944095611572266,57.82162284851074,3.6138514280319214,56.37151336669922,88.90504455566406,94,False,133.30779266357422,36.0,-75.48616981506348,271,2
00-0033526,Samaje Perine,KC,2025,RB,,4.175756959895579,66.81211135832926,22.98882426530184,55.31769922567834,3.457356201604896,51.985316620813016,82.9542077716616,77,False,130.98082172154238,24.0,-75.66312249586404,272,1
00-0039373,Audric Estimé,DEN,2025,RB,,3.721288983821869,59.5406237411499,9.735202102661134,54.67302268981934,3.417063918113709,50.62619895935059,87.02327545166015,84,False,130.98082172154238,24.0,-76.30779903172305,273,1
00-0038611,Chris Rodriguez Jr.,WAS,2025,RB,,3.6183471807904803,57.893554892647686,7.56816324809412,54.109473268600624,3.381842079287539,51.11664291504554,83.1354627745287,86,False,130.98082172154238,24.0,-76.87134845294176,274,1
00-0033955,Jeremy McNichols,WAS,2025,RB,,3.713367150095862,59.41387440153379,11.090323852745332,53.868712475161125,3.3667945296975703,49.69908192837589,83.28584542641975,85,False,130.98082172154238,24.0,-77.11210924638127,275,1
00-0039810,Jermaine Burton,CIN,2025,WR,,4.234620094299316,67.75392150878906,24.410614013671875,55.548614501953125,3.4717884063720703,47.855220794677734,83.70469665527344,100,False,133.30779266357422,36.0,-77.7591781616211,276,2
00-0037539,Lucas Krull,DEN,2025,TE,,2.170454502105713,34.727272033691406,15.346855163574219,27.053844451904297,1.6908652782440186,24.33955955505371,42.95021057128906,73,False,105.7999382019043,12.0,-78.74609375,277,2
00-0039074,Davis Allen,LA,2025,TE,,2.1951401233673096,35.12224197387695,16.29259490966797,26.97594451904297,1.6859965324401855,32.38187026977539,55.16023635864258,72,False,105.7999382019043,12.0,-78.82399368286133,278,2
00-0039907,Ja'Lynn Polk,NE,2025,WR,,3.9801557064056396,63.682491302490234,19.21822166442871,54.07338047027588,3.3795862793922424,36.76465606689453,79.59573364257812,106,False,133.30779266357422,36.0,-79.23441219329834,279,2
00-0038618,Xavier Hutchinson,HOU,2025,WR,,3.9579203128814697,63.326725006103516,18.717201232910156,53.96812438964844,3.3730077743530273,40.90260314941406,82.1612319946289,107,False,133.30779266357422,36.0,-79.33966827392578,280,2
00-0035537,Ty Johnson,BUF,2025,RB,,3.741988834022741,59.87182134436386,16.73172081882704,51.50596093495034,3.219122558434396,46.890470634162796,96.99388660736398,83,False,130.98082172154238,24.0,-79.47486078659205,281,1
00-0039631,Cam Grandy,CIN,2025,TE,,2.0306053161621094,32.48968505859375,12.449356079101562,26.26500701904297,1.6415629386901855,14.367528915405273,41.8773078918457,75,False,105.7999382019043,12.0,-79.53493118286133,282,2
00-0038636,Kenny McIntosh,SEA,2025,RB,,3.3509904083693214,53.61584653390914,4.65121765448409,51.2902377066671,3.2056398566666937,21.650177011744443,58.3587060459667,89,False,130.98082172154238,24.0,-79.69058401487528,283,1
00-0038563,Tre Tucker,LV,2025,WR,,3.9448413848876953,63.117462158203125,19.62160301208496,53.306660652160645,3.3316662907600403,46.640167236328125,77.39141845703125,110,False,133.30779266357422,36.0,-80.00113201141357,284,2
00-0033589,David Moore,CAR,2025,WR,,4.015420436859131,64.2467269897461,21.978717803955078,53.257368087768555,3.3285855054855347,38.00576400756836,76.39447784423828,104,False,133.30779266357422,36.0,-80.05042457580566,285,2
00-0037004,Hunter Long,LA,2025,TE,,1.9023078680038452,30.436925888061523,9.631842613220215,25.621004581451416,1.6013127863407135,21.33066177368164,46.45368576049805,78,False,105.7999382019043,12.0,-80.17893362045288,286,2
00-0038710,Blake Whiteheart,CLE,2025,TE,,1.9675763845443726,31.48122215270996,11.850135803222656,25.556154251098633,1.5972596406936646,20.026275634765625,33.90386962890625,76,False,105.7999382019043,12.0,-80.24378395080566,287,2
00-0039052,Trey Palmer,TB,2025,WR,,4.001368045806885,64.02188873291016,22.46780776977539,52.78798484802246,3.299249053001404,53.00788116455078,84.63203430175781,105,False,133.30779266357422,36.0,-80.51980781555176,288,2
00-0030578,Cordarrelle Patterson,PIT,2025,RB,,3.7679325342178345,60.28692054748535,20.211639404296875,50.181100845336914,3.136318802833557,48.89238166809082,82.93705558776855,82,False,130.98082172154238,24.0,-80.79972087620547,289,1
00-0033246,Johnny Mundt,MIN,2025,TE,,2.037883758544922,32.60614013671875,15.301860809326172,24.955209732055664,1.559700608253479,29.55792808532715,60.303611755371094,74,False,105.7999382019043,12.0,-80.84472846984863,290,2
00-0039150,Bryce Young,CAR,2025,QB,13.046503,14.576658248901367,190.17442321777344,0.022223157808184624,190.16331163886935,11.885206977429334,135.83546447753906,206.4788360595703,21,False,271.01972246170044,12.0,-80.8564108228311,291,1
00-0039880,Malik Washington,MIA,2025,WR,,3.95499587059021,63.27993392944336,21.721939086914062,52.41896438598633,3.2761852741241455,47.7374267578125,76.9178466796875,109,False,133.30779266357422,36.0,-80.88882827758789,292,2
00-0032464,Kalif Raymond,DET,2025,WR,,3.9554426670074463,63.28708267211914,22.25918960571289,52.157487869262695,3.2598429918289185,46.599609375,75.57025146484375,108,False,133.30779266357422,36.0,-81.15030479431152,293,2
00-0039325,Carson Steele,KC,2025,RB,,3.4611824917793275,55.37891986846924,12.558256454467774,49.099791641235356,3.0687369775772098,44.48795783996582,88.12945358276367,87,False,130.98082172154238,24.0,-81.88103008030703,294,1
00-0032211,Tyler Lockett,SEA,2025,WR,,4.059823989868164,64.95718383789062,27.881383895874023,51.01649188995361,3.188530743122101,54.26375961303711,88.0060043334961,102,False,133.30779266357422,36.0,-82.2913007736206,295,2
00-0039236,Johnny Wilson,PHI,2025,WR,,3.742255449295044,59.8760871887207,18.113794326782227,50.81919002532959,3.1761993765830994,42.2398796081543,73.47631072998047,113,False,133.30779266357422,36.0,-82.48860263824463,296,2
00-0039796,Rasheen Ali,BAL,2025,RB,,3.3692374658584594,53.90779945373535,11.049120645523072,48.38323913097382,3.0239524456858637,45.7844909286499,83.9659815979004,88,False,130.98082172154238,24.0,-82.59758259056856,297,1
00-0026498,Matthew Stafford,LA,2025,QB,12.176355,15.474231719970703,188.41973876953125,0.1402241587638855,188.3496266901493,11.771851668134332,168.35333251953125,204.09400939941406,22,False,271.01972246170044,12.0,-82.67009577155113,298,1
00-0036887,Luke Farrell,JAX,2025,TE,,1.8873729705810547,30.197967529296875,14.266284942626953,23.0648250579834,1.4415515661239624,20.906644821166992,41.118247985839844,80,False,105.7999382019043,12.0,-82.7351131439209,299,2
00-0039041,Elijah Higgins,ARI,2025,TE,,1.9223356246948242,30.757369995117188,16.032894134521484,22.740922927856445,1.4213076829910278,30.702436447143555,53.78934097290039,77,False,105.7999382019043,12.0,-83.05901527404785,300,2
00-0033439,Pharaoh Brown,SEA,2025,TE,,1.753820538520813,28.061128616333008,11.172975540161133,22.47464084625244,1.4046650528907776,16.9360294342041,33.29063034057617,82,False,105.7999382019043,12.0,-83.32529735565186,301,2
00-0035406,Lil'Jordan Humphrey,DEN,2025,WR,,3.8521056175231934,61.633689880371094,23.38059425354004,49.943392753601074,3.121462047100067,54.970584869384766,78.260009765625,111,False,133.30779266357422,36.0,-83.36439990997314,302,2
00-0037654,Tucker Fisk,LAC,2025,TE,,1.5970869064331055,25.553390502929688,8.77831745147705,21.164231777191162,1.3227644860744476,15.185343742370605,31.993846893310547,84,False,105.7999382019043,12.0,-84.63570642471313,303,2
00-0031236,Brandin Cooks,DAL,2025,WR,,3.688858985900879,59.02174377441406,20.859010696411133,48.592238426208496,3.037014901638031,45.994483947753906,80.07937622070312,114,False,133.30779266357422,36.0,-84.71555423736572,304,2
00-0035631,Drew Sample,CIN,2025,TE,,1.7850219011306763,28.56035041809082,15.63195514678955,20.744372844696045,1.2965233027935028,25.14795684814453,49.21857833862305,81,False,105.7999382019043,12.0,-85.05556535720825,305,2
00-0034613,Tanner Hudson,CIN,2025,TE,,1.9008764028549194,30.41402244567871,19.68418312072754,20.57193088531494,1.2857456803321838,28.59778594970703,58.33812713623047,79,False,105.7999382019043,12.0,-85.22800731658936,306,2
00-0035208,Olamide Zaccheaus,WAS,2025,WR,,4.086831092834473,65.38929748535156,34.70623779296875,48.03617858886719,3.002261161804199,59.686893463134766,92.67322540283203,101,False,133.30779266357422,36.0,-85.27161407470703,307,2
00-0024243,Marcedes Lewis,CHI,2025,TE,,1.288710594177246,20.619369506835938,2.4844632148742676,19.377137899398804,1.2110711187124252,9.089396476745605,27.058908462524414,87,False,105.7999382019043,12.0,-86.4228003025055,308,2
00-0031690,Eric Tomlinson,LAC,2025,TE,,1.4188988208770752,22.702381134033203,6.651026248931885,19.37686800956726,1.2110542505979538,11.76308536529541,31.577356338500977,85,False,105.7999382019043,12.0,-86.42307019233704,309,2
00-0035973,Patrick Taylor,SF,2025,RB,,2.9754297032134325,47.60687525141492,6.767957375723561,44.22289656355314,2.7639310352220714,35.476927787603216,65.98825307753378,92,False,130.98082172154238,24.0,-86.75792515798923,310,1
00-0038938,Jalin Hyatt,NYG,2025,WR,,3.744934320449829,59.918949127197266,26.93302345275879,46.45243740081787,2.903277337551117,38.49152755737305,77.86945343017578,112,False,133.30779266357422,36.0,-86.85535526275635,311,2
00-0037569,Peyton Hendershot,KC,2025,TE,,1.5988237857818604,25.581180572509766,13.838821411132812,18.66176986694336,1.16636061668396,19.061342239379883,43.410064697265625,83,False,105.7999382019043,12.0,-87.13816833496094,312,2
00-0036345,K.J. Osborn,WAS,2025,WR,,3.2669947147369385,52.271915435791016,12.585107803344727,45.97936153411865,2.8737100958824158,32.0634880065918,60.64667892456055,121,False,133.30779266357422,36.0,-87.32843112945557,313,2
00-0035628,D'Ernest Johnson,JAX,2025,RB,,3.3224983444383582,53.15997351101373,19.078568190444745,43.620689415791354,2.7262930884869596,38.07135014611674,71.63040488956563,90,False,130.98082172154238,24.0,-87.36013230575102,314,1
00-0031484,Chris Manhertz,NYG,2025,TE,,1.276829719543457,20.429275512695312,5.335052013397217,17.761749505996704,1.110109344124794,8.763204574584961,28.12725830078125,88,False,105.7999382019043,12.0,-88.03818869590759,315,2
00-0037509,Sincere McCormick,LV,2025,RB,,3.148007094860077,50.36811351776123,15.03756425857544,42.84933138847351,2.6780832117795943,52.40209083557129,96.78941558837892,91,False,130.98082172154238,24.0,-88.13149033306888,316,1
00-0037085,Tyler Badie,DEN,2025,RB,,2.9432181688631176,47.09149070180988,8.526499436050143,42.82824098378481,2.6767650614865506,32.49543278189574,70.58806446004942,95,False,130.98082172154238,24.0,-88.15258073775757,317,1
00-0039589,Kameron Johnson,TB,2025,WR,,3.4395501613616943,55.03280258178711,19.93234634399414,45.06662940979004,2.8166643381118774,21.789459228515625,71.69345092773438,117,False,133.30779266357422,36.0,-88.24116325378418,318,2
00-0037557,Ronnie Rivers,LA,2025,RB,,2.892468344225286,46.27949350760458,7.984710192650985,42.28713841127909,2.642946150704943,33.00403521770814,62.82219717554488,96,False,130.98082172154238,24.0,-88.6936833102633,319,1
00-0034272,Marquez Valdes-Scantling,NO,2025,WR,,3.245978593826294,51.9356575012207,15.211470603942871,44.32992219924927,2.7706201374530792,38.73627853393555,75.41053771972656,123,False,133.30779266357422,36.0,-88.97787046432495,320,2
00-0034775,Christian Kirk,JAX,2025,WR,,3.4499928951263428,55.199886322021484,22.070743560791016,44.16451454162598,2.7602821588516235,66.51834106445312,105.91889953613281,116,False,133.30779266357422,36.0,-89.14327812194824,321,2
00-0037594,Julius Chestnut,TEN,2025,RB,,2.9547089672088624,47.2753434753418,10.895430440902711,41.82762825489044,2.6142267659306526,23.414333629608155,56.74738368988037,94,False,130.98082172154238,24.0,-89.15319346665194,322,1
00-0038394,Will Mallory,IND,2025,TE,,1.30202054977417,20.83232879638672,9.301485061645508,16.181586265563965,1.0113491415977478,12.718214988708496,25.652145385742188,86,False,105.7999382019043,12.0,-89.61835193634033,323,2
00-0035215,Deonte Harty,BAL,2025,WR,,3.3876965045928955,54.20314407348633,21.276254653930664,43.565016746520996,2.7228135466575623,35.71983337402344,78.87109375,118,False,133.30779266357422,36.0,-89.74277591705322,324,2
00-0034073,Ross Dwelley,ATL,2025,TE,,1.061336636543274,16.981386184692383,4.096809387207031,14.932981491088867,0.9333113431930542,7.229717254638672,22.372756958007812,92,False,105.7999382019043,12.0,-90.86695671081543,325,2
00-0033009,Tyler Boyd,TEN,2025,WR,,3.328773260116577,53.260372161865234,21.858125686645508,42.33130931854248,2.645706832408905,44.28221893310547,74.0081558227539,120,False,133.30779266357422,36.0,-90.97648334503174,326,2
00-0036415,Van Jefferson,PIT,2025,WR,,3.505073308944702,56.081172943115234,27.583194732666016,42.28957557678223,2.643098473548889,49.333518981933594,88.63990783691406,115,False,133.30779266357422,36.0,-91.01821708679199,327,2
00-0038647,Ronnie Bell,SF,2025,WR,,3.1878602504730225,51.00576400756836,17.723915100097656,42.14380645751953,2.6339879035949707,31.234947204589844,57.55911636352539,126,False,133.30779266357422,36.0,-91.16398620605469,328,2
00-0036425,DeeJay Dallas,ARI,2025,RB,,2.9605811519185457,47.36929843069673,15.189772103124902,39.774412379134276,2.4859007736958922,31.43208163353452,70.72496265518429,93,False,130.98082172154238,24.0,-91.20640934240811,329,1
00-0037304,Connor Heyward,PIT,2025,TE,,1.0693042278289795,17.108867645263672,5.96155309677124,14.128091096878052,0.8830056935548782,11.456032752990723,28.344989776611328,91,False,105.7999382019043,12.0,-91.67184710502625,330,2
00-0034928,Steven Sims,BAL,2025,WR,,3.244596242904663,51.91353988647461,20.723081588745117,41.55199909210205,2.596999943256378,32.28154373168945,70.08735656738281,124,False,133.30779266357422,36.0,-91.75579357147217,331,2
00-0036825,Feleipe Franks,CAR,2025,TE,,0.9579836130142212,15.327737808227539,3.095221519470215,13.780127048492432,0.861257940530777,6.8978400230407715,21.834705352783203,95,False,105.7999382019043,12.0,-92.01981115341187,332,2
00-0039648,David Martin-Robinson,TEN,2025,TE,,0.9930909276008606,15.88945484161377,4.926414489746094,13.426247596740723,0.8391404747962952,6.6963348388671875,17.38041877746582,94,False,105.7999382019043,12.0,-92.37369060516357,333,2
00-0036510,Kenny Yeboah,NYJ,2025,TE,,1.0211596488952637,16.33855438232422,6.042575836181641,13.317266464233398,0.8323291540145874,9.756888389587402,23.79888916015625,93,False,105.7999382019043,12.0,-92.4826717376709,334,2
00-0038809,Ben Sims,GB,2025,TE,,1.0908153057098389,17.453044891357422,8.813713073730469,13.046188354492188,0.8153867721557617,11.421353340148926,29.02664566040039,90,False,105.7999382019043,12.0,-92.75374984741211,335,2
00-0039814,Erick All,CIN,2025,TE,,1.1456533670425415,18.330453872680664,10.61098575592041,13.024960994720459,0.8140600621700287,21.29235076904297,39.5984001159668,89,False,105.7999382019043,12.0,-92.77497720718384,336,2
00-0034777,DJ Chark,LAC,2025,WR,,2.9849741458892822,47.759586334228516,14.772442817687988,40.37336492538452,2.5233353078365326,27.241777420043945,57.71552276611328,130,False,133.30779266357422,36.0,-92.9344277381897,337,2
00-0036182,Nick Westbrook-Ikhine,TEN,2025,WR,,3.229212760925293,51.66740417480469,22.61039924621582,40.36220455169678,2.5226377844810486,53.22832107543945,92.28121185302734,125,False,133.30779266357422,36.0,-92.94558811187744,338,2
00-0031549,Nelson Agholor,BAL,2025,WR,,3.252079725265503,52.03327560424805,24.054031372070312,40.00625991821289,2.5003912448883057,48.674224853515625,80.82642364501953,122,False,133.30779266357422,36.0,-93.30153274536133,339,2
00-0038465,Malik Heath,GB,2025,WR,,3.095932722091675,49.5349235534668,19.15082550048828,39.959510803222656,2.497469425201416,41.435359954833984,71.54788970947266,128,False,133.30779266357422,36.0,-93.34828186035156,340,2
00-0039737,Tip Reiman,ARI,2025,TE,,0.9413535594940186,15.061656951904297,5.320980072021484,12.401166915893555,0.7750729322433472,10.563462257385254,21.58550262451172,97,False,105.7999382019043,12.0,-93.39877128601074,341,2
00-0034521,Allen Lazard,NYJ,2025,WR,,3.1454215049743652,50.326744079589844,21.97856330871582,39.337462425231934,2.458591401576996,49.55689239501953,88.195068359375,127,False,133.30779266357422,36.0,-93.97033023834229,342,2
00-0036332,Josiah Deguara,JAX,2025,TE,,0.8892274498939514,14.227639198303223,4.916112899780273,11.769582748413086,0.7355989217758179,5.610997200012207,18.76283836364746,99,False,105.7999382019043,12.0,-94.03035545349121,343,2
00-0037276,Ty Chandler,MIN,2025,RB,,2.6170168233945876,41.8722691743134,9.951257563068147,36.896640392779325,2.306040024548708,29.8375932192166,57.95805701645493,99,False,130.98082172154238,24.0,-94.08418132876307,344,1
00-0038643,Brayden Willis,SF,2025,TE,,0.8982834219932556,14.37253475189209,5.52721643447876,11.60892653465271,0.7255579084157944,7.3801045417785645,20.7496395111084,98,False,105.7999382019043,12.0,-94.19101166725159,345,2
00-0037132,Britain Covey,PHI,2025,WR,,2.795457363128662,44.727317810058594,11.321640968322754,39.06649732589722,2.441656082868576,24.987590789794922,53.030113220214844,135,False,133.30779266357422,36.0,-94.241295337677,346,2
00-0033536,Mike Williams,PIT,2025,WR,,3.000054359436035,48.00086975097656,17.929746627807617,39.035996437072754,2.439749777317047,41.87451171875,71.06731414794922,129,False,133.30779266357422,36.0,-94.27179622650146,347,2
00-0037487,Deven Thompkins,CAR,2025,WR,,3.3644442558288574,53.83110809326172,29.960691452026367,38.850762367248535,2.4281726479530334,35.21883773803711,79.37922668457031,119,False,133.30779266357422,36.0,-94.45703029632568,348,2
00-0037348,Tanner Conner,MIA,2025,TE,,0.9456680417060852,15.130688667297363,7.9191575050354,11.171109914779663,0.6981943696737289,11.268840789794922,25.14684295654297,96,False,105.7999382019043,12.0,-94.62882828712463,349,2
00-0037300,Mike Woods,CLE,2025,WR,,2.6824777126312256,42.91964340209961,10.616128921508789,37.611578941345215,2.350723683834076,24.56616973876953,49.846004486083984,137,False,133.30779266357422,36.0,-95.696213722229,350,2
00-0039420,Jaheim Bell,NE,2025,TE,,0.6609438061714172,10.575100898742676,2.76584792137146,9.192176938056946,0.5745110586285591,10.244338989257812,24.884191513061523,101,False,105.7999382019043,12.0,-96.60776126384735,351,2
00-0035291,Trayveon Williams,CIN,2025,RB,,2.25594327088499,36.09509233415984,3.5606422164895455,34.31477122591507,2.1446732016196917,15.3838705007121,39.7072757225115,100,False,130.98082172154238,24.0,-96.66605049562732,352,1
00-0038576,Charlie Jones,CIN,2025,WR,,2.8299975395202637,45.27996063232422,17.582944869995117,36.48848819732666,2.2805305123329163,25.1153564453125,51.95423126220703,132,False,133.30779266357422,36.0,-96.81930446624756,353,2
00-0037120,Tyler Goodson,IND,2025,RB,,2.677961347103119,42.8473815536499,17.606116542816164,34.04432328224182,2.1277702051401137,36.955324516296386,64.58406158447266,97,False,130.98082172154238,24.0,-96.93649843930056,354,1
00-0036741,Jack Stoll,PHI,2025,TE,,0.6615166664123535,10.584266662597656,4.2565836906433105,8.455974817276001,0.5284984260797501,4.303774833679199,19.14640998840332,100,False,105.7999382019043,12.0,-97.3439633846283,355,2
00-0033948,Jamaal Williams,NO,2025,RB,,2.6594602815293844,42.55136450447015,17.889521645748967,33.606603681595665,2.100412730099729,33.692218443226274,81.46957564623531,98,False,130.98082172154238,24.0,-97.37421803994673,356,1
00-0023459,Aaron Rodgers,NYJ,2025,QB,12.338245,14.083121299743652,173.76100158691406,0.25517889857292175,173.6334121376276,10.852088258601725,154.2151336669922,181.54344177246094,23,False,271.01972246170044,12.0,-97.38631032407284,357,1
00-0033943,Josh Reynolds,JAX,2025,WR,,2.7197792530059814,43.5164680480957,15.224092483520508,35.90442180633545,2.2440263628959656,32.32218933105469,58.360572814941406,136,False,133.30779266357422,36.0,-97.40337085723877,358,2
00-0036646,Simi Fehoko,LAC,2025,WR,,2.815342664718628,45.04548263549805,19.456459045410156,35.31725311279297,2.2073283195495605,33.00306701660156,64.39134216308594,133,False,133.30779266357422,36.0,-97.99053955078125,359,2
00-0039912,Ben Sinnott,WAS,2025,TE,,0.5813851356506348,9.302162170410156,3.7859184741973877,7.409202933311462,0.4630751833319664,9.02962589263916,30.520933151245117,102,False,105.7999382019043,12.0,-98.39073526859283,360,2
00-0032385,Sterling Shepard,TB,2025,WR,,2.95151686668396,47.22426986694336,25.58403778076172,34.4322509765625,2.1520156860351562,45.00932693481445,77.35518646240234,131,False,133.30779266357422,36.0,-98.87554168701172,361,2
00-0036429,Charlie Woerner,ATL,2025,TE,,0.5455136299133301,8.728218078613281,5.0141682624816895,6.2211339473724365,0.3888208717107773,8.146471977233887,26.982099533081055,103,False,105.7999382019043,12.0,-99.57880425453186,362,2
00-0039365,Jacob Cowing,SF,2025,WR,,2.461874008178711,39.389984130859375,11.978436470031738,33.400765895843506,2.087547868490219,28.166746139526367,49.021385192871094,141,False,133.30779266357422,36.0,-99.90702676773071,363,2
00-0039686,Colson Yankoff,WAS,2025,TE,,0.3191075921058655,5.105721473693848,0.03357856348156929,5.088932191953063,0.31805826199706644,4.263123035430908,18.701086044311523,104,False,105.7999382019043,12.0,-100.71100600995123,364,2
00-0038640,Jalen Brooks,DAL,2025,WR,,2.5061960220336914,40.09913635253906,15.021228790283203,32.58852195739746,2.0367826223373413,39.06598663330078,72.99683380126953,140,False,133.30779266357422,36.0,-100.71927070617676,365,2
00-0034860,Dante Pettis,NO,2025,WR,,2.5520520210266113,40.83283233642578,17.080917358398438,32.29237365722656,2.01827335357666,31.945682525634766,63.53226852416992,139,False,133.30779266357422,36.0,-101.01541900634766,366,2
00-0036268,Laviska Shenault Jr.,SEA,2025,WR,,2.813671112060547,45.01873779296875,25.779035568237305,32.1292200088501,2.008076250553131,14.976679801940918,49.39688491821289,134,False,133.30779266357422,36.0,-101.17857265472412,367,2
00-0038104,Tyquan Thornton,NE,2025,WR,,2.409644842147827,38.554317474365234,13.392119407653809,31.85825777053833,1.9911411106586456,28.518035888671875,49.98759078979492,143,False,133.30779266357422,36.0,-101.44953489303589,368,2
00-0034646,Brandon Powell,MIN,2025,WR,,2.2934181690216064,36.6946907043457,10.311229705810547,31.53907585144043,1.9711922407150269,14.885071754455566,34.753204345703125,148,False,133.30779266357422,36.0,-101.76871681213379,369,2
00-0035341,Trenton Irwin,CIN,2025,WR,,2.5523905754089355,40.83824920654297,18.929494857788086,31.373501777648926,1.9608438611030579,24.302034378051758,56.98012924194336,138,False,133.30779266357422,36.0,-101.9342908859253,370,2
00-0034115,Jeff Wilson,MIA,2025,RB,,2.1940501009920212,35.10480161587234,12.476753147727084,28.8664250420088,1.80415156512555,30.443323102555482,67.57919980158144,101,False,130.98082172154238,24.0,-102.11439667953358,371,1
00-0037429,Raheem Blackshear,CAR,2025,RB,,1.9833236089085653,31.733177742537045,6.035151058526011,28.71560221327404,1.7947251383296274,17.76639014073711,55.66743381508078,103,False,130.98082172154238,24.0,-102.26521950826834,372,1
00-0036635,Ihmir Smith-Marsette,NYG,2025,WR,,2.339608907699585,37.43374252319336,13.12158489227295,30.872950077056885,1.9295593798160553,23.322832107543945,41.703330993652344,145,False,133.30779266357422,36.0,-102.43484258651733,373,2
00-0037231,Kevin Austin Jr.,NO,2025,WR,,2.2753260135650635,36.405216217041016,11.307645797729492,30.75139331817627,1.9219620823860168,21.19431495666504,52.13859939575195,150,False,133.30779266357422,36.0,-102.55639934539795,374,2
00-0037837,Calvin Austin III,PIT,2025,WR,,2.3146350383758545,37.03416061401367,12.86579704284668,30.601262092590332,1.9125788807868958,36.07602310180664,72.0123291015625,147,False,133.30779266357422,36.0,-102.70653057098389,375,2
00-0039410,Ryan Flournoy,DAL,2025,WR,,2.254704236984253,36.07526779174805,11.104015350341797,30.52326011657715,1.9077037572860718,21.56270408630371,41.8515739440918,151,False,133.30779266357422,36.0,-102.78453254699707,376,2
00-0038941,Tyler Scott,CHI,2025,WR,,2.417952537536621,38.68724060058594,16.759599685668945,30.307440757751465,1.8942150473594666,26.220169067382812,58.656185150146484,142,False,133.30779266357422,36.0,-103.00035190582275,377,2
00-0037617,Hassan Haskins,LAC,2025,RB,,2.007217567893922,32.11548108630275,9.492242911578366,27.369359630513564,1.7105849769070978,21.296733416074925,46.21938127244849,102,False,130.98082172154238,24.0,-103.61146209102881,378,1
00-0039623,Mason Tipton,NO,2025,WR,,2.2520809173583984,36.033294677734375,12.753046035766602,29.656771659851074,1.8535482287406921,28.741819381713867,70.40056610107422,152,False,133.30779266357422,36.0,-103.65102100372314,379,2
00-0038573,Derius Davis,LAC,2025,WR,,2.2830660343170166,36.529056549072266,14.057440757751465,29.500336170196533,1.8437710106372833,25.638545989990234,50.88238525390625,149,False,133.30779266357422,36.0,-103.80745649337769,380,2
00-0036590,Quintin Morris,BUF,2025,TE,,0.16838574409484863,2.694171905517578,2.1808595657348633,1.6037421226501465,0.10023388266563416,5.789397239685059,17.704986572265625,105,False,105.7999382019043,12.0,-104.19619607925415,381,2
00-0034386,Justin Watson,KC,2025,WR,,2.3435347080230713,37.49655532836914,17.0592041015625,28.96695327758789,1.8104345798492432,40.83171081542969,69.45204162597656,144,False,133.30779266357422,36.0,-104.34083938598633,382,2
00-0031235,Odell Beckham Jr.,MIA,2025,WR,,2.3299996852874756,37.27999496459961,17.086328506469727,28.736830711364746,1.7960519194602966,25.21030044555664,54.48408508300781,146,False,133.30779266357422,36.0,-104.57096195220947,383,2
00-0039379,Jamari Thrash,CLE,2025,WR,,2.1347339153289795,34.15574264526367,11.275742530822754,28.517871379852295,1.7823669612407684,19.7764835357666,37.13188934326172,154,False,133.30779266357422,36.0,-104.78992128372192,384,2
00-0039751,Jordan Whittington,LA,2025,WR,,2.2308974266052246,35.694358825683594,14.83084774017334,28.278934955596924,1.7674334347248077,31.27223014831543,54.111671447753906,153,False,133.30779266357422,36.0,-105.0288577079773,385,2
00-0039407,Dylan Laube,LV,2025,RB,,1.932710804684696,30.923372874955135,10.259907424719183,25.793419162595544,1.6120886976622215,10.7677977586429,38.57854736466509,104,False,130.98082172154238,24.0,-105.18740255894684,386,1
00-0039364,Sione Vaki,DET,2025,RB,,1.772546706199646,28.360747299194337,5.44831048488617,25.63659205675125,1.6022870035469532,18.845400123596193,45.744284057617186,105,False,130.98082172154238,24.0,-105.34422966479113,387,1
00-0038128,Malik Willis,GB,2025,QB,13.531379,12.19387435913086,164.99993896484375,0.40756264328956604,164.79615764319897,10.299759852699935,97.06339263916016,180.15213012695312,24,False,271.01972246170044,12.0,-106.22356481850147,388,1
00-0029604,Kirk Cousins,ATL,2025,QB,11.128889,14.771562576293945,164.39108276367188,0.0,164.39108276367188,10.274442672729492,148.84471130371094,181.56517028808594,25,False,271.01972246170044,12.0,-106.62863969802856,389,1
00-0038496,Xavier Gipson,NYJ,2025,WR,,1.9933198690414429,31.893117904663086,10.804471015930176,26.490882396697998,1.6556801497936249,22.30261993408203,46.5832633972168,157,False,133.30779266357422,36.0,-106.81691026687622,390,2
00-0035639,Parris Campbell,PHI,2025,WR,,2.1289453506469727,34.06312561035156,17.104198455810547,25.51102638244629,1.594439148902893,31.819618225097656,65.0167236328125,155,False,133.30779266357422,36.0,-107.79676628112793,391,2
00-0035298,Scott Miller,PIT,2025,WR,,1.9594945907592773,31.351913452148438,12.816068649291992,24.94387912750244,1.5589924454689026,21.619651794433594,46.23649215698242,159,False,133.30779266357422,36.0,-108.36391353607178,392,2
00-0038678,Jordan Mims,NO,2025,RB,,1.6918843509602597,27.070149615364155,9.311536551011416,22.414381339858444,1.4008988337411528,15.297168871307113,38.85712645980448,106,False,130.98082172154238,24.0,-108.56644038168395,393,1
00-0039650,Bryce Oliver,TEN,2025,WR,,1.7238925695419312,27.5822811126709,5.904860496520996,24.6298508644104,1.53936567902565,8.13575553894043,29.78777503967285,167,False,133.30779266357422,36.0,-108.67794179916382,394,2
00-0039451,Isaiah Williams,CIN,2025,WR,,1.8030625581741333,28.849000930786133,9.854484558105469,23.9217586517334,1.4951099157333374,13.975914001464844,31.833993911743164,162,False,133.30779266357422,36.0,-109.38603401184082,395,2
00-0036620,Dee Eskridge,MIA,2025,WR,,1.7595487833023071,28.152780532836914,8.861429214477539,23.722065925598145,1.482629120349884,15.870725631713867,35.68244171142578,164,False,133.30779266357422,36.0,-109.58572673797607,396,2
00-0036497,Tim Jones,JAX,2025,WR,,1.7002216577529907,27.20354652404785,7.464536190032959,23.471278429031372,1.4669549018144608,16.002544403076172,31.368419647216797,168,False,133.30779266357422,36.0,-109.83651423454285,397,2
00-0033857,JuJu Smith-Schuster,KC,2025,WR,,1.9769333600997925,31.63093376159668,16.322662353515625,23.469602584838867,1.4668501615524292,36.305084228515625,66.75193786621094,158,False,133.30779266357422,36.0,-109.83819007873535,398,2
00-0036950,Avery Williams,ATL,2025,RB,,1.3660919540863508,21.857471265381612,1.893021892651885,20.91096031905567,1.3069350199409793,4.126825484041479,38.90092718120473,109,False,130.98082172154238,24.0,-110.06986140248671,399,1
00-0036862,Ben Skowronek,PIT,2025,WR,,1.7458319664001465,27.933311462402344,9.549991607666016,23.158315658569336,1.4473947286605835,10.865860939025879,30.413267135620117,166,False,133.30779266357422,36.0,-110.14947700500488,400,2
00-0031941,Jamison Crowder,WAS,2025,WR,,1.7939567565917969,28.70330810546875,11.828311920166016,22.789152145385742,1.4243220090866089,17.15703773498535,46.81271743774414,163,False,133.30779266357422,36.0,-110.51864051818848,401,2
00-0033854,Dare Ogunbowale,HOU,2025,RB,,1.6325880028628714,26.121408045805943,11.325941043843315,20.458437523884285,1.2786523452427678,16.57495728935957,48.89822004685085,107,False,130.98082172154238,24.0,-110.5223841976581,402,1
00-0036387,Jalen Reagor,LAC,2025,WR,,1.848760724067688,29.580171585083008,13.816413879394531,22.671964645385742,1.4169977903366089,19.261722564697266,39.98991394042969,160,False,133.30779266357422,36.0,-110.63582801818848,403,2
00-0033891,Zay Jones,ARI,2025,WR,,2.012105703353882,32.19369125366211,19.344913482666016,22.5212345123291,1.4075771570205688,28.926162719726562,60.368534088134766,156,False,133.30779266357422,36.0,-110.78655815124512,404,2
00-0037156,Irvin Charles,NYJ,2025,WR,,1.6671679019927979,26.674686431884766,8.960877418518066,22.194247722625732,1.3871404826641083,7.148380756378174,28.063594818115234,171,False,133.30779266357422,36.0,-111.11354494094849,405,2
00-0038396,Eric Gray,NYG,2025,RB,,1.4795877708628276,23.67340433380524,8.503700194531806,19.421554236539336,1.2138471397837085,15.524370020175128,36.25535355306178,108,False,130.98082172154238,24.0,-111.55926748500305,406,1
00-0039853,Javon Baker,NE,2025,WR,,1.695968508720398,27.135496139526367,10.854324340820312,21.70833396911621,1.3567708730697632,16.561826705932617,39.352783203125,169,False,133.30779266357422,36.0,-111.59945869445801,407,2
00-0036264,Jordan Love,GB,2025,QB,11.659276,13.678478240966797,159.4811553955078,0.3009248971939087,159.33069294691086,9.958168309181929,134.7279815673828,180.9586944580078,26,False,271.01972246170044,12.0,-111.68902951478958,408,1
00-0035021,Ashton Dulin,IND,2025,WR,,1.637771487236023,26.204343795776367,9.656310081481934,21.3761887550354,1.3360117971897125,17.267045974731445,39.09280776977539,174,False,133.30779266357422,36.0,-111.93160390853882,409,2
00-0031428,Allen Robinson,DET,2025,WR,,1.6584367752075195,26.534988403320312,10.558578491210938,21.255699157714844,1.3284811973571777,14.34571361541748,43.56037139892578,172,False,133.30779266357422,36.0,-112.05209350585938,410,2
00-0036331,Devin Duvernay,JAX,2025,WR,,1.6115505695343018,25.784809112548828,9.648548126220703,20.960535049438477,1.3100334405899048,14.486149787902832,35.55411911010742,176,False,133.30779266357422,36.0,-112.34725761413574,411,2
00-0036955,Terrace Marshall Jr.,LV,2025,WR,,1.6197764873504639,25.916423797607422,10.762312889099121,20.53526735305786,1.2834542095661163,22.818815231323242,41.9609375,175,False,133.30779266357422,36.0,-112.77252531051636,412,2
00-0034419,Braxton Berrios,MIA,2025,WR,,1.642961859703064,26.287389755249023,11.849034309387207,20.36287260055542,1.2726795375347137,17.64691734313965,38.07001876831055,173,False,133.30779266357422,36.0,-112.9449200630188,413,2
00-0038752,Jake Bobo,SEA,2025,WR,,1.4562463760375977,23.299942016601562,7.0045647621154785,19.797659635543823,1.237353727221489,12.098106384277344,36.634490966796875,180,False,133.30779266357422,36.0,-113.5101330280304,414,2
00-0036630,Tylan Wallace,BAL,2025,WR,,1.8088622093200684,28.941795349121094,18.572959899902344,19.655315399169922,1.2284572124481201,38.015560150146484,67.57672119140625,161,False,133.30779266357422,36.0,-113.6524772644043,415,2
00-0038519,Nikko Remigio,KC,2025,WR,,1.3773176670074463,22.03708267211914,5.782330513000488,19.145917415618896,1.196619838476181,15.546512603759766,31.410926818847656,183,False,133.30779266357422,36.0,-114.16187524795532,416,2
00-0035976,Dan Chisena,CAR,2025,WR,,1.5693235397338867,25.109176635742188,12.025660514831543,19.096346378326416,1.193521648645401,10.765342712402344,37.90812683105469,177,False,133.30779266357422,36.0,-114.2114462852478,417,2
00-0038738,Hunter Luepke,DAL,2025,RB,,1.3504704066101287,21.60752650576206,9.78571289121248,16.714670060155818,1.0446668787597386,11.802439342808185,37.10230473042514,110,False,130.98082172154238,24.0,-114.26615166138657,418,1
00-0039920,Malachi Corley,NYJ,2025,WR,,1.5070832967758179,24.113332748413086,10.755705833435059,18.735479831695557,1.1709674894809723,11.628754615783691,34.816383361816406,179,False,133.30779266357422,36.0,-114.57231283187866,419,2
00-0036527,DJ Turner,LV,2025,WR,,1.54717218875885,24.7547550201416,12.497881889343262,18.50581407546997,1.1566133797168732,23.538021087646484,49.436370849609375,178,False,133.30779266357422,36.0,-114.80197858810425,420,2
00-0034418,Cedrick Wilson Jr.,NO,2025,WR,,1.754101276397705,28.06562042236328,20.10065460205078,18.01529312133789,1.1259558200836182,23.208295822143555,51.55817413330078,165,False,133.30779266357422,36.0,-115.29249954223633,421,2
00-0038821,Rakim Jarrett,TB,2025,WR,,1.338296890258789,21.412750244140625,8.023519515991211,17.40099048614502,1.0875619053840637,22.819509506225586,47.203147888183594,185,False,133.30779266357422,36.0,-115.9068021774292,422,2
00-0038359,Xavier Smith,LA,2025,WR,,1.3618524074554443,21.78963851928711,8.981575965881348,17.298850536346436,1.0811781585216522,12.397377014160156,31.83749771118164,184,False,133.30779266357422,36.0,-116.00894212722778,423,2
00-0039244,Chris Collier,LV,2025,RB,,1.048080661817416,16.769290589078658,3.7524199115585413,14.893080633299387,0.9308175395812117,8.107360600792,30.722290282148272,111,False,130.98082172154238,24.0,-116.08774108824299,424,1
00-0034208,Mike Boone,CAR,2025,RB,,0.9846113563685446,15.753781701896713,2.4857461646499086,14.51090861957176,0.906931788723235,11.635892319258232,42.565034456742616,113,False,130.98082172154238,24.0,-116.46991310197062,425,1
00-0037093,Dareke Young,SEA,2025,WR,,1.1809924840927124,18.8958797454834,4.925361633300781,16.433198928833008,1.027074933052063,3.651597499847412,19.021318435668945,188,False,133.30779266357422,36.0,-116.87459373474121,426,2
00-0037742,Treylon Burks,TEN,2025,WR,,1.3143672943115234,21.029876708984375,9.731200218200684,16.164276599884033,1.010267287492752,12.185491561889648,39.70576477050781,186,False,133.30779266357422,36.0,-117.14351606369019,427,2
00-0030431,Robert Woods,HOU,2025,WR,,1.4400994777679443,23.04159164428711,13.91291618347168,16.08513355255127,1.0053208470344543,26.853759765625,55.495765686035156,181,False,133.30779266357422,36.0,-117.22265911102295,428,2
00-0034054,River Cracraft,MIA,2025,WR,,1.3791066408157349,22.065706253051758,12.224095344543457,15.95365858078003,0.9971036612987518,14.838031768798828,36.97761535644531,182,False,133.30779266357422,36.0,-117.35413408279419,429,2
00-0035311,Myles Gaskin,MIN,2025,RB,,1.0355492549779723,16.568788079647558,7.001875733180375,13.067850213057369,0.8167406383160856,10.565628260835076,31.650512209663155,112,False,130.98082172154238,24.0,-117.91297150848501,430,1
00-0036133,James Proche,CLE,2025,WR,,1.2025835514068604,19.241336822509766,7.895152568817139,15.293760538101196,0.9558600336313248,5.624606132507324,27.893421173095703,187,False,133.30779266357422,36.0,-118.01403212547302,431,2
00-0038477,Bryce Ford-Wheaton,NYG,2025,WR,,1.1188452243804932,17.90152359008789,7.503114700317383,14.1499662399292,0.884372889995575,13.457944869995117,34.411190032958984,189,False,133.30779266357422,36.0,-119.15782642364502,432,2
00-0034854,KhaDarel Hodge,ATL,2025,WR,,0.9878719449043274,15.805951118469238,4.294050693511963,13.658925771713257,0.8536828607320786,8.37637710571289,30.404104232788086,191,False,133.30779266357422,36.0,-119.64886689186096,433,2
00-0035140,Mecole Hardman,KC,2025,WR,,1.6954940557479858,27.127904891967773,27.343137741088867,13.45633602142334,0.8410210013389587,17.723268508911133,53.7338752746582,170,False,133.30779266357422,36.0,-119.85145664215088,434,2
00-0035602,Alex Bachman,LV,2025,WR,,0.9170657396316528,14.673051834106445,4.170172214508057,12.587965726852417,0.7867478579282761,1.1498262882232666,24.798534393310547,194,False,133.30779266357422,36.0,-120.7198269367218,435,2
00-0036254,Collin Johnson,CHI,2025,WR,,0.9486557841300964,15.178492546081543,5.644127368927002,12.356428861618042,0.7722768038511276,8.001492500305176,22.927547454833984,192,False,133.30779266357422,36.0,-120.95136380195618,436,2
00-0035806,JaMycal Hasty,NE,2025,RB,,0.8239399812035493,13.183039699256788,6.789000850556079,9.78853927397875,0.6117837046236718,8.970587553680964,28.306996966393985,114,False,130.98082172154238,24.0,-121.19228244756363,437,1
00-0036877,Jaelon Darden,SEA,2025,WR,,0.9276506900787354,14.842411041259766,5.806740760803223,11.939040660858154,0.7461900413036346,7.0125017166137695,24.784839630126953,193,False,133.30779266357422,36.0,-121.36875200271606,438,2
00-0039816,Anthony Gould,IND,2025,WR,,1.013319492340088,16.213111877441406,8.671350479125977,11.877436637878418,0.7423397898674011,13.477335929870605,31.51511001586914,190,False,133.30779266357422,36.0,-121.4303560256958,439,2
00-0039614,Jermaine Jackson,NO,2025,WR,,0.8328374028205872,13.325398445129395,5.307947635650635,10.671424627304077,0.6669640392065048,6.1378607749938965,21.092924118041992,195,False,133.30779266357422,36.0,-122.63636803627014,440,2
00-0039392,Jha'Quan Jackson,TEN,2025,WR,,0.666050136089325,10.6568021774292,3.8532278537750244,8.730188250541687,0.5456367656588554,5.643736839294434,18.73238182067871,196,False,133.30779266357422,36.0,-124.57760441303253,441,2
00-0036727,Adam Prentice,NO,2025,RB,,0.3706705394884971,5.9307286318159536,2.466290917778407,4.69758317292675,0.2935989483079219,2.8856157547459875,17.32069121757001,116,False,130.98082172154238,24.0,-126.28323854861563,442,1
00-0035594,Travis Homer,CHI,2025,RB,,0.3742197162469799,5.987515459951679,3.011051626655845,4.481989646623757,0.2801243529139848,2.786455844579536,23.646853036508425,115,False,130.98082172154238,24.0,-126.49883207491862,443,1
00-0031280,Derek Carr,NO,2025,QB,11.01031,13.081490516662598,144.03126525878906,0.33474159240722656,143.86389446258545,8.99149340391159,126.49710083007812,157.55941772460938,27,False,271.01972246170044,12.0,-127.15582799911499,444,1
00-0036176,Mason Kinsey,TEN,2025,WR,,0.40866661071777344,6.538665771484375,1.1545741558074951,5.961378693580627,0.3725861683487892,0.0,13.238557815551758,199,False,133.30779266357422,36.0,-127.34641396999359,445,2
00-0032128,Chris Conley,SF,2025,WR,,0.5515129566192627,8.824207305908203,6.96697473526001,5.340719938278198,0.3337949961423874,12.13878059387207,31.326976776123047,197,False,133.30779266357422,36.0,-127.96707272529602,446,2
00-0034487,Trent Sherfield,MIN,2025,WR,,0.46526458859443665,7.444233417510986,6.980521202087402,3.953972816467285,0.24712330102920532,3.122706413269043,21.138710021972656,198,False,133.30779266357422,36.0,-129.35381984710693,447,2
00-0026158,Joe Flacco,IND,2025,QB,10.539621,13.218040466308594,139.31314086914062,0.30772146582603455,139.1592801362276,8.697455008514225,118.25912475585938,151.81976318359375,28,False,271.01972246170044,12.0,-131.86044232547283,448,1
00-0031763,DeAndre Carter,CHI,2025,WR,,0.2109779715538025,3.37564754486084,4.256299018859863,1.2474980354309082,0.07796862721443176,5.541275501251221,33.259681701660156,200,False,133.30779266357422,36.0,-132.0602946281433,449,2
00-0031503,Jameis Winston,CLE,2025,QB,14.454364,9.181768417358398,132.71661376953125,0.24846075475215912,132.59238339215517,8.287023962009698,95.70512390136719,171.0153350830078,29,False,271.01972246170044,12.0,-138.42733906954527,450,1
00-0029263,Russell Wilson,PIT,2025,QB,10.545912,12.574302673339844,132.60748291015625,0.40978002548217773,132.40259289741516,8.275162056088448,126.13619995117188,158.9086151123047,30,False,271.01972246170044,12.0,-138.61712956428528,451,1
00-0035710,Daniel Jones,NYG,2025,QB,8.945752,14.075973510742188,125.92017364501953,0.0,125.92017364501953,7.870010852813721,103.66345977783203,142.42599487304688,31,False,271.01972246170044,12.0,-145.0995488166809,452,1
00-0027973,Andy Dalton,CAR,2025,QB,8.7841215,13.610288619995117,119.55442810058594,0.03245176747441292,119.53820221684873,7.471137638553046,64.45907592773438,129.91595458984375,33,False,271.01972246170044,12.0,-151.4815202448517,453,1
00-0036945,Justin Fields,PIT,2025,QB,9.31082,12.846502304077148,119.61146545410156,0.23784103989601135,119.49254493415356,7.468284058384597,102.08612823486328,142.66908264160156,32,False,271.01972246170044,12.0,-151.52717752754688,454,1
00-0033319,Nick Mullens,MIN,2025,QB,12.322322,9.019876480102539,111.14582061767578,0.2777853012084961,111.00692796707153,6.937932997941971,60.46709442138672,151.75625610351562,34,False,271.01972246170044,12.0,-160.0127944946289,455,1
00-0036971,Trevor Lawrence,JAX,2025,QB,9.800046,11.083817481994629,108.62191772460938,0.28440165519714355,108.4797168970108,6.779982306063175,106.71275329589844,143.77508544921875,35,False,271.01972246170044,12.0,-162.54000556468964,456,1
00-0039152,Will Levis,TEN,2025,QB,12.24061,8.572726249694824,104.9354019165039,0.05255088955163956,104.90912647172809,6.556820404483005,87.79976654052734,163.79415893554688,36,False,271.01972246170044,12.0,-166.11059598997235,457,1
00-0033662,Cooper Rush,DAL,2025,QB,11.398955,8.91799259185791,101.65579986572266,0.17246277630329132,101.56956847757101,6.348098029848188,76.98287200927734,135.49520874023438,37,False,271.01972246170044,12.0,-169.45015398412943,458,1
00-0038102,Kenny Pickett,PHI,2025,QB,9.114665,10.271800994873047,93.6240234375,0.40619078278541565,93.42092804610729,5.838808002881706,59.54762268066406,97.4304428100586,38,False,271.01972246170044,12.0,-177.59879441559315,459,1
00-0038122,Desmond Ridder,LV,2025,QB,9.200513,9.965662002563477,91.68920135498047,0.045996181666851044,91.66620326414704,5.72913770400919,72.18096923828125,104.51866149902344,39,False,271.01972246170044,12.0,-179.3535191975534,460,1
00-0038579,Aidan O'Connell,LV,2025,QB,8.611723,10.49190902709961,90.3534164428711,0.009206874296069145,90.34881300572306,5.646800812857691,66.23222351074219,111.56602478027344,40,False,271.01972246170044,12.0,-180.67090945597738,461,1
00-0032268,Marcus Mariota,WAS,2025,QB,8.833686,8.521500587463379,75.27626037597656,0.16272984445095062,75.19489545375109,4.699680965859443,51.815956115722656,110.10928344726562,41,False,271.01972246170044,12.0,-195.82482700794935,462,1
00-0033869,Mitchell Trubisky,BUF,2025,QB,8.194193,9.07561206817627,74.36731719970703,0.0,74.36731719970703,4.6479573249816895,44.69566345214844,83.79959106445312,42,False,271.01972246170044,12.0,-196.6524052619934,463,1
00-0035289,Gardner Minshew,LV,2025,QB,9.655339,7.420031547546387,71.6429214477539,0.04826163128018379,71.61879063211381,4.476174414507113,60.763118743896484,122.45421600341797,43,False,271.01972246170044,12.0,-199.40093182958663,464,1
00-0035704,Drew Lock,NYG,2025,QB,8.293593,8.368531227111816,69.40519714355469,0.1407015472650528,69.33484636992216,4.333427898120135,58.06622314453125,95.20027160644531,44,False,271.01972246170044,12.0,-201.68487609177828,465,1
00-0036972,Mac Jones,JAX,2025,QB,9.379522,7.313811302185059,68.60005950927734,0.005198290105909109,68.59746036422439,4.287341272764024,58.59028244018555,99.33557891845703,45,False,271.01972246170044,12.0,-202.42226209747605,466,1
00-0039376,Spencer Rattler,NO,2025,QB,7.5142884,8.958197593688965,67.31448364257812,0.05935908108949661,67.28480410203338,4.205300256377086,48.460784912109375,86.76860809326172,46,False,271.01972246170044,12.0,-203.73491835966706,467,1
00-0033537,Deshaun Watson,CLE,2025,QB,6.6761737,9.464916229248047,63.18942642211914,0.0,63.18942642211914,3.9493391513824463,49.42116928100586,81.74868774414062,47,False,271.01972246170044,12.0,-207.8302960395813,468,1
00-0036898,Davis Mills,HOU,2025,QB,6.8954096,8.15573501586914,56.23713302612305,0.09702323377132416,56.188621409237385,3.5117888380773365,41.95799255371094,69.24394989013672,48,False,271.01972246170044,12.0,-214.83110105246305,469,1
00-0033119,Jacoby Brissett,NE,2025,QB,7.7846866,6.778253078460693,52.76657485961914,0.07001687586307526,52.7315664216876,3.295722901355475,30.624330520629883,78.11632537841797,49,False,271.01972246170044,12.0,-218.28815604001284,470,1
00-0039917,Michael Penix Jr.,ATL,2025,QB,6.345064,7.37291955947876,46.781646728515625,0.02158459462225437,46.7708544312045,2.923178401950281,36.1568603515625,61.436012268066406,50,False,271.01972246170044,12.0,-224.24886803049594,471,1
00-0038416,Tyson Bagent,CHI,2025,QB,6.0465097,6.997132301330566,42.3082275390625,0.5522826910018921,42.032086193561554,2.627005387097597,27.100008010864258,59.591060638427734,51,False,271.01972246170044,12.0,-228.98763626813889,472,1
00-0037012,Trey Lance,DAL,2025,QB,5.988042,6.6830058097839355,40.01811981201172,0.024661896750330925,40.00578886363655,2.5003618039772846,24.17180061340332,47.206546783447266,52,False,271.01972246170044,12.0,-231.0139335980639,473,1
00-0038582,Clayton Tune,ARI,2025,QB,7.248305,5.3846259117126465,39.02941131591797,0.7448372840881348,38.6569926738739,2.416062042117119,19.934099197387695,52.42783737182617,53,False,271.01972246170044,12.0,-232.36272978782654,474,1
00-0038583,Dorian Thompson-Robinson,CLE,2025,QB,4.6181946,8.281344413757324,38.2448616027832,0.17459338903427124,38.15756490826607,2.384847806766629,28.31712532043457,45.60081481933594,54,False,271.01972246170044,12.0,-232.86215755343437,475,1
00-0034771,Mason Rudolph,TEN,2025,QB,5.878434,5.583859443664551,32.82434844970703,0.061009060591459274,32.7938439194113,2.0496152449632064,24.96100616455078,59.59660720825195,55,False,271.01972246170044,12.0,-238.22587854228914,476,1
00-0031800,Taylor Heinicke,LAC,2025,QB,6.4969535,3.9632625579833984,25.74913215637207,0.38520631194114685,25.556529000401497,1.5972830625250936,21.369117736816406,45.89545440673828,56,False,271.01972246170044,12.0,-245.46319346129894,477,1
00-0035993,Tyler Huntley,MIA,2025,QB,4.4569535,4.210475921630859,18.76589584350586,0.3902013897895813,18.57079514861107,1.1606746967881918,21.328697204589844,41.84431457519531,57,False,271.01972246170044,12.0,-252.44892731308937,478,1
00-0038998,Jake Haener,NO,2025,QB,4.8860984,3.7435302734375,18.291257858276367,0.01826087199151516,18.28212742228061,1.142632963892538,13.477950096130371,31.42620277404785,58,False,271.01972246170044,12.0,-252.73759503941983,479,1
00-0026300,Josh Johnson,BAL,2025,QB,4.8407974,3.4707493782043457,16.80119514465332,0.1996532529592514,16.701368518173695,1.043835532385856,5.317368984222412,34.84415054321289,59,False,271.01972246170044,12.0,-254.31835394352674,480,1
